  can0  0B0   [6]  00 00 00 00 11 01
  can0  0B2   [6]  00 00 00 00 11 01
  can0  224   [8]  00 00 00 00 00 00 00 00
  can0  260   [8]  08 FF F3 00 00 00 00 64
  can0  0B4   [8]  00 00 00 00 00 00 00 BC
  can0  0BA   [4]  05 FF 00 C2
  can0  232   [4]  03 03 08 46
  can0  3A0   [8]  00 00 00 00 00 00 00 00
  can0  2C4   [8]  06 C4 00 1A 40 80 40 B2
  can0  262   [5]  20 00 00 00 89
  can0  2D0   [8]  0D 39 09 00 B0 9C 00 75
  can0  0B0   [6]  00 00 00 00 11 02
  can0  0B2   [6]  00 00 00 00 11 02
  can0  4C8   [8]  09 00 01 06 00 00 00 00
  can0  0B4   [8]  00 00 00 00 00 00 00 BC
  can0  223   [8]  00 00 00 00 00 00 00 2D
  can0  2C6   [8]  00 00 00 00 00 00 00 D0
  can0  2D5   [2]  00 00
  can0  260   [8]  08 FF F3 00 00 00 00 64
  can0  0B0   [6]  00 00 00 00 11 03
  can0  0B2   [6]  00 00 00 00 11 03
  can0  224   [8]  00 00 00 00 00 00 00 00
  can0  262   [5]  20 00 00 00 89
  can0  0B4   [8]  00 00 00 00 00 00 00 BC
  can0  0BA   [4]  06 00 00 C4
  can0  232   [4]  03 03 08 46
  can0  2C1   [8]  08 03 21 03 24 D9 00 F7
  can0  7DF   [8]  02 01 0E 00 00 00 00 00
  can0  2C4   [8]  06 C5 00 1A 40 80 40 B3
  can0  7E8   [8]  03 41 0E 92 00 00 00 00
  can0  0B0   [6]  00 00 00 00 11 04
  can0  0B2   [6]  00 00 00 00 11 04
  can0  4DC   [8]  1D 00 01 07 00 00 00 00
  can0  260   [8]  08 FF F3 00 00 00 00 64
  can0  2D0   [8]  0D 42 09 00 B0 9C 00 7E
  can0  2D5   [2]  00 00
  can0  0B4   [8]  00 00 00 00 00 00 00 BC
  can0  223   [8]  00 00 00 00 00 00 00 2D
  can0  2C5   [4]  00 06 0F E0
  can0  0B0   [6]  00 00 00 00 11 05
  can0  0B2   [6]  00 00 00 00 11 05
  can0  224   [8]  00 00 00 00 00 00 00 00
  can0  2C6   [8]  00 00 00 00 00 00 00 D0
  can0  262   [5]  20 00 00 00 89
  can0  0B4   [8]  00 00 00 00 00 00 00 BC
  can0  0BA   [4]  05 FE 00 C1
  can0  232   [4]  03 03 08 46
  can0  440   [8]  42 02 00 00 00 00 00 00
  can0  2C4   [8]  06 BF 00 1A 40 80 40 AD
  can0  260   [8]  08 FF F3 00 00 00 00 64
  can0  0B0   [6]  00 00 00 00 11 06
  can0  0B2   [6]  00 00 00 00 11 06
  can0  2C1   [8]  08 03 15 03 15 D8 00 DB
  can0  2D5   [2]  00 00
  can0  0B4   [8]  00 00 00 00 00 00 00 BC
  can0  223   [8]  00 00 00 00 00 00 00 2D
  can0  262   [5]  20 00 00 00 89
  can0  0B0   [6]  00 00 00 00 11 07
  can0  0B2   [6]  00 00 00 00 11 07
  can0  224   [8]  00 00 00 00 00 00 00 00
  can0  2D0   [8]  0D 48 09 00 B0 9C 00 84
  can0  0B4   [8]  00 00 00 00 00 00 00 BC
  can0  0BA   [4]  05 FF 00 C2
  can0  232   [4]  03 03 08 46
  can0  3B0   [5]  00 00 00 48 00
  can0  260   [8]  08 FF F3 00 00 00 00 64
  can0  2C4   [8]  06 BC 00 1A 40 80 40 AA
  can0  2C6   [8]  00 00 00 00 00 00 00 D0
  can0  0B0   [6]  00 00 00 00 11 08
  can0  0B2   [6]  00 00 00 00 11 08
  can0  2D5   [2]  00 00
  can0  262   [5]  20 00 00 00 89
  can0  0B4   [8]  00 00 00 00 00 00 00 BC
  can0  223   [8]  00 00 00 00 00 00 00 2D
  can0  2C1   [8]  08 03 2D 03 1F D9 00 FE
  can0  2C5   [4]  00 06 0D DE
  can0  0B0   [6]  00 00 00 00 11 09
  can0  0B2   [6]  00 00 00 00 11 09
  can0  224   [8]  00 00 00 00 00 00 00 00
  can0  260   [8]  08 FF F4 00 00 00 00 65
  can0  0B4   [8]  00 00 00 00 00 00 00 BC
  can0  0BA   [4]  06 01 00 C5
  can0  232   [4]  03 03 08 46
  can0  2C4   [8]  06 C1 00 1A 40 80 40 AF
  can0  2D0   [8]  0D 46 09 00 B0 9C 00 82
  can0  620   [8]  10 00 00 00 30 40 00 50
  can0  3A0   [8]  00 00 00 00 00 00 00 00
  can0  0B0   [6]  00 00 00 00 11 0A
  can0  0B2   [6]  00 00 00 00 11 0A
  can0  262   [5]  20 00 00 00 89
  can0  2D5   [2]  00 00
  can0  2C6   [8]  00 00 00 00 00 00 00 D0
  can0  0B4   [8]  00 00 00 00 00 00 00 BC
  can0  223   [8]  00 00 00 00 00 00 00 2D
  can0  260   [8]  08 FF F4 00 00 00 00 65
  can0  0B0   [6]  00 00 00 00 11 0B
  can0  0B2   [6]  00 00 00 00 11 0B
  can0  224   [8]  00 00 00 00 00 00 00 00
  can0  2C1   [8]  08 03 17 03 17 D8 00 DF
  can0  0B4   [8]  00 00 00 00 00 00 00 BC
  can0  0BA   [4]  06 01 00 C5
  can0  232   [4]  03 03 08 46
  can0  2C4   [8]  06 BD 00 1A 40 80 40 AB
  can0  262   [5]  20 00 00 00 89
  can0  0B0   [6]  00 00 00 00 11 0C
  can0  0B2   [6]  00 00 00 00 11 0C
  can0  7DF   [8]  02 01 06 00 00 00 00 00
  can0  2D5   [2]  00 00
  can0  2D0   [8]  0D 46 09 00 B0 9C 00 82
  can0  7E8   [8]  03 41 06 76 00 00 00 00
  can0  380   [8]  00 20 00 00 00 00 27 00
  can0  0B4   [8]  00 00 00 00 00 00 00 BC
  can0  223   [8]  00 00 00 00 00 00 00 2D
  can0  260   [8]  08 FF F4 00 00 00 00 65
  can0  2C5   [4]  00 06 09 DA
  can0  0B0   [6]  00 00 00 00 11 0D
  can0  0B2   [6]  00 00 00 00 11 0D
  can0  224   [8]  00 00 00 00 00 00 00 00
  can0  2C6   [8]  00 00 00 00 00 00 00 D0
  can0  442   [8]  40 02 00 00 02 00 00 00
  can0  262   [5]  20 00 00 00 89
  can0  0B4   [8]  00 00 00 00 00 00 00 BC
  can0  0BA   [4]  06 02 00 C6
  can0  232   [4]  03 03 08 46
  can0  2C4   [8]  06 A6 00 1A 40 80 40 94
  can0  0B0   [6]  00 00 00 00 11 0E
  can0  0B2   [6]  00 00 00 00 11 0E
  can0  2C1   [8]  08 03 7A 03 0F DB 00 3D
  can0  2D5   [2]  00 00
  can0  260   [8]  08 FF F4 00 00 00 00 65
  can0  0B4   [8]  00 00 00 00 00 00 00 BC
  can0  223   [8]  00 00 00 00 00 00 00 2D
  can0  3A1   [8]  00 00 00 00 00 00 00 00
  can0  2D0   [8]  0D 37 09 00 B0 9C 00 73
  can0  0B0   [6]  00 00 00 00 11 0F
  can0  0B2   [6]  00 00 00 00 11 0F
  can0  224   [8]  00 00 00 00 00 00 00 00
  can0  262   [5]  20 00 00 00 89
  can0  2C4   [8]  06 AF 00 1A 40 80 40 9D
  can0  0B4   [8]  00 00 00 00 00 00 00 BC
  can0  0BA   [4]  06 01 00 C5
  can0  232   [4]  03 03 08 46
  can0  2C6   [8]  00 00 00 00 00 00 00 D0
  can0  260   [8]  08 FF F3 00 00 00 00 64
  can0  0B0   [6]  00 00 00 00 11 00
  can0  0B2   [6]  00 00 00 00 11 00
  can0  2D5   [2]  00 00
  can0  0B4   [8]  00 00 00 00 00 00 00 BC
  can0  223   [8]  00 00 00 00 00 00 00 2D
  can0  2C1   [8]  08 03 72 03 08 DB 00 2E
  can0  262   [5]  20 00 00 00 89
  can0  2C5   [4]  00 06 06 D7
  can0  0B0   [6]  00 00 00 00 11 01
  can0  0B2   [6]  00 00 00 00 11 01
  can0  224   [8]  00 00 00 00 00 00 00 00
  can0  2C4   [8]  06 B8 00 1A 40 80 40 A6
  can0  0B4   [8]  00 00 00 00 00 00 00 BC
  can0  0BA   [4]  06 01 00 C5
  can0  232   [4]  03 03 08 46
  can0  260   [8]  08 FF F3 00 00 00 00 64
  can0  2D0   [8]  0D 2C 09 00 B0 9C 00 68
  can0  3B3   [3]  06 B9 28
  can0  0B0   [6]  00 00 00 00 11 02
  can0  0B2   [6]  00 00 00 00 11 02
  can0  2D5   [2]  00 00
  can0  3A0   [8]  00 00 00 00 00 00 00 00
  can0  2C6   [8]  00 00 00 00 00 00 00 D0
  can0  610   [8]  20 00 00 64 00 00 00 00
  can0  262   [5]  20 00 00 00 89
  can0  0B4   [8]  00 00 00 00 00 00 00 BC
  can0  223   [8]  00 00 00 00 00 00 00 2D
  can0  0B0   [6]  00 00 00 00 11 03
  can0  0B2   [6]  00 00 00 00 11 03
  can0  224   [8]  00 00 00 00 00 00 00 00
  can0  260   [8]  08 FF F3 00 00 00 00 64
  can0  2C1   [8]  08 03 10 03 0F D8 00 D0
  can0  611   [8]  21 00 00 10 00 03 C1 4F
  can0  2C4   [8]  06 B4 00 1A 40 80 40 A2
  can0  0B4   [8]  00 00 00 00 00 00 00 BC
  can0  0BA   [4]  06 00 00 C4
  can0  232   [4]  03 03 08 46
  can0  0B0   [6]  00 00 00 00 11 04
  can0  0B2   [6]  00 00 00 00 11 04
  can0  262   [5]  20 00 00 00 89
  can0  2D5   [2]  00 00
  can0  2D0   [8]  0D 2D 09 00 B0 9C 00 69
  can0  0B4   [8]  00 00 00 00 00 00 00 BC
  can0  223   [8]  00 00 00 00 00 00 00 2D
  can0  7DF   [8]  02 01 07 00 00 00 00 00
  can0  2C5   [4]  00 06 05 D6
  can0  7E8   [8]  03 41 07 88 00 00 00 00
  can0  260   [8]  08 FF F3 00 00 00 00 64
  can0  2C6   [8]  00 00 00 00 00 00 00 D0
  can0  0B0   [6]  00 00 00 00 11 05
  can0  0B2   [6]  00 00 00 00 11 05
  can0  224   [8]  00 00 00 00 00 00 00 00
  can0  394   [1]  00
  can0  2C4   [8]  06 AA 00 1A 40 80 40 98
  can0  440   [8]  42 02 00 00 00 00 00 00
  can0  0B4   [8]  00 00 00 00 00 00 00 BC
  can0  0BA   [4]  05 FF 00 C2
  can0  232   [4]  03 03 08 46
  can0  262   [5]  20 00 00 00 89
  can0  2C1   [8]  08 03 09 03 09 D8 00 C3
  can0  0B0   [6]  00 00 00 00 11 06
  can0  0B2   [6]  00 00 00 00 11 06
  can0  2D5   [2]  00 00
  can0  0B4   [8]  00 00 00 00 00 00 00 BC
  can0  223   [8]  00 00 00 00 00 00 00 2D
  can0  260   [8]  08 FF F3 00 00 00 00 64
  can0  2D0   [8]  0D 27 09 00 B0 9C 00 63
  can0  0B0   [6]  00 00 00 00 11 07
  can0  0B2   [6]  00 00 00 00 11 07
  can0  224   [8]  00 00 00 00 00 00 00 00
  can0  398   [2]  02 03
  can0  4DD   [8]  1E 00 00 05 00 00 00 00
  can0  2C4   [8]  06 A7 00 1A 40 80 40 95
  can0  262   [5]  20 00 00 00 89
  can0  621   [8]  11 00 00 00 00 00 00 00
  can0  0B4   [8]  00 00 00 00 00 00 00 BC
  can0  0BA   [4]  05 FF 00 C2
  can0  232   [4]  03 03 08 46
  can0  2C6   [8]  00 00 00 00 00 00 00 D0
  can0  3B7   [8]  00 00 00 00 00 00 00 00
  can0  2D5   [2]  00 00
  can0  0B0   [6]  00 00 00 00 11 08
  can0  0B2   [6]  00 00 00 00 11 08
  can0  260   [8]  08 FF F3 00 00 00 00 64
  can0  0B4   [8]  00 00 00 00 00 00 00 BC
  can0  223   [8]  00 00 00 00 00 00 00 2D
  can0  2C1   [8]  08 03 4C 03 15 DA 00 14
  can0  622   [8]  12 00 00 00 00 00 00 00
  can0  2C5   [4]  00 06 03 D4
  can0  262   [5]  20 00 00 00 89
  can0  0B0   [6]  00 00 00 00 11 09
  can0  0B2   [6]  00 00 00 00 11 09
  can0  224   [8]  00 00 00 00 00 00 00 00
  can0  2C4   [8]  06 A4 00 1A 40 80 40 92
  can0  624   [8]  1A 00 00 49 49 00 00 00
  can0  2D0   [8]  0D 1A 09 00 B0 9C 00 56
  can0  0B4   [8]  00 00 00 00 00 00 00 BC
  can0  0BA   [4]  06 00 00 C4
  can0  232   [4]  03 03 08 46
  can0  260   [8]  08 FF F3 00 00 00 00 64
  can0  2D5   [2]  00 00
  can0  0B0   [6]  00 00 00 00 11 0A
  can0  0B2   [6]  00 00 00 00 11 0A
  can0  2C6   [8]  00 00 00 00 00 00 00 D0
  can0  630   [8]  17 00 00 00 00 00 00 00
  can0  0B4   [8]  00 00 00 00 00 00 00 BC
  can0  223   [8]  00 00 00 00 00 00 00 2D
  can0  3A0   [8]  00 00 00 00 00 00 00 00
  can0  262   [5]  20 00 00 00 89
  can0  0B0   [6]  00 00 00 00 11 0B
  can0  0B2   [6]  00 00 00 00 11 0B
  can0  224   [8]  00 00 00 00 00 00 00 00
  can0  638   [8]  13 00 10 00 00 00 00 00
  can0  2C1   [8]  08 03 1E 03 17 D8 00 E6
  can0  2C4   [8]  06 A3 00 1A 40 80 40 91
  can0  260   [8]  08 FF F3 00 00 00 00 64
  can0  0B4   [8]  00 00 00 00 00 00 00 BC
  can0  0BA   [4]  05 FE 00 C1
  can0  232   [4]  03 03 08 46
  can0  2D5   [2]  00 00
  can0  0B0   [6]  00 00 00 00 11 0C
  can0  0B2   [6]  00 00 00 00 11 0C
  can0  2D0   [8]  0D 10 09 00 B0 9C 00 4C
  can0  262   [5]  20 00 00 00 89
  can0  0B4   [8]  00 00 00 00 00 00 00 BC
  can0  223   [8]  00 00 00 00 00 00 00 2D
  can0  2C5   [4]  00 05 FF CF
  can0  2C6   [8]  00 00 00 00 00 00 00 D0
  can0  442   [8]  40 02 00 00 02 00 00 00
  can0  0B0   [6]  00 00 00 00 11 0D
  can0  0B2   [6]  00 00 00 00 11 0D
  can0  224   [8]  00 00 00 00 00 00 00 00
  can0  260   [8]  08 FF F3 00 00 00 00 64
  can0  2C4   [8]  06 A3 00 1A 40 80 40 91
  can0  7DF   [8]  02 01 15 00 00 00 00 00
  can0  7E8   [8]  04 41 15 00 FF 00 00 00
  can0  0B4   [8]  00 00 00 00 00 00 00 BC
  can0  0BA   [4]  05 FF 00 C2
  can0  232   [4]  03 03 08 46
  can0  2C1   [8]  08 03 19 03 11 D8 00 DB
  can0  2D5   [2]  00 00
  can0  640   [8]  A8 00 00 00 01 8A 00 00
  can0  262   [5]  20 00 00 00 89
  can0  0B0   [6]  00 00 00 00 11 0E
  can0  0B2   [6]  00 00 00 00 11 0E
  can0  38A   [5]  08 04 00 00 00
  can0  0B4   [8]  00 00 00 00 00 00 00 BC
  can0  223   [8]  00 00 00 00 00 00 00 2D
  can0  2D0   [8]  0D 0A 09 00 B0 9C 00 46
  can0  260   [8]  08 FF F3 00 00 00 00 64
  can0  0B0   [6]  00 00 00 00 11 0F
  can0  0B2   [6]  00 00 00 00 11 0F
  can0  224   [8]  00 00 00 00 00 00 00 00
  can0  2C4   [8]  06 A9 00 1A 40 80 40 97
  can0  2C6   [8]  00 00 00 00 00 00 00 D0
  can0  0B4   [8]  00 00 00 00 00 00 00 BC
  can0  0BA   [4]  06 00 00 C4
  can0  232   [4]  03 03 08 46
  can0  262   [5]  20 00 00 00 89
  can0  2D5   [2]  00 00
  can0  0B0   [6]  00 00 00 00 11 00
  can0  0B2   [6]  00 00 00 00 11 00
  can0  260   [8]  08 FF F3 00 00 00 00 64
  can0  2C1   [8]  08 03 07 03 12 D8 00 CA
  can0  0B4   [8]  00 00 00 00 00 00 00 BC
  can0  223   [8]  00 00 00 00 00 00 00 2D
  can0  2C5   [4]  00 05 FC CC
  can0  0B0   [6]  00 00 00 00 11 01
  can0  0B2   [6]  00 00 00 00 11 01
  can0  224   [8]  00 00 00 00 00 00 00 00
  can0  2C4   [8]  06 AA 00 1A 40 80 40 98
  can0  262   [5]  20 00 00 00 89
  can0  2D0   [8]  0D 0C 09 00 B0 9C 00 48
  can0  0B4   [8]  00 00 00 00 00 00 00 BC
  can0  0BA   [4]  06 00 00 C4
  can0  232   [4]  03 03 08 46
  can0  2D5   [2]  00 00
  can0  0B0   [6]  00 00 00 00 11 02
  can0  0B2   [6]  00 00 00 00 11 02
  can0  2C6   [8]  00 00 00 00 00 00 00 D0
  can0  260   [8]  08 FF F4 00 00 00 00 65
  can0  0B4   [8]  00 00 00 00 00 00 00 BC
  can0  223   [8]  00 00 00 00 00 00 00 2D
  can0  620   [8]  10 00 00 00 30 40 00 50
  can0  3A0   [8]  00 00 00 00 00 00 00 00
  can0  262   [5]  20 00 00 00 89
  can0  2C4   [8]  06 A1 00 1A 40 80 40 8F
  can0  0B0   [6]  00 00 00 00 11 03
  can0  0B2   [6]  00 00 00 00 11 03
  can0  224   [8]  00 00 00 00 00 00 00 00
  can0  2C1   [8]  08 03 0F 03 1B D8 00 DB
  can0  0B4   [8]  00 00 00 00 00 00 00 BC
  can0  0BA   [4]  06 00 00 C4
  can0  232   [4]  03 03 08 46
  can0  2D5   [2]  00 00
  can0  260   [8]  08 FF F3 00 00 00 00 64
  can0  0B0   [6]  00 00 00 00 11 04
  can0  0B2   [6]  00 00 00 00 11 04
  can0  2D0   [8]  0D 0A 09 00 B0 9C 00 46
  can0  0B4   [8]  00 00 00 00 00 00 00 BC
  can0  223   [8]  00 00 00 00 00 00 00 2D
  can0  262   [5]  20 00 00 00 89
  can0  2C5   [4]  00 05 FA CA
  can0  2C6   [8]  00 00 00 00 00 00 00 D0
  can0  2C4   [8]  06 A5 00 1A 40 80 40 93
  can0  0B0   [6]  00 00 00 00 11 05
  can0  0B2   [6]  00 00 00 00 11 05
  can0  224   [8]  00 00 00 00 00 00 00 00
  can0  440   [8]  42 02 00 00 00 00 00 00
  can0  260   [8]  08 FF F4 00 00 00 00 65
  can0  0B4   [8]  00 00 00 00 00 00 00 BC
  can0  0BA   [4]  06 01 00 C5
  can0  232   [4]  03 03 08 46
  can0  4C3   [8]  04 00 12 07 00 00 00 00
  can0  2D5   [2]  00 00
  can0  7DF   [8]  02 01 1F 00 00 00 00 00
  can0  2C1   [8]  08 03 2F 03 12 D9 00 F3
  can0  7E8   [8]  04 41 1F 00 1A 00 00 00
  can0  0B0   [6]  00 00 00 00 11 06
  can0  0B2   [6]  00 00 00 00 11 06
  can0  262   [5]  20 00 00 00 89
  can0  0B4   [8]  00 00 00 00 00 00 00 BC
  can0  223   [8]  00 00 00 00 00 00 00 2D
  can0  2D0   [8]  0D 08 09 00 B0 9C 00 44
  can0  2C4   [8]  06 A7 00 1A 40 80 40 95
  can0  0B0   [6]  00 00 00 00 11 07
  can0  0B2   [6]  00 00 00 00 11 07
  can0  224   [8]  00 00 00 00 00 00 00 00
  can0  260   [8]  08 FF F4 00 00 00 00 65
  can0  2C6   [8]  00 00 00 00 00 00 00 D0
  can0  0B4   [8]  00 00 00 00 00 00 00 BC
  can0  0BA   [4]  06 02 00 C6
  can0  232   [4]  03 03 08 46
  can0  2D5   [2]  00 00
  can0  262   [5]  20 00 00 00 89
  can0  0B0   [6]  00 00 00 00 11 08
  can0  0B2   [6]  00 00 00 00 11 08
  can0  2C1   [8]  08 03 01 03 0A D8 00 BC
  can0  0B4   [8]  00 00 00 00 00 00 00 BC
  can0  223   [8]  00 00 00 00 00 00 00 2D
  can0  2C5   [4]  00 05 F7 C7
  can0  260   [8]  08 FF F4 00 00 00 00 65
  can0  2C4   [8]  06 AA 00 1A 40 80 40 98
  can0  0B0   [6]  00 00 00 00 11 09
  can0  0B2   [6]  00 00 00 00 11 09
  can0  224   [8]  00 00 00 00 00 00 00 00
  can0  2D0   [8]  0D 0A 09 00 B0 9C 00 46
  can0  0B4   [8]  00 00 00 00 00 00 00 BC
  can0  0BA   [4]  06 01 00 C5
  can0  232   [4]  03 03 08 46
  can0  262   [5]  20 00 00 00 89
  can0  2D5   [2]  00 00
  can0  2C6   [8]  00 00 00 00 00 00 00 D0
  can0  0B0   [6]  00 00 00 00 11 0A
  can0  0B2   [6]  00 00 00 00 11 0A
  can0  260   [8]  08 FF F4 00 00 00 00 65
  can0  0B4   [8]  00 00 00 00 00 00 00 BC
  can0  223   [8]  00 00 00 00 00 00 00 2D
  can0  2C4   [8]  06 A1 00 1A 40 80 40 8F
  can0  2C1   [8]  08 03 08 03 05 D8 00 BE
  can0  0B0   [6]  00 00 00 00 11 0B
  can0  0B2   [6]  00 00 00 00 11 0B
  can0  224   [8]  00 00 00 00 00 00 00 00
  can0  3A0   [8]  00 00 00 00 00 00 00 00
  can0  262   [5]  20 00 00 00 89
  can0  2D5   [2]  00 00
  can0  0B4   [8]  00 00 00 00 00 00 00 BC
  can0  0BA   [4]  06 01 00 C5
  can0  232   [4]  03 03 08 46
  can0  2D0   [8]  0D 06 09 00 B0 9C 00 42
  can0  0B0   [6]  00 00 00 00 11 0C
  can0  0B2   [6]  00 00 00 00 11 0C
  can0  260   [8]  08 FF F4 00 00 00 00 65
  can0  0B4   [8]  00 00 00 00 00 00 00 BC
  can0  223   [8]  00 00 00 00 00 00 00 2D
  can0  2C6   [8]  00 00 00 00 00 00 00 D0
  can0  2C5   [4]  00 05 F5 C5
  can0  2C4   [8]  06 99 00 1A 40 80 40 87
  can0  442   [8]  40 02 00 00 02 00 00 00
  can0  262   [5]  20 00 00 00 89
  can0  0B0   [6]  00 00 00 00 11 0D
  can0  0B2   [6]  00 00 00 00 11 0D
  can0  224   [8]  00 00 00 00 00 00 00 00
  can0  2D5   [2]  00 00
  can0  0B4   [8]  00 00 00 00 00 00 00 BC
  can0  0BA   [4]  06 00 00 C4
  can0  232   [4]  03 03 08 46
  can0  2C1   [8]  08 03 3E 03 06 D9 00 F6
  can0  260   [8]  08 FF F3 00 00 00 00 64
  can0  0B0   [6]  00 00 00 00 11 0E
  can0  0B2   [6]  00 00 00 00 11 0E
  can0  394   [1]  00
  can0  7DF   [8]  02 01 2F 00 00 00 00 00
  can0  3B4   [8]  00 00 3D 4C 80 00 00 00
  can0  0B4   [8]  00 00 00 00 00 00 00 BC
  can0  223   [8]  00 00 00 00 00 00 00 2D
  can0  262   [5]  20 00 00 00 89
  can0  2D0   [8]  0D 02 09 00 B0 9C 00 3E
  can0  2C4   [8]  06 98 00 1A 40 80 40 86
  can0  0B0   [6]  00 00 00 00 11 0F
  can0  0B2   [6]  00 00 00 00 11 0F
  can0  224   [8]  00 00 00 00 00 00 00 00
  can0  2C6   [8]  00 00 00 00 00 00 00 D0
  can0  260   [8]  08 FF F3 00 00 00 00 64
  can0  2D5   [2]  00 00
  can0  0B4   [8]  00 00 00 00 00 00 00 BC
  can0  0BA   [4]  06 00 00 C4
  can0  232   [4]  03 03 08 46
  can0  0B0   [6]  00 00 00 00 11 00
  can0  0B2   [6]  00 00 00 00 11 00
  can0  262   [5]  20 00 00 00 89
  can0  2C1   [8]  08 03 1E 03 05 D8 00 D4
  can0  4C1   [8]  01 00 09 08 00 00 00 00
  can0  3B1   [8]  00 00 02 2A A0 00 00 00
  can0  0B4   [8]  00 00 00 00 00 00 00 BC
  can0  223   [8]  00 00 00 00 00 00 00 2D
  can0  3B7   [8]  00 00 00 00 00 00 00 00
  can0  2C4   [8]  06 97 00 1A 40 80 40 85
  can0  2C5   [4]  00 05 F2 C2
  can0  260   [8]  08 FF F3 00 00 00 00 64
  can0  0B0   [6]  00 00 00 00 11 01
  can0  0B2   [6]  00 00 00 00 11 01
  can0  224   [8]  00 00 00 00 00 00 00 00
  can0  2D0   [8]  0C F7 09 00 B0 9C 00 32
  can0  2D5   [2]  00 00
  can0  0B4   [8]  00 00 00 00 00 00 00 BC
  can0  0BA   [4]  06 00 00 C4
  can0  232   [4]  03 03 08 46
  can0  262   [5]  20 00 00 00 89
  can0  2C6   [8]  00 00 00 00 00 00 00 D0
  can0  0B0   [6]  00 00 00 00 11 02
  can0  0B2   [6]  00 00 00 00 11 02
  can0  0B4   [8]  00 00 00 00 00 00 00 BC
  can0  223   [8]  00 00 00 00 00 00 00 2D
  can0  2C4   [8]  06 91 00 1A 40 80 40 7F
  can0  260   [8]  08 FF F3 00 00 00 00 64
  can0  2C1   [8]  08 03 19 03 07 D8 00 D1
  can0  0B0   [6]  00 00 00 00 11 03
  can0  0B2   [6]  00 00 00 00 11 03
  can0  224   [8]  00 00 00 00 00 00 00 00
  can0  2D5   [2]  00 00
  can0  3A0   [8]  00 00 00 00 00 00 00 00
  can0  262   [5]  20 00 00 00 89
  can0  0B4   [8]  00 00 00 00 00 00 00 BC
  can0  0BA   [4]  05 FF 00 C2
  can0  232   [4]  03 03 08 46
  can0  2D0   [8]  0C ED 09 00 B0 9C 00 28
  can0  0B0   [6]  00 00 00 00 11 04
  can0  0B2   [6]  00 00 00 00 11 04
  can0  260   [8]  08 FF F3 00 00 00 00 64
  can0  2C6   [8]  00 00 00 00 00 00 00 D0
  can0  0B4   [8]  00 00 00 00 00 00 00 BC
  can0  223   [8]  00 00 00 00 00 00 00 2D
  can0  2C4   [8]  06 94 00 1A 40 80 40 82
  can0  2C5   [4]  00 05 EF BF
  can0  440   [8]  42 02 00 00 00 00 00 00
  can0  0B0   [6]  00 00 00 00 11 05
  can0  0B2   [6]  00 00 00 00 11 05
  can0  224   [8]  00 00 00 00 00 00 00 00
  can0  262   [5]  20 00 00 00 89
  can0  2D5   [2]  00 00
  can0  2C1   [8]  08 03 18 03 0F D8 00 D8
  can0  0B4   [8]  00 00 00 00 00 00 00 BC
  can0  0BA   [4]  05 FF 00 C2
  can0  232   [4]  03 03 08 46
  can0  260   [8]  08 FF F3 00 00 00 00 64
  can0  0B0   [6]  00 00 00 00 11 06
  can0  0B2   [6]  00 00 00 00 11 06
  can0  2D0   [8]  0C E7 09 00 B0 9C 00 22
  can0  2C4   [8]  06 9E 00 1A 40 80 40 8C
  can0  0B4   [8]  00 00 00 00 00 00 00 BC
  can0  223   [8]  00 00 00 00 00 00 00 2D
  can0  262   [5]  20 00 00 00 89
  can0  0B0   [6]  00 00 00 00 11 07
  can0  0B2   [6]  00 00 00 00 11 07
  can0  224   [8]  00 00 00 00 00 00 00 00
  can0  2C6   [8]  00 00 00 00 00 00 00 D0
  can0  2D5   [2]  00 00
  can0  0B4   [8]  00 00 00 00 00 00 00 BC
  can0  0BA   [4]  05 FF 00 C2
  can0  232   [4]  03 03 08 46
  can0  260   [8]  08 FF F3 00 00 00 00 64
  can0  0B0   [6]  00 00 00 00 11 08
  can0  0B2   [6]  00 00 00 00 11 08
  can0  2C1   [8]  08 03 03 03 04 D8 00 B8
  can0  262   [5]  20 00 00 00 89
  can0  2C4   [8]  06 9B 00 1A 40 80 40 89
  can0  0B4   [8]  00 00 00 00 00 00 00 BC
  can0  223   [8]  00 00 00 00 00 00 00 2D
  can0  2C5   [4]  00 05 EC BC
  can0  0B0   [6]  00 00 00 00 11 09
  can0  0B2   [6]  00 00 00 00 11 09
  can0  224   [8]  00 00 00 00 00 00 00 00
  can0  2D0   [8]  0C ED 09 00 B0 9C 00 28
  can0  2D5   [2]  00 00
  can0  260   [8]  08 FF F3 00 00 00 00 64
  can0  0B4   [8]  00 00 00 00 00 00 00 BC
  can0  0BA   [4]  05 FE 00 C1
  can0  232   [4]  03 03 08 46
  can0  2C6   [8]  00 00 00 00 00 00 00 D0
  can0  0B0   [6]  00 00 00 00 11 0A
  can0  0B2   [6]  00 00 00 00 11 0A
  can0  262   [5]  20 00 00 00 89
  can0  2C4   [8]  06 94 00 1A 40 80 40 82
  can0  0B4   [8]  00 00 00 00 00 00 00 BC
  can0  223   [8]  00 00 00 00 00 00 00 2D
  can0  2C1   [8]  08 03 19 03 14 D8 00 DE
  can0  260   [8]  08 FF F3 00 00 00 00 64
  can0  0B0   [6]  00 00 00 00 11 0B
  can0  0B2   [6]  00 00 00 00 11 0B
  can0  224   [8]  00 00 00 00 00 00 00 00
  can0  2D5   [2]  00 00
  can0  0B4   [8]  00 00 00 00 00 00 00 BC
  can0  0BA   [4]  05 FE 00 C1
  can0  232   [4]  03 03 08 46
  can0  620   [8]  10 00 00 00 30 40 00 50
  can0  2D0   [8]  0C EB 09 00 B0 9C 00 26
  can0  3A0   [8]  00 00 00 00 00 00 00 00
  can0  610   [8]  20 00 00 64 00 00 00 00
  can0  262   [5]  20 00 00 00 89
  can0  0B0   [6]  00 00 00 00 11 0C
  can0  0B2   [6]  00 00 00 00 11 0C
  can0  3B3   [3]  06 95 28
  can0  2C4   [8]  06 95 00 1A 40 80 40 83
  can0  2C6   [8]  00 00 00 00 00 00 00 D0
  can0  442   [8]  40 02 00 00 02 00 00 00
  can0  0B4   [8]  00 00 00 00 00 00 00 BC
  can0  223   [8]  00 00 00 00 00 00 00 2D
  can0  260   [8]  08 FF F3 00 00 00 00 64
  can0  2C5   [4]  00 05 EA BA
  can0  0B0   [6]  00 00 00 00 11 0D
  can0  0B2   [6]  00 00 00 00 11 0D
  can0  224   [8]  00 00 00 00 00 00 00 00
  can0  2D5   [2]  00 00
  can0  2C1   [8]  08 03 4C 03 0F DA 00 0E
  can0  262   [5]  20 00 00 00 89
  can0  0B4   [8]  00 00 00 00 00 00 00 BC
  can0  0BA   [4]  06 00 00 C4
  can0  232   [4]  03 03 08 46
  can0  0B0   [6]  00 00 00 00 11 0E
  can0  0B2   [6]  00 00 00 00 11 0E
  can0  260   [8]  08 FF F3 00 00 00 00 64
  can0  2C4   [8]  06 9C 00 1A 40 80 40 8A
  can0  2D0   [8]  0C EA 09 00 B0 9C 00 25
  can0  0B4   [8]  00 00 00 00 00 00 00 BC
  can0  223   [8]  00 00 00 00 00 00 00 2D
  can0  2C6   [8]  00 00 00 00 00 00 00 D0
  can0  2D5   [2]  00 00
  can0  0B0   [6]  00 00 00 00 11 0F
  can0  0B2   [6]  00 00 00 00 11 0F
  can0  224   [8]  00 00 00 00 00 00 00 00
  can0  262   [5]  20 00 00 00 89
  can0  0B4   [8]  00 00 00 00 00 00 00 BC
  can0  0BA   [4]  05 FF 00 C2
  can0  232   [4]  03 03 08 46
  can0  260   [8]  08 FF F4 00 00 00 00 65
  can0  2C1   [8]  08 03 0F 03 10 D8 00 D0
  can0  0B0   [6]  00 00 00 00 11 00
  can0  0B2   [6]  00 00 00 00 11 00
  can0  2C4   [8]  06 98 00 1A 40 80 40 86
  can0  0B4   [8]  00 00 00 00 00 00 00 BC
  can0  223   [8]  00 00 00 00 00 00 00 2D
  can0  2C5   [4]  00 05 E7 B7
  can0  262   [5]  20 00 00 00 89
  can0  2D0   [8]  0C ED 09 00 B0 9C 00 28
  can0  2D5   [2]  00 00
  can0  0B0   [6]  00 00 00 00 11 01
  can0  0B2   [6]  00 00 00 00 11 01
  can0  224   [8]  00 00 00 00 00 00 00 00
  can0  0B4   [8]  00 00 00 00 00 00 00 BC
  can0  0BA   [4]  06 00 00 C4
  can0  232   [4]  03 03 08 46
  can0  260   [8]  08 FF F4 00 00 00 00 65
  can0  2C6   [8]  00 00 00 00 00 00 00 D0
  can0  0B0   [6]  00 00 00 00 11 02
  can0  0B2   [6]  00 00 00 00 11 02
  can0  2C4   [8]  06 97 00 1A 40 80 40 85
  can0  262   [5]  20 00 00 00 89
  can0  0B4   [8]  00 00 00 00 00 00 00 BC
  can0  223   [8]  00 00 00 00 00 00 00 2D
  can0  2C1   [8]  08 03 0A 03 09 D8 00 C4
  can0  2D5   [2]  00 00
  can0  0B0   [6]  00 00 00 00 11 03
  can0  0B2   [6]  00 00 00 00 11 03
  can0  224   [8]  00 00 00 00 00 00 00 00
  can0  260   [8]  08 FF F4 00 00 00 00 65
  can0  0B4   [8]  00 00 00 00 00 00 00 BC
  can0  0BA   [4]  06 01 00 C5
  can0  232   [4]  03 03 08 46
  can0  2D0   [8]  0C EC 09 00 B0 9C 00 27
  can0  3A0   [8]  00 00 00 00 00 00 00 00
  can0  0B0   [6]  00 00 00 00 11 04
  can0  0B2   [6]  00 00 00 00 11 04
  can0  262   [5]  20 00 00 00 89
  can0  2C4   [8]  06 9A 00 1A 40 80 40 88
  can0  2C6   [8]  00 00 00 00 00 00 00 D0
  can0  0B4   [8]  00 00 00 00 00 00 00 BC
  can0  223   [8]  00 00 00 00 00 00 00 2D
  can0  2C5   [4]  00 05 E5 B5
  can0  440   [8]  42 02 00 00 00 00 00 00
  can0  2D5   [2]  00 00
  can0  260   [8]  08 FF F4 00 00 00 00 65
  can0  0B0   [6]  00 00 00 00 11 05
  can0  0B2   [6]  00 00 00 00 11 05
  can0  224   [8]  00 00 00 00 00 00 00 00
  can0  2C1   [8]  08 03 0F 03 0F D8 00 CF
  can0  0B4   [8]  00 00 00 00 00 00 00 BC
  can0  0BA   [4]  06 02 00 C6
  can0  232   [4]  03 03 08 46
  can0  262   [5]  20 00 00 00 89
  can0  0B0   [6]  00 00 00 00 11 06
  can0  0B2   [6]  00 00 00 00 11 06
  can0  2C4   [8]  06 92 00 1A 40 80 40 80
  can0  2D0   [8]  0C EC 09 00 B0 9C 00 27
  can0  260   [8]  08 FF F4 00 00 00 00 65
  can0  0B4   [8]  00 00 00 00 00 00 00 BC
  can0  223   [8]  00 00 00 00 00 00 00 2D
  can0  2D5   [2]  00 00
  can0  2C6   [8]  00 00 00 00 00 00 00 D0
  can0  394   [1]  00
  can0  0B0   [6]  00 00 00 00 11 07
  can0  0B2   [6]  00 00 00 00 11 07
  can0  224   [8]  00 00 00 00 00 00 00 00
  can0  262   [5]  20 00 00 00 89
  can0  0B4   [8]  00 00 00 00 00 00 00 BC
  can0  0BA   [4]  06 02 00 C6
  can0  232   [4]  03 03 08 46
  can0  2C1   [8]  08 03 14 03 10 D8 00 D5
  can0  0B0   [6]  00 00 00 00 11 08
  can0  0B2   [6]  00 00 00 00 11 08
  can0  2C4   [8]  06 87 00 1A 40 80 40 75
  can0  260   [8]  08 FF F4 00 00 00 00 65
  can0  0B4   [8]  00 00 00 00 00 00 00 BC
  can0  223   [8]  00 00 00 00 00 00 00 2D
  can0  2C5   [4]  00 05 E2 B2
  can0  2D5   [2]  00 00
  can0  2D0   [8]  0C E6 09 00 B0 9C 00 21
  can0  262   [5]  20 00 00 00 89
  can0  0B0   [6]  00 00 00 00 11 09
  can0  0B2   [6]  00 00 00 00 11 09
  can0  224   [8]  00 00 00 00 00 00 00 00
  can0  2C6   [8]  00 00 00 00 00 00 00 D0
  can0  0B4   [8]  00 00 00 00 00 00 00 BC
  can0  0BA   [4]  06 01 00 C5
  can0  232   [4]  03 03 08 46
  can0  3B7   [8]  00 00 00 00 00 00 00 00
  can0  260   [8]  08 FF F3 00 00 00 00 64
  can0  2C4   [8]  06 89 00 1A 40 80 40 77
  can0  0B0   [6]  00 00 00 00 11 0A
  can0  0B2   [6]  00 00 00 00 11 0A
  can0  2C1   [8]  08 03 3B 03 09 D9 00 F6
  can0  0B4   [8]  00 00 00 00 00 00 00 BC
  can0  223   [8]  00 00 00 00 00 00 00 2D
  can0  262   [5]  20 00 00 00 89
  can0  2D5   [2]  00 00
  can0  0B0   [6]  00 00 00 00 11 0B
  can0  0B2   [6]  00 00 00 00 11 0B
  can0  224   [8]  00 00 00 00 00 00 00 00
  can0  7DF   [8]  02 01 0C 00 00 00 00 00
  can0  2D0   [8]  0C D9 09 00 B0 9C 00 14
  can0  7E8   [8]  04 41 0C 14 72 00 00 00
  can0  260   [8]  08 FF F3 00 00 00 00 64
  can0  0B4   [8]  00 00 00 00 00 00 00 BC
  can0  0BA   [4]  06 02 00 C6
  can0  232   [4]  03 03 08 46
  can0  2C4   [8]  06 8B 00 1A 40 80 40 79
  can0  0B0   [6]  00 00 00 00 11 0C
  can0  0B2   [6]  00 00 00 00 11 0C
  can0  2C6   [8]  00 00 00 00 00 00 00 D0
  can0  442   [8]  40 02 00 00 02 00 00 00
  can0  3A0   [8]  00 00 00 00 00 00 00 00
  can0  262   [5]  20 00 00 00 89
  can0  0B4   [8]  00 00 00 00 00 00 00 BC
  can0  223   [8]  00 00 00 00 00 00 00 2D
  can0  2C5   [4]  00 05 E0 B0
  can0  2D5   [2]  00 00
  can0  0B0   [6]  00 00 00 00 11 0D
  can0  0B2   [6]  00 00 00 00 11 0D
  can0  224   [8]  00 00 00 00 00 00 00 00
  can0  260   [8]  08 FF F3 00 00 00 00 64
  can0  2C1   [8]  08 03 12 03 06 D8 00 C9
  can0  0B4   [8]  00 00 00 00 00 00 00 BC
  can0  0BA   [4]  06 00 00 C4
  can0  232   [4]  03 03 08 46
  can0  2C4   [8]  06 91 00 1A 40 80 40 7F
  can0  262   [5]  20 00 00 00 89
  can0  0B0   [6]  00 00 00 00 11 0E
  can0  0B2   [6]  00 00 00 00 11 0E
  can0  2D0   [8]  0C D6 09 00 B0 9C 00 11
  can0  0B4   [8]  00 00 00 00 00 00 00 BC
  can0  223   [8]  00 00 00 00 00 00 00 2D
  can0  2D5   [2]  00 00
  can0  2C6   [8]  00 00 00 00 00 00 00 D0
  can0  260   [8]  08 FF F3 00 00 00 00 64
  can0  0B0   [6]  00 00 00 00 11 0F
  can0  0B2   [6]  00 00 00 00 11 0F
  can0  224   [8]  00 00 00 00 00 00 00 00
  can0  0B4   [8]  00 00 00 00 00 00 00 BC
  can0  0BA   [4]  05 FF 00 C2
  can0  232   [4]  03 03 08 46
  can0  262   [5]  20 00 00 00 89
  can0  2C1   [8]  08 03 08 03 02 D8 00 BB
  can0  2C4   [8]  06 92 00 1A 40 80 40 80
  can0  0B0   [6]  00 00 00 00 11 00
  can0  0B2   [6]  00 00 00 00 11 00
  can0  260   [8]  08 FF F3 00 00 00 00 64
  can0  2C5   [4]  00 05 DC AC
  can0  2D5   [2]  00 00
  can0  0B4   [8]  00 00 00 00 00 00 00 BC
  can0  223   [8]  00 00 00 00 00 00 00 2D
  can0  2D0   [8]  0C D8 09 00 B0 9C 00 13
  can0  0B0   [6]  00 00 00 00 11 01
  can0  0B2   [6]  00 00 00 00 11 01
  can0  224   [8]  00 00 00 00 00 00 00 00
  can0  262   [5]  20 00 00 00 89
  can0  2C6   [8]  00 00 00 00 00 00 00 D0
  can0  0B4   [8]  00 00 00 00 00 00 00 BC
  can0  0BA   [4]  06 01 00 C5
  can0  232   [4]  03 03 08 46
  can0  2C4   [8]  06 89 00 1A 40 80 40 77
  can0  0B0   [6]  00 00 00 00 11 02
  can0  0B2   [6]  00 00 00 00 11 02
  can0  260   [8]  08 FF F3 00 00 00 00 64
  can0  2C1   [8]  08 03 1C 03 08 D8 00 D5
  can0  2D5   [2]  00 00
  can0  0B4   [8]  00 00 00 00 00 00 00 BC
  can0  223   [8]  00 00 00 00 00 00 00 2D
  can0  262   [5]  20 00 00 00 89
  can0  0B0   [6]  00 00 00 00 11 03
  can0  0B2   [6]  00 00 00 00 11 03
  can0  224   [8]  00 00 00 00 00 00 00 00
  can0  4C8   [8]  09 00 01 06 00 00 00 00
  can0  2D0   [8]  0C D4 09 00 B0 9C 00 0F
  can0  0B4   [8]  00 00 00 00 00 00 00 BC
  can0  0BA   [4]  06 00 00 C4
  can0  232   [4]  03 03 08 46
  can0  260   [8]  08 FF F3 00 00 00 00 64
  can0  2C4   [8]  06 8A 00 1A 40 80 40 78
  can0  7DF   [8]  02 01 0D 00 00 00 00 00
  can0  2C6   [8]  00 00 00 00 00 00 00 D0
  can0  0B0   [6]  00 00 00 00 11 04
  can0  0B2   [6]  00 00 00 00 11 04
  can0  7E8   [8]  03 41 0D 00 00 00 00 00
  can0  2D5   [2]  00 00
  can0  440   [8]  42 02 00 00 00 00 00 00
  can0  620   [8]  10 00 00 00 30 40 00 50
  can0  2C5   [4]  00 05 DB AB
  can0  3A0   [8]  00 00 00 00 00 00 00 00
  can0  0B4   [8]  00 00 00 00 00 00 00 BC
  can0  223   [8]  00 00 00 00 00 00 00 2D
  can0  262   [5]  20 00 00 00 89
  can0  2C1   [8]  08 03 49 03 09 DA 00 05
  can0  0B0   [6]  00 00 00 00 11 05
  can0  0B2   [6]  00 00 00 00 11 05
  can0  224   [8]  00 00 00 00 00 00 00 00
  can0  260   [8]  08 FF F3 00 00 00 00 64
  can0  0B4   [8]  00 00 00 00 00 00 00 BC
  can0  0BA   [4]  05 FF 00 C2
  can0  232   [4]  03 03 08 46
  can0  2C4   [8]  06 89 00 1A 40 80 40 77
  can0  2D0   [8]  0C D0 09 00 B0 9C 00 0B
  can0  0B0   [6]  00 00 00 00 11 06
  can0  0B2   [6]  00 00 00 00 11 06
  can0  262   [5]  20 00 00 00 89
  can0  2D5   [2]  00 00
  can0  0B4   [8]  00 00 00 00 00 00 00 BC
  can0  223   [8]  00 00 00 00 00 00 00 2D
  can0  2C6   [8]  00 00 00 00 00 00 00 D0
  can0  4DC   [8]  1D 00 01 07 00 00 00 00
  can0  260   [8]  08 FF F3 00 00 00 00 64
  can0  0B0   [6]  00 00 00 00 11 07
  can0  0B2   [6]  00 00 00 00 11 07
  can0  224   [8]  00 00 00 00 00 00 00 00
  can0  0B4   [8]  00 00 00 00 00 00 00 BC
  can0  0BA   [4]  05 FF 00 C2
  can0  232   [4]  03 03 08 46
  can0  2C1   [8]  08 03 19 03 0A D8 00 D4
  can0  2C4   [8]  06 81 00 1A 40 80 40 6F
  can0  262   [5]  20 00 00 00 89
  can0  0B0   [6]  00 00 00 00 11 08
  can0  0B2   [6]  00 00 00 00 11 08
  can0  2D5   [2]  00 00
  can0  2C5   [4]  00 05 D8 A8
  can0  0B4   [8]  00 00 00 00 00 00 00 BC
  can0  223   [8]  00 00 00 00 00 00 00 2D
  can0  2D0   [8]  0C CE 09 00 B0 9C 00 09
  can0  260   [8]  08 FF F3 00 00 00 00 64
  can0  0B0   [6]  00 00 00 00 11 09
  can0  0B2   [6]  00 00 00 00 11 09
  can0  224   [8]  00 00 00 00 00 00 00 00
  can0  2C6   [8]  00 00 00 00 00 00 00 D0
  can0  262   [5]  20 00 00 00 89
  can0  0B4   [8]  00 00 00 00 00 00 00 BC
  can0  0BA   [4]  05 FE 00 C1
  can0  232   [4]  03 03 08 46
  can0  2C4   [8]  06 7D 00 1A 40 80 40 6B
  can0  0B0   [6]  00 00 00 00 11 0A
  can0  0B2   [6]  00 00 00 00 11 0A
  can0  2C1   [8]  08 03 37 03 01 D9 00 EA
  can0  2D5   [2]  00 00
  can0  3B0   [5]  00 00 00 48 00
  can0  260   [8]  08 FF F3 00 00 00 00 64
  can0  0B4   [8]  00 00 00 00 00 00 00 BC
  can0  223   [8]  00 00 00 00 00 00 00 2D
  can0  0B0   [6]  00 00 00 00 11 0B
  can0  0B2   [6]  00 00 00 00 11 0B
  can0  224   [8]  00 00 00 00 00 00 00 00
  can0  262   [5]  20 00 00 00 89
  can0  2D0   [8]  0C C3 09 00 B0 9C 00 FE
  can0  2C4   [8]  06 84 00 1A 40 80 40 72
  can0  0B4   [8]  00 00 00 00 00 00 00 BC
  can0  0BA   [4]  05 FE 00 C1
  can0  232   [4]  03 03 08 46
  can0  2C6   [8]  00 00 00 00 00 00 00 D0
  can0  442   [8]  40 02 00 00 02 00 00 00
  can0  260   [8]  08 FF F3 00 00 00 00 64
  can0  0B0   [6]  00 00 00 00 11 0C
  can0  0B2   [6]  00 00 00 00 11 0C
  can0  2D5   [2]  00 00
  can0  2C5   [4]  00 05 D6 A6
  can0  0B4   [8]  00 00 00 00 00 00 00 BC
  can0  223   [8]  00 00 00 00 00 00 00 2D
  can0  7DF   [8]  02 01 04 00 00 00 00 00
  can0  3A0   [8]  00 00 00 00 00 00 00 00
  can0  262   [5]  20 00 00 00 89
  can0  2C1   [8]  08 03 29 03 03 D9 00 DE
  can0  0B0   [6]  00 00 00 00 11 0D
  can0  0B2   [6]  00 00 00 00 11 0D
  can0  224   [8]  00 00 00 00 00 00 00 00
  can0  7E8   [8]  03 41 04 8A 00 00 00 00
  can0  2C4   [8]  06 8B 00 1A 40 80 40 79
  can0  0B4   [8]  00 00 00 00 00 00 00 BC
  can0  0BA   [4]  06 00 00 C4
  can0  232   [4]  03 03 08 46
  can0  260   [8]  08 FF F3 00 00 00 00 64
  can0  2D0   [8]  0C C1 09 00 B0 9C 00 FC
  can0  0B0   [6]  00 00 00 00 11 0E
  can0  0B2   [6]  00 00 00 00 11 0E
  can0  2D5   [2]  00 00
  can0  262   [5]  20 00 00 00 89
  can0  2C6   [8]  00 00 00 00 00 00 00 D0
  can0  0B4   [8]  00 00 00 00 00 00 00 BC
  can0  223   [8]  00 00 00 00 00 00 00 2D
  can0  0B0   [6]  00 00 00 00 11 0F
  can0  0B2   [6]  00 00 00 00 11 0F
  can0  224   [8]  00 00 00 00 00 00 00 00
  can0  260   [8]  08 FF F5 00 00 00 00 66
  can0  380   [8]  00 20 00 00 00 00 27 00
  can0  2C4   [8]  06 7F 00 1A 40 80 40 6D
  can0  2C1   [8]  08 03 10 03 04 D8 00 C5
  can0  0B4   [8]  00 00 00 00 00 00 00 BC
  can0  0BA   [4]  05 FE 00 C1
  can0  232   [4]  03 03 08 46
  can0  394   [1]  00
  can0  0B0   [6]  00 00 00 00 11 00
  can0  0B2   [6]  00 00 00 00 11 00
  can0  2D5   [2]  00 00
  can0  262   [5]  20 00 00 00 89
  can0  2C5   [4]  00 05 D3 A3
  can0  2D0   [8]  0C C4 09 00 B0 9C 00 FF
  can0  0B4   [8]  00 00 00 00 00 00 00 BC
  can0  223   [8]  00 00 00 00 00 00 00 2D
  can0  260   [8]  08 FF F5 00 00 00 00 66
  can0  0B0   [6]  00 00 00 00 11 01
  can0  0B2   [6]  00 00 00 00 11 01
  can0  224   [8]  00 00 00 00 00 00 00 00
  can0  2C6   [8]  00 00 00 00 00 00 00 D0
  can0  2C4   [8]  06 81 00 1A 40 80 40 6F
  can0  0B4   [8]  00 00 00 00 00 00 00 BC
  can0  0BA   [4]  05 FE 00 C1
  can0  232   [4]  03 03 08 46
  can0  3A1   [8]  00 00 00 00 00 00 00 00
  can0  262   [5]  20 00 00 00 89
  can0  0B0   [6]  00 00 00 00 11 02
  can0  0B2   [6]  00 00 00 00 11 02
  can0  2D5   [2]  00 00
  can0  2C1   [8]  08 03 4B 03 02 DA 00 00
  can0  398   [2]  02 00
  can0  0B4   [8]  00 00 00 00 00 00 00 BC
  can0  223   [8]  00 00 00 00 00 00 00 2D
  can0  3B7   [8]  00 00 00 00 00 00 00 00
  can0  260   [8]  08 FF F4 00 00 00 00 65
  can0  0B0   [6]  00 00 00 00 11 03
  can0  0B2   [6]  00 00 00 00 11 03
  can0  224   [8]  00 00 00 00 00 00 00 00
  can0  2D0   [8]  0C BD 09 00 B0 9C 00 F8
  can0  2C4   [8]  06 82 00 1A 40 80 40 70
  can0  262   [5]  20 00 00 00 89
  can0  0B4   [8]  00 00 00 00 00 00 00 BC
  can0  0BA   [4]  06 01 00 C5
  can0  232   [4]  03 03 08 46
  can0  2C6   [8]  00 00 00 00 00 00 00 D0
  can0  2D5   [2]  00 00
  can0  0B0   [6]  00 00 00 00 11 04
  can0  0B2   [6]  00 00 00 00 11 04
  can0  440   [8]  42 02 00 00 00 00 00 00
  can0  260   [8]  08 FF F4 00 00 00 00 65
  can0  2C5   [4]  00 05 CF 9F
  can0  0B4   [8]  00 00 00 00 00 00 00 BC
  can0  223   [8]  00 00 00 00 00 00 00 2D
  can0  2C1   [8]  08 03 0A 03 02 D8 00 BD
  can0  0B0   [6]  00 00 00 00 11 05
  can0  0B2   [6]  00 00 00 00 11 05
  can0  224   [8]  00 00 00 00 00 00 00 00
  can0  262   [5]  20 00 00 00 89
  can0  3A0   [8]  00 00 00 00 00 00 00 00
  can0  610   [8]  20 00 00 64 00 00 00 00
  can0  2C4   [8]  06 88 00 1A 40 80 40 76
  can0  7DF   [8]  02 01 05 00 00 00 00 00
  can0  0B4   [8]  00 00 00 00 00 00 00 BC
  can0  0BA   [4]  06 00 00 C4
  can0  232   [4]  03 03 08 46
  can0  2D0   [8]  0C BE 09 00 B0 9C 00 F9
  can0  7E8   [8]  03 41 05 46 00 00 00 00
  can0  260   [8]  08 FF F4 00 00 00 00 65
  can0  2D5   [2]  00 00
  can0  611   [8]  21 00 00 10 00 03 C1 4F
  can0  0B0   [6]  00 00 00 00 11 06
  can0  0B2   [6]  00 00 00 00 11 06
  can0  2C6   [8]  00 00 00 00 00 00 00 D0
  can0  3B3   [3]  06 87 28
  can0  0B4   [8]  00 00 00 00 00 00 00 BC
  can0  223   [8]  00 00 00 00 00 00 00 2D
  can0  262   [5]  20 00 00 00 89
  can0  0B0   [6]  00 00 00 00 11 07
  can0  0B2   [6]  00 00 00 00 11 07
  can0  224   [8]  00 00 00 00 00 00 00 00
  can0  2C4   [8]  06 85 00 1A 40 80 40 73
  can0  2C1   [8]  08 03 06 03 06 D8 00 BD
  can0  0B4   [8]  00 00 00 00 00 00 00 BC
  can0  0BA   [4]  05 FF 00 C2
  can0  232   [4]  03 03 08 46
  can0  260   [8]  08 FF F3 00 00 00 00 64
  can0  2D5   [2]  00 00
  can0  0B0   [6]  00 00 00 00 11 08
  can0  0B2   [6]  00 00 00 00 11 08
  can0  2D0   [8]  0C C3 09 00 B0 9C 00 FE
  can0  262   [5]  20 00 00 00 89
  can0  2C5   [4]  00 05 CD 9D
  can0  0B4   [8]  00 00 00 00 00 00 00 BC
  can0  223   [8]  00 00 00 00 00 00 00 2D
  can0  2C6   [8]  00 00 00 00 00 00 00 D0
  can0  0B0   [6]  00 00 00 00 11 09
  can0  0B2   [6]  00 00 00 00 11 09
  can0  224   [8]  00 00 00 00 00 00 00 00
  can0  2C4   [8]  06 83 00 1A 40 80 40 71
  can0  260   [8]  08 FF F3 00 00 00 00 64
  can0  0B4   [8]  00 00 00 00 00 00 00 BC
  can0  0BA   [4]  06 02 00 C6
  can0  232   [4]  03 03 08 46
  can0  2D5   [2]  00 00
  can0  0B0   [6]  00 00 00 00 11 0A
  can0  0B2   [6]  00 00 00 00 11 0A
  can0  262   [5]  20 00 00 00 89
  can0  2C1   [8]  08 03 21 03 0E D9 00 E1
  can0  621   [8]  11 00 00 00 00 00 00 00
  can0  0B4   [8]  00 00 00 00 00 00 00 BC
  can0  223   [8]  00 00 00 00 00 00 00 2D
  can0  4DD   [8]  1E 00 00 05 00 00 00 00
  can0  260   [8]  08 FF F3 00 00 00 00 64
  can0  2D0   [8]  0C C3 09 00 B0 9C 00 FE
  can0  0B0   [6]  00 00 00 00 11 0B
  can0  0B2   [6]  00 00 00 00 11 0B
  can0  224   [8]  00 00 00 00 00 00 00 00
  can0  2C4   [8]  06 82 00 1A 40 80 40 70
  can0  0B4   [8]  00 00 00 00 00 00 00 BC
  can0  0BA   [4]  06 01 00 C5
  can0  232   [4]  03 03 08 46
  can0  2C6   [8]  00 00 00 00 00 00 00 D0
  can0  442   [8]  40 02 00 00 02 00 00 00
  can0  622   [8]  12 00 00 00 00 00 00 00
  can0  262   [5]  20 00 00 00 89
  can0  2D5   [2]  00 00
  can0  0B0   [6]  00 00 00 00 11 0C
  can0  0B2   [6]  00 00 00 00 11 0C
  can0  2C5   [4]  00 05 CA 9A
  can0  624   [8]  1A 00 00 49 49 00 00 00
  can0  260   [8]  08 FF F3 00 00 00 00 64
  can0  0B4   [8]  00 00 00 00 00 00 00 BC
  can0  223   [8]  00 00 00 00 00 00 00 2D
  can0  2C1   [8]  08 03 15 03 08 D8 00 CE
  can0  0B0   [6]  00 00 00 00 11 0D
  can0  0B2   [6]  00 00 00 00 11 0D
  can0  224   [8]  00 00 00 00 00 00 00 00
  can0  2C4   [8]  06 86 00 1A 40 80 40 74
  can0  630   [8]  17 00 00 00 00 00 00 00
  can0  3A0   [8]  00 00 00 00 00 00 00 00
  can0  262   [5]  20 00 00 00 89
  can0  0B4   [8]  00 00 00 00 00 00 00 BC
  can0  0BA   [4]  06 01 00 C5
  can0  232   [4]  03 03 08 46
  can0  2D0   [8]  0C C1 09 00 B0 9C 00 FC
  can0  2D5   [2]  00 00
  can0  620   [8]  10 00 00 00 30 40 00 50
  can0  0B0   [6]  00 00 00 00 11 0E
  can0  0B2   [6]  00 00 00 00 11 0E
  can0  260   [8]  08 FF F3 00 00 00 00 64
  can0  7DF   [8]  02 01 0F 00 00 00 00 00
  can0  2C6   [8]  00 00 00 00 00 00 00 D0
  can0  7E8   [8]  03 41 0F 42 00 00 00 00
  can0  0B4   [8]  00 00 00 00 00 00 00 BC
  can0  223   [8]  00 00 00 00 00 00 00 2D
  can0  638   [8]  13 00 10 00 00 00 00 00
  can0  262   [5]  20 00 00 00 89
  can0  0B0   [6]  00 00 00 00 11 0F
  can0  0B2   [6]  00 00 00 00 11 0F
  can0  224   [8]  00 00 00 00 00 00 00 00
  can0  2C4   [8]  06 7A 00 1A 40 80 40 68
  can0  2C1   [8]  08 03 09 03 09 D8 00 C3
  can0  0B4   [8]  00 00 00 00 00 00 00 BC
  can0  0BA   [4]  06 02 00 C6
  can0  232   [4]  03 03 08 46
  can0  2D5   [2]  00 00
  can0  260   [8]  08 FF F3 00 00 00 00 64
  can0  0B0   [6]  00 00 00 00 11 00
  can0  0B2   [6]  00 00 00 00 11 00
  can0  2D0   [8]  0C BE 09 00 B0 9C 00 F9
  can0  2C5   [4]  00 05 C8 98
  can0  0B4   [8]  00 00 00 00 00 00 00 BC
  can0  223   [8]  00 00 00 00 00 00 00 2D
  can0  640   [8]  A8 00 00 00 01 89 00 00
  can0  262   [5]  20 00 00 00 89
  can0  2C6   [8]  00 00 00 00 00 00 00 D0
  can0  2C4   [8]  06 7F 00 1A 40 80 40 6D
  can0  0B0   [6]  00 00 00 00 11 01
  can0  0B2   [6]  00 00 00 00 11 01
  can0  224   [8]  00 00 00 00 00 00 00 00
  can0  260   [8]  08 FF F3 00 00 00 00 64
  can0  0B4   [8]  00 00 00 00 00 00 00 BC
  can0  0BA   [4]  06 01 00 C5
  can0  232   [4]  03 03 08 46
  can0  2D5   [2]  00 00
  can0  2C1   [8]  08 03 48 03 03 DA 00 FE
  can0  0B0   [6]  00 00 00 00 11 02
  can0  0B2   [6]  00 00 00 00 11 02
  can0  262   [5]  20 00 00 00 89
  can0  0B4   [8]  00 00 00 00 00 00 00 BC
  can0  223   [8]  00 00 00 00 00 00 00 2D
  can0  2D0   [8]  0C BC 09 00 B0 9C 00 F7
  can0  2C4   [8]  06 82 00 1A 40 80 40 70
  can0  0B0   [6]  00 00 00 00 11 03
  can0  0B2   [6]  00 00 00 00 11 03
  can0  224   [8]  00 00 00 00 00 00 00 00
  can0  4C3   [8]  04 00 12 07 00 00 00 00
  can0  260   [8]  08 FF F3 00 00 00 00 64
  can0  0B4   [8]  00 00 00 00 00 00 00 BC
  can0  0BA   [4]  06 01 00 C5
  can0  232   [4]  03 03 08 46
  can0  2C6   [8]  00 00 00 00 00 00 00 D0
  can0  2D5   [2]  00 00
  can0  440   [8]  42 02 00 00 00 00 00 00
  can0  262   [5]  20 00 00 00 89
  can0  0B0   [6]  00 00 00 00 11 04
  can0  0B2   [6]  00 00 00 00 11 04
  can0  2C5   [4]  00 05 C5 95
  can0  0B4   [8]  00 00 00 00 00 00 00 BC
  can0  223   [8]  00 00 00 00 00 00 00 2D
  can0  2C1   [8]  08 03 04 03 0A D8 00 BF
  can0  260   [8]  08 FF F3 00 00 00 00 64
  can0  2C4   [8]  06 78 00 1A 40 80 40 66
  can0  0B0   [6]  00 00 00 00 11 05
  can0  0B2   [6]  00 00 00 00 11 05
  can0  224   [8]  00 00 00 00 00 00 00 00
  can0  2D0   [8]  0C B9 09 00 B0 9C 00 F4
  can0  0B4   [8]  00 00 00 00 00 00 00 BC
  can0  0BA   [4]  06 00 00 C4
  can0  232   [4]  03 03 08 46
  can0  2D5   [2]  00 00
  can0  262   [5]  20 00 00 00 89
  can0  3A0   [8]  00 00 00 00 00 00 00 00
  can0  0B0   [6]  00 00 00 00 11 06
  can0  0B2   [6]  00 00 00 00 11 06
  can0  2C6   [8]  00 00 00 00 00 00 00 D0
  can0  260   [8]  08 FF F3 00 00 00 00 64
  can0  0B4   [8]  00 00 00 00 00 00 00 BC
  can0  223   [8]  00 00 00 00 00 00 00 2D
  can0  7DF   [8]  02 01 0B 00 00 00 00 00
  can0  2C4   [8]  06 6C 00 1A 40 80 40 5A
  can0  0B0   [6]  00 00 00 00 11 07
  can0  0B2   [6]  00 00 00 00 11 07
  can0  224   [8]  00 00 00 00 00 00 00 00
  can0  2C1   [8]  08 03 1C 03 0B D8 00 D8
  can0  262   [5]  20 00 00 00 89
  can0  2D5   [2]  00 00
  can0  0B4   [8]  00 00 00 00 00 00 00 BC
  can0  0BA   [4]  06 00 00 C4
  can0  232   [4]  03 03 08 46
  can0  0B0   [6]  00 00 00 00 11 08
  can0  0B2   [6]  00 00 00 00 11 08
  can0  2D0   [8]  0C AC 09 00 B0 9C 00 E7
  can0  260   [8]  08 FF F3 00 00 00 00 64
  can0  2C5   [4]  00 05 C3 93
  can0  0B4   [8]  00 00 00 00 00 00 00 BC
  can0  223   [8]  00 00 00 00 00 00 00 2D
  can0  394   [1]  00
  can0  2C4   [8]  06 67 00 1A 40 80 40 55
  can0  2C6   [8]  00 00 00 00 00 00 00 D0
  can0  262   [5]  20 00 00 00 89
  can0  0B0   [6]  00 00 00 00 11 09
  can0  0B2   [6]  00 00 00 00 11 09
  can0  224   [8]  00 00 00 00 00 00 00 00
  can0  2D5   [2]  00 00
  can0  0B4   [8]  00 00 00 00 00 00 00 BC
  can0  0BA   [4]  06 00 00 C4
  can0  232   [4]  03 03 08 46
  can0  260   [8]  08 FF F3 00 00 00 00 64
  can0  2C1   [8]  08 03 53 03 01 DA 00 07
  can0  0B0   [6]  00 00 00 00 11 0A
  can0  0B2   [6]  00 00 00 00 11 0A
  can0  0B4   [8]  00 00 00 00 00 00 00 BC
  can0  223   [8]  00 00 00 00 00 00 00 2D
  can0  262   [5]  20 00 00 00 89
  can0  2C4   [8]  06 73 00 1A 40 80 40 61
  can0  2D0   [8]  0C 9F 09 00 B0 9C 00 DA
  can0  0B0   [6]  00 00 00 00 11 0B
  can0  0B2   [6]  00 00 00 00 11 0B
  can0  224   [8]  00 00 00 00 00 00 00 00
  can0  260   [8]  08 FF F5 00 00 00 00 66
  can0  2C6   [8]  00 00 00 00 00 00 00 D0
  can0  2D5   [2]  00 00
  can0  0B4   [8]  00 00 00 00 00 00 00 BC
  can0  0BA   [4]  06 01 00 C5
  can0  232   [4]  03 03 08 46
  can0  3B7   [8]  00 00 00 00 00 00 00 00
  can0  4C1   [8]  01 00 09 08 00 00 00 00
  can0  0B0   [6]  00 00 00 00 11 0C
  can0  0B2   [6]  00 00 00 00 11 0C
  can0  262   [5]  20 00 00 00 89
  can0  442   [8]  40 02 00 00 02 00 00 00
  can0  2C5   [4]  00 05 C0 90
  can0  2C1   [8]  08 03 05 03 03 D8 00 B9
  can0  0B4   [8]  00 00 00 00 00 00 00 BC
  can0  223   [8]  00 00 00 00 00 00 00 2D
  can0  2C4   [8]  06 74 00 1A 40 80 40 62
  can0  0B0   [6]  00 00 00 00 11 0D
  can0  0B2   [6]  00 00 00 00 11 0D
  can0  224   [8]  00 00 00 00 00 00 00 00
  can0  260   [8]  08 FF F5 00 00 00 00 66
  can0  2D0   [8]  0C 9C 09 00 B0 9C 00 D7
  can0  2D5   [2]  00 00
  can0  0B4   [8]  00 00 00 00 00 00 00 BC
  can0  0BA   [4]  05 FF 00 C2
  can0  232   [4]  03 03 08 46
  can0  38A   [5]  08 04 00 00 00
  can0  262   [5]  20 00 00 00 89
  can0  3A0   [8]  00 00 00 00 00 00 00 00
  can0  0B0   [6]  00 00 00 00 11 0E
  can0  0B2   [6]  00 00 00 00 11 0E
  can0  2C6   [8]  00 00 00 00 00 00 00 D0
  can0  0B4   [8]  00 00 00 00 00 00 00 BC
  can0  223   [8]  00 00 00 00 00 00 00 2D
  can0  2C4   [8]  06 69 00 1A 40 80 40 57
  can0  260   [8]  08 FF F5 00 00 00 00 66
  can0  0B0   [6]  00 00 00 00 11 0F
  can0  0B2   [6]  00 00 00 00 11 0F
  can0  224   [8]  00 00 00 00 00 00 00 00
  can0  2C1   [8]  08 03 08 03 01 D8 00 BA
  can0  2D5   [2]  00 00
  can0  0B4   [8]  00 00 00 00 00 00 00 BC
  can0  0BA   [4]  06 00 00 C4
  can0  232   [4]  03 03 08 46
  can0  262   [5]  20 00 00 00 89
  can0  2D0   [8]  0C 96 09 00 B0 9C 00 D1
  can0  0B0   [6]  00 00 00 00 11 00
  can0  0B2   [6]  00 00 00 00 11 00
  can0  2C5   [4]  00 05 C0 90
  can0  260   [8]  08 FF F4 00 00 00 00 65
  can0  0B4   [8]  00 00 00 00 00 00 00 BC
  can0  223   [8]  00 00 00 00 00 00 00 2D
  can0  2C4   [8]  06 66 00 1A 40 80 40 54
  can0  2C6   [8]  00 00 00 00 00 00 00 D0
  can0  0B0   [6]  00 00 00 00 11 01
  can0  0B2   [6]  00 00 00 00 11 01
  can0  224   [8]  00 00 00 00 00 00 00 00
  can0  262   [5]  20 00 00 00 89
  can0  2D5   [2]  00 00
  can0  0B4   [8]  00 00 00 00 00 00 00 BC
  can0  0BA   [4]  06 00 00 C4
  can0  232   [4]  03 03 08 46
  can0  2C1   [8]  08 03 39 03 01 D9 00 EC
  can0  0B0   [6]  00 00 00 00 11 02
  can0  0B2   [6]  00 00 00 00 11 02
  can0  260   [8]  08 FF F4 00 00 00 00 65
  can0  0B4   [8]  00 00 00 00 00 00 00 BC
  can0  223   [8]  00 00 00 00 00 00 00 2D
  can0  2C4   [8]  06 6C 00 1A 40 80 40 5A
  can0  2D0   [8]  0C 91 09 00 B0 9C 00 CC
  can0  262   [5]  20 00 00 00 89
  can0  0B0   [6]  00 00 00 00 11 03
  can0  0B2   [6]  00 00 00 00 11 03
  can0  224   [8]  00 00 00 00 00 00 00 00
  can0  3B4   [8]  00 00 3E 4C 80 00 00 00
  can0  3B1   [8]  00 00 02 2A A0 00 00 00
  can0  2D5   [2]  00 00
  can0  2C6   [8]  00 00 00 00 00 00 00 D0
  can0  0B4   [8]  00 00 00 00 00 00 00 BC
  can0  0BA   [4]  06 00 00 C4
  can0  232   [4]  03 03 08 46
  can0  260   [8]  08 FF F4 00 00 00 00 65
  can0  0B0   [6]  00 00 00 00 11 04
  can0  0B2   [6]  00 00 00 00 11 04
  can0  2C1   [8]  08 03 00 02 FD D8 00 AD
  can0  2C5   [4]  00 05 C0 90
  can0  2C4   [8]  06 6A 00 1A 40 80 40 58
  can0  262   [5]  20 00 00 00 89
  can0  0B4   [8]  00 00 00 00 00 00 00 BC
  can0  223   [8]  00 00 00 00 00 00 00 2D
  can0  440   [8]  42 02 00 00 00 00 00 00
  can0  0B0   [6]  00 00 00 00 11 05
  can0  0B2   [6]  00 00 00 00 11 05
  can0  224   [8]  00 00 00 00 00 00 00 00
  can0  2D5   [2]  00 00
  can0  2D0   [8]  0C 8F 09 00 B0 9C 00 CA
  can0  260   [8]  08 FF F3 00 00 00 00 64
  can0  0B4   [8]  00 00 00 00 00 00 00 BC
  can0  0BA   [4]  05 FF 00 C2
  can0  232   [4]  03 03 08 46
  can0  2C6   [8]  00 00 00 00 00 00 00 D0
  can0  0B0   [6]  00 00 00 00 11 06
  can0  0B2   [6]  00 00 00 00 11 06
  can0  262   [5]  20 00 00 00 89
  can0  3A0   [8]  00 00 00 00 00 00 00 00
  can0  620   [8]  10 00 00 00 30 40 00 50
  can0  2C4   [8]  06 60 00 1A 40 80 40 4E
  can0  0B4   [8]  00 00 00 00 00 00 00 BC
  can0  223   [8]  00 00 00 00 00 00 00 2D
  can0  2C1   [8]  08 03 04 02 FE D8 00 B2
  can0  260   [8]  08 FF F3 00 00 00 00 64
  can0  0B0   [6]  00 00 00 00 11 07
  can0  0B2   [6]  00 00 00 00 11 07
  can0  224   [8]  00 00 00 00 00 00 00 00
  can0  2D5   [2]  00 00
  can0  0B4   [8]  00 00 00 00 00 00 00 BC
  can0  0BA   [4]  05 FE 00 C1
  can0  232   [4]  03 03 08 46
  can0  262   [5]  20 00 00 00 89
  can0  2D0   [8]  0C 8A 09 00 B0 9C 00 C5
  can0  0B0   [6]  00 00 00 00 11 08
  can0  0B2   [6]  00 00 00 00 11 08
  can0  2C5   [4]  00 05 C0 90
  can0  2C4   [8]  06 61 00 1A 40 80 40 4F
  can0  0B4   [8]  00 00 00 00 00 00 00 BC
  can0  223   [8]  00 00 00 00 00 00 00 2D
  can0  2C6   [8]  00 00 00 00 00 00 00 D0
  can0  260   [8]  08 FF F3 00 00 00 00 64
  can0  0B0   [6]  00 00 00 00 11 09
  can0  0B2   [6]  00 00 00 00 11 09
  can0  224   [8]  00 00 00 00 00 00 00 00
  can0  2D5   [2]  00 00
  can0  262   [5]  20 00 00 00 89
  can0  0B4   [8]  00 00 00 00 00 00 00 BC
  can0  0BA   [4]  06 00 00 C4
  can0  232   [4]  03 03 08 46
  can0  2C1   [8]  08 03 02 03 03 D8 00 B6
  can0  0B0   [6]  00 00 00 00 11 0A
  can0  0B2   [6]  00 00 00 00 11 0A
  can0  260   [8]  08 FF F3 00 00 00 00 64
  can0  2C4   [8]  06 6C 00 1A 40 80 40 5A
  can0  2D0   [8]  0C 83 09 00 B0 9C 00 BE
  can0  0B4   [8]  00 00 00 00 00 00 00 BC
  can0  223   [8]  00 00 00 00 00 00 00 2D
  can0  0B0   [6]  00 00 00 00 11 0B
  can0  0B2   [6]  00 00 00 00 11 0B
  can0  224   [8]  00 00 00 00 00 00 00 00
  can0  2D5   [2]  00 00
  can0  262   [5]  20 00 00 00 89
  can0  2C6   [8]  00 00 00 00 00 00 00 D0
  can0  0B4   [8]  00 00 00 00 00 00 00 BC
  can0  0BA   [4]  05 FF 00 C2
  can0  232   [4]  03 03 08 46
  can0  260   [8]  08 FF F3 00 00 00 00 64
  can0  0B0   [6]  00 00 00 00 11 0C
  can0  0B2   [6]  00 00 00 00 11 0C
  can0  2C1   [8]  08 02 FA 03 03 D7 00 AC
  can0  2C4   [8]  06 6C 00 1A 40 80 40 5A
  can0  2C5   [4]  00 05 C0 90
  can0  0B4   [8]  00 00 00 00 00 00 00 BC
  can0  223   [8]  00 00 00 00 00 00 00 2D
  can0  262   [5]  20 00 00 00 89
  can0  442   [8]  40 02 00 00 02 00 00 00
  can0  2D5   [2]  00 00
  can0  0B0   [6]  00 00 00 00 11 0D
  can0  0B2   [6]  00 00 00 00 11 0D
  can0  224   [8]  00 00 00 00 00 00 00 00
  can0  2D0   [8]  0C 87 09 00 B0 9C 00 C2
  can0  0B4   [8]  00 00 00 00 00 00 00 BC
  can0  0BA   [4]  05 FE 00 C1
  can0  232   [4]  03 03 08 46
  can0  260   [8]  08 FF F3 00 00 00 00 64
  can0  2C6   [8]  00 00 00 00 00 00 00 D0
  can0  0B0   [6]  00 00 00 00 11 0E
  can0  0B2   [6]  00 00 00 00 11 0E
  can0  2C4   [8]  06 5F 00 1A 40 80 40 4D
  can0  262   [5]  20 00 00 00 89
  can0  3A0   [8]  00 00 00 00 00 00 00 00
  can0  610   [8]  20 00 00 64 00 00 00 00
  can0  0B4   [8]  00 00 00 00 00 00 00 BC
  can0  223   [8]  00 00 00 00 00 00 00 2D
  can0  2C1   [8]  08 03 02 03 05 D8 00 B8
  can0  2D5   [2]  00 00
  can0  0B0   [6]  00 00 00 00 11 0F
  can0  0B2   [6]  00 00 00 00 11 0F
  can0  224   [8]  00 00 00 00 00 00 00 00
  can0  260   [8]  08 FF F3 00 00 00 00 64
  can0  0B4   [8]  00 00 00 00 00 00 00 BC
  can0  0BA   [4]  05 FE 00 C1
  can0  232   [4]  03 03 08 46
  can0  2D0   [8]  0C 87 09 00 B0 9C 00 C2
  can0  0B0   [6]  00 00 00 00 11 00
  can0  0B2   [6]  00 00 00 00 11 00
  can0  262   [5]  20 00 00 00 89
  can0  2C4   [8]  06 61 00 1A 40 80 40 4F
  can0  2C5   [4]  00 05 C0 90
  can0  2C6   [8]  00 00 00 00 00 00 00 D0
  can0  0B4   [8]  00 00 00 00 00 00 00 BC
  can0  223   [8]  00 00 00 00 00 00 00 2D
  can0  2D5   [2]  00 00
  can0  3B3   [3]  06 61 28
  can0  260   [8]  08 FF F3 00 00 00 00 64
  can0  0B0   [6]  00 00 00 00 11 01
  can0  0B2   [6]  00 00 00 00 11 01
  can0  224   [8]  00 00 00 00 00 00 00 00
  can0  394   [1]  00
  can0  2C1   [8]  08 03 39 02 FF D9 00 E9
  can0  0B4   [8]  00 00 00 00 00 00 00 BC
  can0  0BA   [4]  05 FF 00 C2
  can0  232   [4]  03 03 08 46
  can0  262   [5]  20 00 00 00 89
  can0  0B0   [6]  00 00 00 00 11 02
  can0  0B2   [6]  00 00 00 00 11 02
  can0  2C4   [8]  06 67 00 1A 40 80 40 55
  can0  2D0   [8]  0C 82 09 00 B0 9C 00 BD
  can0  0B4   [8]  00 00 00 00 00 00 00 BC
  can0  223   [8]  00 00 00 00 00 00 00 2D
  can0  260   [8]  08 FF F3 00 00 00 00 64
  can0  2D5   [2]  00 00
  can0  0B0   [6]  00 00 00 00 11 03
  can0  0B2   [6]  00 00 00 00 11 03
  can0  224   [8]  00 00 00 00 00 00 00 00
  can0  2C6   [8]  00 00 00 00 00 00 00 D0
  can0  262   [5]  20 00 00 00 89
  can0  0B4   [8]  00 00 00 00 00 00 00 BC
  can0  0BA   [4]  05 FF 00 C2
  can0  232   [4]  03 03 08 46
  can0  7DF   [8]  02 01 10 00 00 00 00 00
  can0  7E8   [8]  04 41 10 02 05 00 00 00
  can0  0B0   [6]  00 00 00 00 11 04
  can0  0B2   [6]  00 00 00 00 11 04
  can0  2C1   [8]  08 02 F8 03 01 D7 00 A8
  can0  2C4   [8]  06 66 00 1A 40 80 40 54
  can0  260   [8]  08 FF F3 00 00 00 00 64
  can0  2C5   [4]  00 05 C0 90
  can0  0B4   [8]  00 00 00 00 00 00 00 BC
  can0  223   [8]  00 00 00 00 00 00 00 2D
  can0  3B7   [8]  00 00 00 00 00 00 00 00
  can0  440   [8]  42 02 00 00 00 00 00 00
  can0  2D5   [2]  00 00
  can0  0B0   [6]  00 00 00 00 11 05
  can0  0B2   [6]  00 00 00 00 11 05
  can0  224   [8]  00 00 00 00 00 00 00 00
  can0  262   [5]  20 00 00 00 89
  can0  2D0   [8]  0C 83 09 00 B0 9C 00 BE
  can0  0B4   [8]  00 00 00 00 00 00 00 BC
  can0  0BA   [4]  05 FE 00 C1
  can0  232   [4]  03 03 08 46
  can0  2C6   [8]  00 00 00 00 00 00 00 D0
  can0  260   [8]  08 FF F3 00 00 00 00 64
  can0  0B0   [6]  00 00 00 00 11 06
  can0  0B2   [6]  00 00 00 00 11 06
  can0  2C4   [8]  06 65 00 1A 40 80 40 53
  can0  0B4   [8]  00 00 00 00 00 00 00 BC
  can0  223   [8]  00 00 00 00 00 00 00 2D
  can0  262   [5]  20 00 00 00 89
  can0  2C1   [8]  08 02 FA 02 FF D7 00 A7
  can0  2D5   [2]  00 00
  can0  3A0   [8]  00 00 00 00 00 00 00 00
  can0  0B0   [6]  00 00 00 00 11 07
  can0  0B2   [6]  00 00 00 00 11 07
  can0  224   [8]  00 00 00 00 00 00 00 00
  can0  0B4   [8]  00 00 00 00 00 00 00 BC
  can0  0BA   [4]  05 FF 00 C2
  can0  232   [4]  03 03 08 46
  can0  260   [8]  08 FF F4 00 00 00 00 65
  can0  2D0   [8]  0C 83 09 00 B0 9C 00 BE
  can0  2C4   [8]  06 69 00 1A 40 80 40 57
  can0  0B0   [6]  00 00 00 00 11 08
  can0  0B2   [6]  00 00 00 00 11 08
  can0  2C5   [4]  00 05 C0 90
  can0  2C6   [8]  00 00 00 00 00 00 00 D0
  can0  262   [5]  20 00 00 00 89
  can0  0B4   [8]  00 00 00 00 00 00 00 BC
  can0  223   [8]  00 00 00 00 00 00 00 2D
  can0  2D5   [2]  00 00
  can0  0B0   [6]  00 00 00 00 11 09
  can0  0B2   [6]  00 00 00 00 11 09
  can0  224   [8]  00 00 00 00 00 00 00 00
  can0  260   [8]  08 FF F5 00 00 00 00 66
  can0  2C1   [8]  08 03 1E 03 07 D8 00 D6
  can0  0B4   [8]  00 00 00 00 00 00 00 BC
  can0  0BA   [4]  06 00 00 C4
  can0  232   [4]  03 03 08 46
  can0  2C4   [8]  06 68 00 1A 40 80 40 56
  can0  262   [5]  20 00 00 00 89
  can0  0B0   [6]  00 00 00 00 11 0A
  can0  0B2   [6]  00 00 00 00 11 0A
  can0  2D0   [8]  0C 87 09 00 B0 9C 00 C2
  can0  0B4   [8]  00 00 00 00 00 00 00 BC
  can0  223   [8]  00 00 00 00 00 00 00 2D
  can0  2D5   [2]  00 00
  can0  260   [8]  08 FF F5 00 00 00 00 66
  can0  2C6   [8]  00 00 00 00 00 00 00 D0
  can0  0B0   [6]  00 00 00 00 11 0B
  can0  0B2   [6]  00 00 00 00 11 0B
  can0  224   [8]  00 00 00 00 00 00 00 00
  can0  0B4   [8]  00 00 00 00 00 00 00 BC
  can0  0BA   [4]  05 FF 00 C2
  can0  232   [4]  03 03 08 46
  can0  262   [5]  20 00 00 00 89
  can0  2C4   [8]  06 67 00 1A 40 80 40 55
  can0  2C1   [8]  08 02 FE 02 FF D7 00 AB
  can0  0B0   [6]  00 00 00 00 11 0C
  can0  0B2   [6]  00 00 00 00 11 0C
  can0  2C5   [4]  00 05 C0 90
  can0  7DF   [8]  01 03 00 00 00 00 00 00
  can0  7E8   [8]  04 43 01 04 20 00 00 00
  can0  260   [8]  08 FF F5 00 00 00 00 66
  can0  0B4   [8]  00 00 00 00 00 00 00 BC
  can0  223   [8]  00 00 00 00 00 00 00 2D
  can0  2D5   [2]  00 00
  can0  442   [8]  40 02 00 00 02 00 00 00
  can0  7DF   [8]  02 01 11 00 00 00 00 00
  can0  7E8   [8]  03 41 11 35 00 00 00 00
  can0  2D0   [8]  0C 88 09 00 B0 9C 00 C3
  can0  0B0   [6]  00 00 00 00 11 0D
  can0  0B2   [6]  00 00 00 00 11 0D
  can0  224   [8]  00 00 00 00 00 00 00 00
  can0  262   [5]  20 00 00 00 89
  can0  0B4   [8]  00 00 00 00 00 00 00 BC
  can0  0BA   [4]  05 FF 00 C2
  can0  232   [4]  03 03 08 46
  can0  2C6   [8]  00 00 00 00 00 00 00 D0
  can0  2C4   [8]  06 63 00 1A 40 80 40 51
  can0  0B0   [6]  00 00 00 00 11 0E
  can0  0B2   [6]  00 00 00 00 11 0E
  can0  260   [8]  08 FF F5 00 00 00 00 66
  can0  2D5   [2]  00 00
  can0  0B4   [8]  00 00 00 00 00 00 00 BC
  can0  223   [8]  00 00 00 00 00 00 00 2D
  can0  2C1   [8]  08 02 FE 03 03 D7 00 B0
  can0  262   [5]  20 00 00 00 89
  can0  0B0   [6]  00 00 00 00 11 0F
  can0  0B2   [6]  00 00 00 00 11 0F
  can0  224   [8]  00 00 00 00 00 00 00 00
  can0  3A0   [8]  00 00 00 00 00 00 00 00
  can0  620   [8]  10 00 00 00 30 40 00 50
  can0  0B4   [8]  00 00 00 00 00 00 00 BC
  can0  0BA   [4]  06 02 00 C6
  can0  232   [4]  03 03 08 46
  can0  2D0   [8]  0C 86 09 00 B0 9C 00 C1
  can0  2C4   [8]  06 67 00 1A 40 80 40 55
  can0  260   [8]  08 FF F4 00 00 00 00 65
  can0  0B0   [6]  00 00 00 00 11 00
  can0  0B2   [6]  00 00 00 00 11 00
  can0  2C5   [4]  00 05 C0 90
  can0  2C6   [8]  00 00 00 00 00 00 00 D0
  can0  2D5   [2]  00 00
  can0  0B4   [8]  00 00 00 00 00 00 00 BC
  can0  223   [8]  00 00 00 00 00 00 00 2D
  can0  262   [5]  20 00 00 00 89
  can0  0B0   [6]  00 00 00 00 11 01
  can0  0B2   [6]  00 00 00 00 11 01
  can0  224   [8]  00 00 00 00 00 00 00 00
  can0  2C1   [8]  08 02 FF 03 09 D7 00 B7
  can0  260   [8]  08 FF F4 00 00 00 00 65
  can0  0B4   [8]  00 00 00 00 00 00 00 BC
  can0  0BA   [4]  06 01 00 C5
  can0  232   [4]  03 03 08 46
  can0  2C4   [8]  06 72 00 1A 40 80 40 60
  can0  0B0   [6]  00 00 00 00 11 02
  can0  0B2   [6]  00 00 00 00 11 02
  can0  2D0   [8]  0C 8B 09 00 B0 9C 00 C6
  can0  262   [5]  20 00 00 00 89
  can0  2D5   [2]  00 00
  can0  0B4   [8]  00 00 00 00 00 00 00 BC
  can0  223   [8]  00 00 00 00 00 00 00 2D
  can0  2C6   [8]  00 00 00 00 00 00 00 D0
  can0  0B0   [6]  00 00 00 00 11 03
  can0  0B2   [6]  00 00 00 00 11 03
  can0  224   [8]  00 00 00 00 00 00 00 00
  can0  260   [8]  08 FF F3 00 00 00 00 64
  can0  0B4   [8]  00 00 00 00 00 00 00 BC
  can0  0BA   [4]  06 01 00 C5
  can0  232   [4]  03 03 08 46
  can0  2C4   [8]  06 6A 00 1A 40 80 40 58
  can0  2C1   [8]  08 02 F9 03 07 D7 00 AF
  can0  262   [5]  20 00 00 00 89
  can0  0B0   [6]  00 00 00 00 11 04
  can0  0B2   [6]  00 00 00 00 11 04
  can0  2C5   [4]  00 05 C0 90
  can0  4C8   [8]  09 00 01 06 00 00 00 00
  can0  2D5   [2]  00 00
  can0  0B4   [8]  00 00 00 00 00 00 00 BC
  can0  223   [8]  00 00 00 00 00 00 00 2D
  can0  440   [8]  42 02 00 00 00 00 00 00
  can0  260   [8]  08 FF F3 00 00 00 00 64
  can0  2D0   [8]  0C 90 09 00 B0 9C 00 CB
  can0  0B0   [6]  00 00 00 00 11 05
  can0  0B2   [6]  00 00 00 00 11 05
  can0  224   [8]  00 00 00 00 00 00 00 00
  can0  7DF   [8]  02 01 0E 00 00 00 00 00
  can0  7E8   [8]  03 41 0E 93 00 00 00 00
  can0  2C6   [8]  00 00 00 00 00 00 00 D0
  can0  0B4   [8]  00 00 00 00 00 00 00 BC
  can0  0BA   [4]  06 01 00 C5
  can0  232   [4]  03 03 08 46
  can0  262   [5]  20 00 00 00 89
  can0  2C4   [8]  06 61 00 1A 40 80 40 4F
  can0  0B0   [6]  00 00 00 00 11 06
  can0  0B2   [6]  00 00 00 00 11 06
  can0  2D5   [2]  00 00
  can0  260   [8]  08 FF F3 00 00 00 00 64
  can0  2C1   [8]  08 03 56 03 05 DA 00 0E
  can0  0B4   [8]  00 00 00 00 00 00 00 BC
  can0  223   [8]  00 00 00 00 00 00 00 2D
  can0  0B0   [6]  00 00 00 00 11 07
  can0  0B2   [6]  00 00 00 00 11 07
  can0  224   [8]  00 00 00 00 00 00 00 00
  can0  262   [5]  20 00 00 00 89
  can0  3A0   [8]  00 00 00 00 00 00 00 00
  can0  2D0   [8]  0C 8A 09 00 B0 9C 00 C5
  can0  0B4   [8]  00 00 00 00 00 00 00 BC
  can0  0BA   [4]  06 01 00 C5
  can0  232   [4]  03 03 08 46
  can0  2C4   [8]  06 60 00 1A 40 80 40 4E
  can0  0B0   [6]  00 00 00 00 11 08
  can0  0B2   [6]  00 00 00 00 11 08
  can0  260   [8]  08 FF F3 00 00 00 00 64
  can0  2C6   [8]  00 00 00 00 00 00 00 D0
  can0  2C5   [4]  00 05 C0 90
  can0  2D5   [2]  00 00
  can0  0B4   [8]  00 00 00 00 00 00 00 BC
  can0  223   [8]  00 00 00 00 00 00 00 2D
  can0  262   [5]  20 00 00 00 89
  can0  0B0   [6]  00 00 00 00 11 09
  can0  0B2   [6]  00 00 00 00 11 09
  can0  224   [8]  00 00 00 00 00 00 00 00
  can0  2C1   [8]  08 03 22 03 0E D9 00 E2
  can0  0B4   [8]  00 00 00 00 00 00 00 BC
  can0  0BA   [4]  06 01 00 C5
  can0  232   [4]  03 03 08 46
  can0  2C4   [8]  06 64 00 1A 40 80 40 52
  can0  260   [8]  08 FF F3 00 00 00 00 64
  can0  4DC   [8]  1D 00 01 07 00 00 00 00
  can0  0B0   [6]  00 00 00 00 11 0A
  can0  0B2   [6]  00 00 00 00 11 0A
  can0  2D0   [8]  0C 85 09 00 B0 9C 00 C0
  can0  394   [1]  00
  can0  2D5   [2]  00 00
  can0  0B4   [8]  00 00 00 00 00 00 00 BC
  can0  223   [8]  00 00 00 00 00 00 00 2D
  can0  262   [5]  20 00 00 00 89
  can0  2C6   [8]  00 00 00 00 00 00 00 D0
  can0  0B0   [6]  00 00 00 00 11 0B
  can0  0B2   [6]  00 00 00 00 11 0B
  can0  224   [8]  00 00 00 00 00 00 00 00
  can0  260   [8]  08 FF F3 00 00 00 00 64
  can0  2C4   [8]  06 69 00 1A 40 80 40 57
  can0  0B4   [8]  00 00 00 00 00 00 00 BC
  can0  0BA   [4]  06 01 00 C5
  can0  232   [4]  03 03 08 46
  can0  2C1   [8]  08 02 FF 03 06 D7 00 B4
  can0  0B0   [6]  00 00 00 00 11 0C
  can0  0B2   [6]  00 00 00 00 11 0C
  can0  2C5   [4]  00 05 C0 90
  can0  2D5   [2]  00 00
  can0  262   [5]  20 00 00 00 89
  can0  442   [8]  40 02 00 00 02 00 00 00
  can0  0B4   [8]  00 00 00 00 00 00 00 BC
  can0  223   [8]  00 00 00 00 00 00 00 2D
  can0  2D0   [8]  0C 85 09 00 B0 9C 00 C0
  can0  0B0   [6]  00 00 00 00 11 0D
  can0  0B2   [6]  00 00 00 00 11 0D
  can0  224   [8]  00 00 00 00 00 00 00 00
  can0  260   [8]  08 FF F3 00 00 00 00 64
  can0  3B0   [5]  00 00 00 48 00
  can0  2C6   [8]  00 00 00 00 00 00 00 D0
  can0  2C4   [8]  06 62 00 1A 40 80 40 50
  can0  0B4   [8]  00 00 00 00 00 00 00 BC
  can0  0BA   [4]  06 00 00 C4
  can0  232   [4]  03 03 08 46
  can0  3B7   [8]  00 00 00 00 00 00 00 00
  can0  7DF   [8]  02 01 06 00 00 00 00 00
  can0  7E8   [8]  03 41 06 76 00 00 00 00
  can0  262   [5]  20 00 00 00 89
  can0  0B0   [6]  00 00 00 00 11 0E
  can0  0B2   [6]  00 00 00 00 11 0E
  can0  2D5   [2]  00 00
  can0  2C1   [8]  08 03 36 03 09 D9 00 F1
  can0  0B4   [8]  00 00 00 00 00 00 00 BC
  can0  223   [8]  00 00 00 00 00 00 00 2D
  can0  260   [8]  08 FF F3 00 00 00 00 64
  can0  0B0   [6]  00 00 00 00 11 0F
  can0  0B2   [6]  00 00 00 00 11 0F
  can0  224   [8]  00 00 00 00 00 00 00 00
  can0  2D0   [8]  0C 86 09 00 B0 9C 00 C1
  can0  2C4   [8]  06 69 00 1A 40 80 40 57
  can0  0B4   [8]  00 00 00 00 00 00 00 BC
  can0  0BA   [4]  06 01 00 C5
  can0  232   [4]  03 03 08 46
  can0  262   [5]  20 00 00 00 89
  can0  3A0   [8]  00 00 00 00 00 00 00 00
  can0  398   [2]  02 00
  can0  2C6   [8]  00 00 00 00 00 00 00 D0
  can0  0B0   [6]  00 00 00 00 11 00
  can0  0B2   [6]  00 00 00 00 11 00
  can0  2D5   [2]  00 00
  can0  2C5   [4]  00 05 C0 90
  can0  260   [8]  08 FF F3 00 00 00 00 64
  can0  0B4   [8]  00 00 00 00 00 00 00 BC
  can0  223   [8]  00 00 00 00 00 00 00 2D
  can0  2C1   [8]  08 02 FB 03 09 D7 00 B3
  can0  0B0   [6]  00 00 00 00 11 01
  can0  0B2   [6]  00 00 00 00 11 01
  can0  224   [8]  00 00 00 00 00 00 00 00
  can0  262   [5]  20 00 00 00 89
  can0  2C4   [8]  06 72 00 1A 40 80 40 60
  can0  0B4   [8]  00 00 00 00 00 00 00 BC
  can0  0BA   [4]  06 01 00 C5
  can0  232   [4]  03 03 08 46
  can0  2D0   [8]  0C 87 09 00 B0 9C 00 C2
  can0  260   [8]  08 FF F3 00 00 00 00 64
  can0  0B0   [6]  00 00 00 00 11 02
  can0  0B2   [6]  00 00 00 00 11 02
  can0  2D5   [2]  00 00
  can0  380   [8]  00 20 00 00 00 00 27 00
  can0  0B4   [8]  00 00 00 00 00 00 00 BC
  can0  223   [8]  00 00 00 00 00 00 00 2D
  can0  2C6   [8]  00 00 00 00 00 00 00 D0
  can0  262   [5]  20 00 00 00 89
  can0  0B0   [6]  00 00 00 00 11 03
  can0  0B2   [6]  00 00 00 00 11 03
  can0  224   [8]  00 00 00 00 00 00 00 00
  can0  2C4   [8]  06 6E 00 1A 40 80 40 5C
  can0  0B4   [8]  00 00 00 00 00 00 00 BC
  can0  0BA   [4]  05 FF 00 C2
  can0  232   [4]  03 03 08 46
  can0  2C1   [8]  08 02 FB 03 0B D7 00 B5
  can0  260   [8]  08 FF F4 00 00 00 00 65
  can0  2D5   [2]  00 00
  can0  0B0   [6]  00 00 00 00 11 04
  can0  0B2   [6]  00 00 00 00 11 04
  can0  2C5   [4]  00 05 C0 90
  can0  440   [8]  42 02 00 00 00 00 00 00
  can0  262   [5]  20 00 00 00 89
  can0  0B4   [8]  00 00 00 00 00 00 00 BC
  can0  223   [8]  00 00 00 00 00 00 00 2D
  can0  3A1   [8]  00 00 00 00 00 00 00 00
  can0  2D0   [8]  0C 91 09 00 B0 9C 00 CC
  can0  0B0   [6]  00 00 00 00 11 05
  can0  0B2   [6]  00 00 00 00 11 05
  can0  224   [8]  00 00 00 00 00 00 00 00
  can0  2C4   [8]  06 6B 00 1A 40 80 40 59
  can0  2C6   [8]  00 00 00 00 00 00 00 D0
  can0  260   [8]  08 FF F3 00 00 00 00 64
  can0  0B4   [8]  00 00 00 00 00 00 00 BC
  can0  0BA   [4]  06 00 00 C4
  can0  232   [4]  03 03 08 46
  can0  2D5   [2]  00 00
  can0  0B0   [6]  00 00 00 00 11 06
  can0  0B2   [6]  00 00 00 00 11 06
  can0  7DF   [8]  02 01 07 00 00 00 00 00
  can0  262   [5]  20 00 00 00 89
  can0  2C1   [8]  08 03 35 03 15 D9 00 FC
  can0  7E8   [8]  03 41 07 88 00 00 00 00
  can0  0B4   [8]  00 00 00 00 00 00 00 BC
  can0  223   [8]  00 00 00 00 00 00 00 2D
  can0  260   [8]  08 FF F4 00 00 00 00 65
  can0  0B0   [6]  00 00 00 00 11 07
  can0  0B2   [6]  00 00 00 00 11 07
  can0  224   [8]  00 00 00 00 00 00 00 00
  can0  2C4   [8]  06 6A 00 1A 40 80 40 58
  can0  2D0   [8]  0C 94 09 00 B0 9C 00 CF
  can0  0B4   [8]  00 00 00 00 00 00 00 BC
  can0  0BA   [4]  06 01 00 C5
  can0  232   [4]  03 03 08 46
  can0  262   [5]  20 00 00 00 89
  can0  3A0   [8]  00 00 00 00 00 00 00 00
  can0  2C6   [8]  00 00 00 00 00 00 00 D0
  can0  2D5   [2]  00 00
  can0  610   [8]  20 00 00 64 00 00 00 00
  can0  0B0   [6]  00 00 00 00 11 08
  can0  0B2   [6]  00 00 00 00 11 08
  can0  620   [8]  10 00 00 00 30 40 00 50
  can0  2C5   [4]  00 05 C0 90
  can0  0B4   [8]  00 00 00 00 00 00 00 BC
  can0  223   [8]  00 00 00 00 00 00 00 2D
  can0  260   [8]  08 FF F5 00 00 00 00 66
  can0  611   [8]  21 00 00 10 00 03 C1 4F
  can0  2C1   [8]  08 03 06 03 0E D8 00 C5
  can0  0B0   [6]  00 00 00 00 11 09
  can0  0B2   [6]  00 00 00 00 11 09
  can0  224   [8]  00 00 00 00 00 00 00 00
  can0  2C4   [8]  06 72 00 1A 40 80 40 60
  can0  262   [5]  20 00 00 00 89
  can0  0B4   [8]  00 00 00 00 00 00 00 BC
  can0  0BA   [4]  06 01 00 C5
  can0  232   [4]  03 03 08 46
  can0  2D0   [8]  0C 92 09 00 B0 9C 00 CD
  can0  2D5   [2]  00 00
  can0  0B0   [6]  00 00 00 00 11 0A
  can0  0B2   [6]  00 00 00 00 11 0A
  can0  260   [8]  08 FF F5 00 00 00 00 66
  can0  2C6   [8]  00 00 00 00 00 00 00 D0
  can0  0B4   [8]  00 00 00 00 00 00 00 BC
  can0  223   [8]  00 00 00 00 00 00 00 2D
  can0  0B0   [6]  00 00 00 00 11 0B
  can0  0B2   [6]  00 00 00 00 11 0B
  can0  224   [8]  00 00 00 00 00 00 00 00
  can0  2C4   [8]  06 71 00 1A 40 80 40 5F
  can0  262   [5]  20 00 00 00 89
  can0  3B3   [3]  06 72 28
  can0  0B4   [8]  00 00 00 00 00 00 00 BC
  can0  0BA   [4]  05 FF 00 C2
  can0  232   [4]  03 03 08 46
  can0  2C1   [8]  08 02 FA 03 08 D7 00 B1
  can0  2D5   [2]  00 00
  can0  260   [8]  08 FF F5 00 00 00 00 66
  can0  0B0   [6]  00 00 00 00 11 0C
  can0  0B2   [6]  00 00 00 00 11 0C
  can0  442   [8]  40 02 00 00 02 00 00 00
  can0  2C5   [4]  00 05 C0 90
  can0  2D0   [8]  0C 99 09 00 B0 9C 00 D4
  can0  0B4   [8]  00 00 00 00 00 00 00 BC
  can0  223   [8]  00 00 00 00 00 00 00 2D
  can0  262   [5]  20 00 00 00 89
  can0  0B0   [6]  00 00 00 00 11 0D
  can0  0B2   [6]  00 00 00 00 11 0D
  can0  224   [8]  00 00 00 00 00 00 00 00
  can0  2C4   [8]  06 6C 00 1A 40 80 40 5A
  can0  2C6   [8]  00 00 00 00 00 00 00 D0
  can0  621   [8]  11 00 00 00 00 00 00 00
  can0  0B4   [8]  00 00 00 00 00 00 00 BC
  can0  0BA   [4]  06 00 00 C4
  can0  232   [4]  03 03 08 46
  can0  260   [8]  08 FF F4 00 00 00 00 65
  can0  2D5   [2]  00 00
  can0  0B0   [6]  00 00 00 00 11 0E
  can0  0B2   [6]  00 00 00 00 11 0E
  can0  2C1   [8]  08 02 FF 03 07 D7 00 B5
  can0  4DD   [8]  1E 00 00 05 00 00 00 00
  can0  262   [5]  20 00 00 00 89
  can0  0B4   [8]  00 00 00 00 00 00 00 BC
  can0  223   [8]  00 00 00 00 00 00 00 2D
  can0  7DF   [8]  02 01 15 00 00 00 00 00
  can0  622   [8]  12 00 00 00 00 00 00 00
  can0  7E8   [8]  04 41 15 00 FF 00 00 00
  can0  2C4   [8]  06 69 00 1A 40 80 40 57
  can0  0B0   [6]  00 00 00 00 11 0F
  can0  0B2   [6]  00 00 00 00 11 0F
  can0  224   [8]  00 00 00 00 00 00 00 00
  can0  2D0   [8]  0C 98 09 00 B0 9C 00 D3
  can0  260   [8]  08 FF F3 00 00 00 00 64
  can0  624   [8]  1A 00 00 49 49 00 00 00
  can0  0B4   [8]  00 00 00 00 00 00 00 BC
  can0  0BA   [4]  06 00 00 C4
  can0  232   [4]  03 03 08 46
  can0  2D5   [2]  00 00
  can0  2C6   [8]  00 00 00 00 00 00 00 D0
  can0  0B0   [6]  00 00 00 00 11 00
  can0  0B2   [6]  00 00 00 00 11 00
  can0  262   [5]  20 00 00 00 89
  can0  2C5   [4]  00 05 C0 90
  can0  3A0   [8]  00 00 00 00 00 00 00 00
  can0  630   [8]  17 00 00 00 00 00 00 00
  can0  0B4   [8]  00 00 00 00 00 00 00 BC
  can0  223   [8]  00 00 00 00 00 00 00 2D
  can0  4C3   [8]  04 00 12 07 00 00 00 00
  can0  2C1   [8]  08 03 0D 03 03 D8 00 C1
  can0  260   [8]  08 FF F3 00 00 00 00 64
  can0  2C4   [8]  06 70 00 1A 40 80 40 5E
  can0  0B0   [6]  00 00 00 00 11 01
  can0  0B2   [6]  00 00 00 00 11 01
  can0  224   [8]  00 00 00 00 00 00 00 00
  can0  638   [8]  13 00 10 00 00 00 00 00
  can0  0B4   [8]  00 00 00 00 00 00 00 BC
  can0  0BA   [4]  05 FF 00 C2
  can0  232   [4]  03 03 08 46
  can0  2D5   [2]  00 00
  can0  262   [5]  20 00 00 00 89
  can0  2D0   [8]  0C 96 09 00 B0 9C 00 D1
  can0  0B0   [6]  00 00 00 00 11 02
  can0  0B2   [6]  00 00 00 00 11 02
  can0  2C6   [8]  00 00 00 00 00 00 00 D0
  can0  0B4   [8]  00 00 00 00 00 00 00 BC
  can0  223   [8]  00 00 00 00 00 00 00 2D
  can0  260   [8]  08 FF F3 00 00 00 00 64
  can0  2C4   [8]  06 6D 00 1A 40 80 40 5B
  can0  394   [1]  00
  can0  0B0   [6]  00 00 00 00 11 03
  can0  0B2   [6]  00 00 00 00 11 03
  can0  224   [8]  00 00 00 00 00 00 00 00
  can0  262   [5]  20 00 00 00 89
  can0  2C1   [8]  08 02 F8 03 01 D7 00 A8
  can0  0B4   [8]  00 00 00 00 00 00 00 BC
  can0  0BA   [4]  05 FF 00 C2
  can0  232   [4]  03 03 08 46
  can0  640   [8]  A8 00 00 00 01 89 00 00
  can0  2D5   [2]  00 00
  can0  0B0   [6]  00 00 00 00 11 04
  can0  0B2   [6]  00 00 00 00 11 04
  can0  440   [8]  42 02 00 00 00 00 00 00
  can0  2C5   [4]  00 05 C0 90
  can0  260   [8]  08 FF F3 00 00 00 00 64
  can0  2D0   [8]  0C 97 09 00 B0 9C 00 D2
  can0  0B4   [8]  00 00 00 00 00 00 00 BC
  can0  223   [8]  00 00 00 00 00 00 00 2D
  can0  2C4   [8]  06 69 00 1A 40 80 40 57
  can0  0B0   [6]  00 00 00 00 11 05
  can0  0B2   [6]  00 00 00 00 11 05
  can0  224   [8]  00 00 00 00 00 00 00 00
  can0  262   [5]  20 00 00 00 89
  can0  2C6   [8]  00 00 00 00 00 00 00 D0
  can0  0B4   [8]  00 00 00 00 00 00 00 BC
  can0  0BA   [4]  05 FF 00 C2
  can0  232   [4]  03 03 08 46
  can0  2D5   [2]  00 00
  can0  260   [8]  08 FF F3 00 00 00 00 64
  can0  0B0   [6]  00 00 00 00 11 06
  can0  0B2   [6]  00 00 00 00 11 06
  can0  2C1   [8]  08 03 26 03 03 D9 00 DB
  can0  0B4   [8]  00 00 00 00 00 00 00 BC
  can0  223   [8]  00 00 00 00 00 00 00 2D
  can0  3B7   [8]  00 00 00 00 00 00 00 00
  can0  262   [5]  20 00 00 00 89
  can0  2C4   [8]  06 69 00 1A 40 80 40 57
  can0  2D0   [8]  0C 93 09 00 B0 9C 00 CE
  can0  4C1   [8]  01 00 09 08 00 00 00 00
  can0  0B0   [6]  00 00 00 00 11 07
  can0  0B2   [6]  00 00 00 00 11 07
  can0  224   [8]  00 00 00 00 00 00 00 00
  can0  7DF   [8]  02 01 1F 00 00 00 00 00
  can0  7E8   [8]  04 41 1F 00 1C 00 00 00
  can0  2D5   [2]  00 00
  can0  260   [8]  08 FF F3 00 00 00 00 64
  can0  0B4   [8]  00 00 00 00 00 00 00 BC
  can0  0BA   [4]  06 00 00 C4
  can0  232   [4]  03 03 08 46
  can0  2C6   [8]  00 00 00 00 00 00 00 D0
  can0  0B0   [6]  00 00 00 00 11 08
  can0  0B2   [6]  00 00 00 00 11 08
  can0  2C5   [4]  00 05 C0 90
  can0  262   [5]  20 00 00 00 89
  can0  3A0   [8]  00 00 00 00 00 00 00 00
  can0  0B4   [8]  00 00 00 00 00 00 00 BC
  can0  223   [8]  00 00 00 00 00 00 00 2D
  can0  2C1   [8]  08 03 04 02 FE D8 00 B2
  can0  2C4   [8]  06 73 00 1A 40 80 40 61
  can0  0B0   [6]  00 00 00 00 11 09
  can0  0B2   [6]  00 00 00 00 11 09
  can0  224   [8]  00 00 00 00 00 00 00 00
  can0  260   [8]  08 FF F3 00 00 00 00 64
  can0  2D5   [2]  00 00
  can0  0B4   [8]  00 00 00 00 00 00 00 BC
  can0  0BA   [4]  05 FF 00 C2
  can0  232   [4]  03 03 08 46
  can0  2D0   [8]  0C 96 09 00 B0 9C 00 D1
  can0  262   [5]  20 00 00 00 89
  can0  0B0   [6]  00 00 00 00 11 0A
  can0  0B2   [6]  00 00 00 00 11 0A
  can0  2C6   [8]  00 00 00 00 00 00 00 D0
  can0  0B4   [8]  00 00 00 00 00 00 00 BC
  can0  223   [8]  00 00 00 00 00 00 00 2D
  can0  2C4   [8]  06 73 00 1A 40 80 40 61
  can0  260   [8]  08 FF F3 00 00 00 00 64
  can0  0B0   [6]  00 00 00 00 11 0B
  can0  0B2   [6]  00 00 00 00 11 0B
  can0  224   [8]  00 00 00 00 00 00 00 00
  can0  2C1   [8]  08 02 F6 02 FA D7 00 9E
  can0  2D5   [2]  00 00
  can0  0B4   [8]  00 00 00 00 00 00 00 BC
  can0  0BA   [4]  05 FE 00 C1
  can0  232   [4]  03 03 08 46
  can0  262   [5]  20 00 00 00 89
  can0  442   [8]  40 02 00 00 02 00 00 00
  can0  0B0   [6]  00 00 00 00 11 0C
  can0  0B2   [6]  00 00 00 00 11 0C
  can0  2C5   [4]  00 05 C0 90
  can0  2D0   [8]  0C 98 09 00 B0 9C 00 D3
  can0  260   [8]  08 FF F3 00 00 00 00 64
  can0  0B4   [8]  00 00 00 00 00 00 00 BC
  can0  223   [8]  00 00 00 00 00 00 00 2D
  can0  2C4   [8]  06 66 00 1A 40 80 40 54
  can0  2C6   [8]  00 00 00 00 00 00 00 D0
  can0  0B0   [6]  00 00 00 00 11 0D
  can0  0B2   [6]  00 00 00 00 11 0D
  can0  224   [8]  00 00 00 00 00 00 00 00
  can0  262   [5]  20 00 00 00 89
  can0  2D5   [2]  00 00
  can0  0B4   [8]  00 00 00 00 00 00 00 BC
  can0  0BA   [4]  05 FF 00 C2
  can0  232   [4]  03 03 08 46
  can0  2C1   [8]  08 03 5A 02 F3 DA 00 FF
  can0  0B0   [6]  00 00 00 00 11 0E
  can0  0B2   [6]  00 00 00 00 11 0E
  can0  260   [8]  08 FF F3 00 00 00 00 64
  can0  0B4   [8]  00 00 00 00 00 00 00 BC
  can0  223   [8]  00 00 00 00 00 00 00 2D
  can0  2C4   [8]  06 6A 00 1A 40 80 40 58
  can0  2D0   [8]  0C 92 09 00 B0 9C 00 CD
  can0  262   [5]  20 00 00 00 89
  can0  0B0   [6]  00 00 00 00 11 0F
  can0  0B2   [6]  00 00 00 00 11 0F
  can0  224   [8]  00 00 00 00 00 00 00 00
  can0  2D5   [2]  00 00
  can0  0B4   [8]  00 00 00 00 00 00 00 BC
  can0  0BA   [4]  05 FF 00 C2
  can0  232   [4]  03 03 08 46
  can0  2C6   [8]  00 00 00 00 00 00 00 D0
  can0  7DF   [8]  02 01 2F 00 00 00 00 00
  can0  260   [8]  08 FF F3 00 00 00 00 64
  can0  0B0   [6]  00 00 00 00 11 00
  can0  0B2   [6]  00 00 00 00 11 00
  can0  2C5   [4]  00 05 C0 90
  can0  0B4   [8]  00 00 00 00 00 00 00 BC
  can0  223   [8]  00 00 00 00 00 00 00 2D
  can0  2C1   [8]  08 02 F5 02 F3 D7 00 96
  can0  2C4   [8]  06 6E 00 1A 40 80 40 5C
  can0  262   [5]  20 00 00 00 89
  can0  3A0   [8]  00 00 00 00 00 00 00 00
  can0  620   [8]  10 00 00 00 30 40 00 50
  can0  0B0   [6]  00 00 00 00 11 01
  can0  0B2   [6]  00 00 00 00 11 01
  can0  224   [8]  00 00 00 00 00 00 00 00
  can0  2D5   [2]  00 00
  can0  260   [8]  08 FF F3 00 00 00 00 64
  can0  2D0   [8]  0C 92 09 00 B0 9C 00 CD
  can0  0B4   [8]  00 00 00 00 00 00 00 BC
  can0  0BA   [4]  05 FF 00 C2
  can0  232   [4]  03 03 08 46
  can0  0B0   [6]  00 00 00 00 11 02
  can0  0B2   [6]  00 00 00 00 11 02
  can0  2C6   [8]  00 00 00 00 00 00 00 D0
  can0  262   [5]  20 00 00 00 89
  can0  2C4   [8]  06 66 00 1A 40 80 40 54
  can0  0B4   [8]  00 00 00 00 00 00 00 BC
  can0  223   [8]  00 00 00 00 00 00 00 2D
  can0  0B0   [6]  00 00 00 00 11 03
  can0  0B2   [6]  00 00 00 00 11 03
  can0  224   [8]  00 00 00 00 00 00 00 00
  can0  260   [8]  08 FF F3 00 00 00 00 64
  can0  2C1   [8]  08 02 FA 02 F0 D7 00 98
  can0  2D5   [2]  00 00
  can0  0B4   [8]  00 00 00 00 00 00 00 BC
  can0  0BA   [4]  05 FE 00 C1
  can0  232   [4]  03 03 08 46
  can0  440   [8]  42 02 00 00 00 00 00 00
  can0  262   [5]  20 00 00 00 89
  can0  0B0   [6]  00 00 00 00 11 04
  can0  0B2   [6]  00 00 00 00 11 04
  can0  2C5   [4]  00 05 C0 90
  can0  2D0   [8]  0C 8D 09 00 B0 9C 00 C8
  can0  2C4   [8]  06 63 00 1A 40 80 40 51
  can0  0B4   [8]  00 00 00 00 00 00 00 BC
  can0  223   [8]  00 00 00 00 00 00 00 2D
  can0  260   [8]  08 FF F5 00 00 00 00 66
  can0  2C6   [8]  00 00 00 00 00 00 00 D0
  can0  0B0   [6]  00 00 00 00 11 05
  can0  0B2   [6]  00 00 00 00 11 05
  can0  224   [8]  00 00 00 00 00 00 00 00
  can0  2D5   [2]  00 00
  can0  0B4   [8]  00 00 00 00 00 00 00 BC
  can0  0BA   [4]  06 00 00 C4
  can0  232   [4]  03 03 08 46
  can0  262   [5]  20 00 00 00 89
  can0  2C1   [8]  08 03 2D 02 ED D9 00 CB
  can0  3B1   [8]  00 00 02 2A A0 00 00 00
  can0  0B0   [6]  00 00 00 00 11 06
  can0  0B2   [6]  00 00 00 00 11 06
  can0  260   [8]  08 FF F5 00 00 00 00 66
  can0  2C4   [8]  06 67 00 1A 40 80 40 55
  can0  0B4   [8]  00 00 00 00 00 00 00 BC
  can0  223   [8]  00 00 00 00 00 00 00 2D
  can0  2D0   [8]  0C 8B 09 00 B0 9C 00 C6
  can0  0B0   [6]  00 00 00 00 11 07
  can0  0B2   [6]  00 00 00 00 11 07
  can0  224   [8]  00 00 00 00 00 00 00 00
  can0  2D5   [2]  00 00
  can0  262   [5]  20 00 00 00 89
  can0  2C6   [8]  00 00 00 00 00 00 00 D0
  can0  0B4   [8]  00 00 00 00 00 00 00 BC
  can0  0BA   [4]  06 01 00 C5
  can0  232   [4]  03 03 08 46
  can0  3B4   [8]  00 00 3E 4C 80 00 00 00
  can0  2C5   [4]  00 05 C0 90
  can0  0B0   [6]  00 00 00 00 11 08
  can0  0B2   [6]  00 00 00 00 11 08
  can0  260   [8]  08 FF F5 00 00 00 00 66
  can0  2C4   [8]  06 6E 00 1A 40 80 40 5C
  can0  2C1   [8]  08 02 EF 02 ED D7 00 8A
  can0  0B4   [8]  00 00 00 00 00 00 00 BC
  can0  223   [8]  00 00 00 00 00 00 00 2D
  can0  262   [5]  20 00 00 00 89
  can0  3A0   [8]  00 00 00 00 00 00 00 00
  can0  0B0   [6]  00 00 00 00 11 09
  can0  0B2   [6]  00 00 00 00 11 09
  can0  224   [8]  00 00 00 00 00 00 00 00
  can0  2D5   [2]  00 00
  can0  2D0   [8]  0C 8B 09 00 B0 9C 00 C6
  can0  0B4   [8]  00 00 00 00 00 00 00 BC
  can0  0BA   [4]  06 00 00 C4
  can0  232   [4]  03 03 08 46
  can0  260   [8]  08 FF F4 00 00 00 00 65
  can0  0B0   [6]  00 00 00 00 11 0A
  can0  0B2   [6]  00 00 00 00 11 0A
  can0  2C6   [8]  00 00 00 00 00 00 00 D0
  can0  2C4   [8]  06 66 00 1A 40 80 40 54
  can0  0B4   [8]  00 00 00 00 00 00 00 BC
  can0  223   [8]  00 00 00 00 00 00 00 2D
  can0  262   [5]  20 00 00 00 89
  can0  2D5   [2]  00 00
  can0  0B0   [6]  00 00 00 00 11 0B
  can0  0B2   [6]  00 00 00 00 11 0B
  can0  224   [8]  00 00 00 00 00 00 00 00
  can0  2C1   [8]  08 02 F4 02 F0 D7 00 92
  can0  260   [8]  08 FF F3 00 00 00 00 64
  can0  442   [8]  40 02 00 00 02 00 00 00
  can0  0B4   [8]  00 00 00 00 00 00 00 BC
  can0  0BA   [4]  05 FF 00 C2
  can0  232   [4]  03 03 08 46
  can0  394   [1]  00
  can0  2C5   [4]  00 05 C0 90
  can0  2D0   [8]  0C 8C 09 00 B0 9C 00 C7
  can0  0B0   [6]  00 00 00 00 11 0C
  can0  0B2   [6]  00 00 00 00 11 0C
  can0  262   [5]  20 00 00 00 89
  can0  2C4   [8]  06 62 00 1A 40 80 40 50
  can0  0B4   [8]  00 00 00 00 00 00 00 BC
  can0  223   [8]  00 00 00 00 00 00 00 2D
  can0  2C6   [8]  00 00 00 00 00 00 00 D0
  can0  2D5   [2]  00 00
  can0  260   [8]  08 FF F3 00 00 00 00 64
  can0  0B0   [6]  00 00 00 00 11 0D
  can0  0B2   [6]  00 00 00 00 11 0D
  can0  224   [8]  00 00 00 00 00 00 00 00
  can0  38A   [5]  08 04 00 00 00
  can0  0B4   [8]  00 00 00 00 00 00 00 BC
  can0  0BA   [4]  06 02 00 C6
  can0  232   [4]  03 03 08 46
  can0  2C1   [8]  08 03 36 02 ED D9 00 D4
  can0  262   [5]  20 00 00 00 89
  can0  0B0   [6]  00 00 00 00 11 0E
  can0  0B2   [6]  00 00 00 00 11 0E
  can0  2C4   [8]  06 60 00 1A 40 80 40 4E
  can0  0B4   [8]  00 00 00 00 00 00 00 BC
  can0  223   [8]  00 00 00 00 00 00 00 2D
  can0  2D0   [8]  0C 87 09 00 B0 9C 00 C2
  can0  260   [8]  08 FF F3 00 00 00 00 64
  can0  2D5   [2]  00 00
  can0  0B0   [6]  00 00 00 00 11 0F
  can0  0B2   [6]  00 00 00 00 11 0F
  can0  224   [8]  00 00 00 00 00 00 00 00
  can0  2C6   [8]  00 00 00 00 00 00 00 D0
  can0  262   [5]  20 00 00 00 89
  can0  0B4   [8]  00 00 00 00 00 00 00 BC
  can0  0BA   [4]  06 01 00 C5
  can0  232   [4]  03 03 08 46
  can0  3B7   [8]  00 00 00 00 00 00 00 00
  can0  2C5   [4]  00 05 C0 90
  can0  0B0   [6]  00 00 00 00 11 00
  can0  0B2   [6]  00 00 00 00 11 00
  can0  2C4   [8]  06 65 00 1A 40 80 40 53
  can0  2C1   [8]  08 02 F3 02 F1 D7 00 92
  can0  260   [8]  08 FF F3 00 00 00 00 64
  can0  0B4   [8]  00 00 00 00 00 00 00 BC
  can0  223   [8]  00 00 00 00 00 00 00 2D
  can0  2D5   [2]  00 00
  can0  0B0   [6]  00 00 00 00 11 01
  can0  0B2   [6]  00 00 00 00 11 01
  can0  224   [8]  00 00 00 00 00 00 00 00
  can0  262   [5]  20 00 00 00 89
  can0  2D0   [8]  0C 82 09 00 B0 9C 00 BD
  can0  3A0   [8]  00 00 00 00 00 00 00 00
  can0  610   [8]  20 00 00 64 00 00 00 00
  can0  0B4   [8]  00 00 00 00 00 00 00 BC
  can0  0BA   [4]  06 01 00 C5
  can0  232   [4]  03 03 08 46
  can0  2C6   [8]  00 00 00 00 00 00 00 D0
  can0  260   [8]  08 FF F3 00 00 00 00 64
  can0  0B0   [6]  00 00 00 00 11 02
  can0  0B2   [6]  00 00 00 00 11 02
  can0  2C4   [8]  06 66 00 1A 40 80 40 54
  can0  0B4   [8]  00 00 00 00 00 00 00 BC
  can0  223   [8]  00 00 00 00 00 00 00 2D
  can0  2D5   [2]  00 00
  can0  262   [5]  20 00 00 00 89
  can0  2C1   [8]  08 02 E6 02 E5 D7 00 79
  can0  0B0   [6]  00 00 00 00 11 03
  can0  0B2   [6]  00 00 00 00 11 03
  can0  224   [8]  00 00 00 00 00 00 00 00
  can0  0B4   [8]  00 00 00 00 00 00 00 BC
  can0  0BA   [4]  06 01 00 C5
  can0  232   [4]  03 03 08 46
  can0  440   [8]  42 02 00 00 00 00 00 00
  can0  260   [8]  08 FF F3 00 00 00 00 64
  can0  2D0   [8]  0C 83 09 00 B0 9C 00 BE
  can0  2C5   [4]  00 05 C0 90
  can0  0B0   [6]  00 00 00 00 11 04
  can0  0B2   [6]  00 00 00 00 11 04
  can0  2C4   [8]  06 5E 00 1A 40 80 40 4C
  can0  262   [5]  20 00 00 00 89
  can0  0B4   [8]  00 00 00 00 00 00 00 BC
  can0  223   [8]  00 00 00 00 00 00 00 2D
  can0  2C6   [8]  00 00 00 00 00 00 00 D0
  can0  2D5   [2]  00 00
  can0  0B0   [6]  00 00 00 00 11 05
  can0  0B2   [6]  00 00 00 00 11 05
  can0  224   [8]  00 00 00 00 00 00 00 00
  can0  260   [8]  08 FF F3 00 00 00 00 64
  can0  0B4   [8]  00 00 00 00 00 00 00 BC
  can0  0BA   [4]  06 02 00 C6
  can0  232   [4]  03 03 08 46
  can0  2C1   [8]  08 03 03 02 E7 D8 00 9A
  can0  3B3   [3]  06 5E 28
  can0  2C4   [8]  06 5A 00 1A 40 80 40 48
  can0  0B0   [6]  00 00 00 00 11 06
  can0  0B2   [6]  00 00 00 00 11 06
  can0  262   [5]  20 00 00 00 89
  can0  2D0   [8]  0C 7F 09 00 B0 9C 00 BA
  can0  0B4   [8]  00 00 00 00 00 00 00 BC
  can0  223   [8]  00 00 00 00 00 00 00 2D
  can0  2D5   [2]  00 00
  can0  260   [8]  08 FF F3 00 00 00 00 64
  can0  0B0   [6]  00 00 00 00 11 07
  can0  0B2   [6]  00 00 00 00 11 07
  can0  224   [8]  00 00 00 00 00 00 00 00
  can0  2C6   [8]  00 00 00 00 00 00 00 D0
  can0  0B4   [8]  00 00 00 00 00 00 00 BC
  can0  0BA   [4]  06 01 00 C5
  can0  232   [4]  03 03 08 46
  can0  262   [5]  20 00 00 00 89
  can0  2C4   [8]  06 5C 00 1A 40 80 40 4A
  can0  2C5   [4]  00 05 C0 90
  can0  0B0   [6]  00 00 00 00 11 08
  can0  0B2   [6]  00 00 00 00 11 08
  can0  2C1   [8]  08 03 1E 02 E5 D8 00 B3
  can0  0B4   [8]  00 00 00 00 00 00 00 BC
  can0  223   [8]  00 00 00 00 00 00 00 2D
  can0  260   [8]  08 FF F3 00 00 00 00 64
  can0  2D5   [2]  00 00
  can0  0B0   [6]  00 00 00 00 11 09
  can0  0B2   [6]  00 00 00 00 11 09
  can0  224   [8]  00 00 00 00 00 00 00 00
  can0  2D0   [8]  0C 78 09 00 B0 9C 00 B3
  can0  262   [5]  20 00 00 00 89
  can0  0B4   [8]  00 00 00 00 00 00 00 BC
  can0  0BA   [4]  06 01 00 C5
  can0  232   [4]  03 03 08 46
  can0  3A0   [8]  00 00 00 00 00 00 00 00
  can0  2C6   [8]  00 00 00 00 00 00 00 D0
  can0  620   [8]  10 00 00 00 30 40 00 50
  can0  2C4   [8]  06 5C 00 1A 40 80 40 4A
  can0  0B0   [6]  00 00 00 00 11 0A
  can0  0B2   [6]  00 00 00 00 11 0A
  can0  260   [8]  08 FF F3 00 00 00 00 64
  can0  0B4   [8]  00 00 00 00 00 00 00 BC
  can0  223   [8]  00 00 00 00 00 00 00 2D
  can0  2D5   [2]  00 00
  can0  2C1   [8]  08 02 FC 02 EA D7 00 94
  can0  0B0   [6]  00 00 00 00 11 0B
  can0  0B2   [6]  00 00 00 00 11 0B
  can0  224   [8]  00 00 00 00 00 00 00 00
  can0  262   [5]  20 00 00 00 89
  can0  442   [8]  40 02 00 00 02 00 00 00
  can0  0B4   [8]  00 00 00 00 00 00 00 BC
  can0  0BA   [4]  06 01 00 C5
  can0  232   [4]  03 03 08 46
  can0  2D0   [8]  0C 73 09 00 B0 9C 00 AE
  can0  2C4   [8]  06 5E 00 1A 40 80 40 4C
  can0  260   [8]  08 FF F3 00 00 00 00 64
  can0  2C5   [4]  00 05 C0 90
  can0  0B0   [6]  00 00 00 00 11 0C
  can0  0B2   [6]  00 00 00 00 11 0C
  can0  2C6   [8]  00 00 00 00 00 00 00 D0
  can0  0B4   [8]  00 00 00 00 00 00 00 BC
  can0  223   [8]  00 00 00 00 00 00 00 2D
  can0  2D5   [2]  00 00
  can0  262   [5]  20 00 00 00 89
  can0  7DF   [8]  02 01 0C 00 00 00 00 00
  can0  0B0   [6]  00 00 00 00 11 0D
  can0  0B2   [6]  00 00 00 00 11 0D
  can0  224   [8]  00 00 00 00 00 00 00 00
  can0  7E8   [8]  04 41 0C 13 E2 00 00 00
  can0  2C1   [8]  08 02 EF 02 E3 D7 00 80
  can0  0B4   [8]  00 00 00 00 00 00 00 BC
  can0  0BA   [4]  06 01 00 C5
  can0  232   [4]  03 03 08 46
  can0  260   [8]  08 FF F3 00 00 00 00 64
  can0  2C4   [8]  06 5D 00 1A 40 80 40 4B
  can0  0B0   [6]  00 00 00 00 11 0E
  can0  0B2   [6]  00 00 00 00 11 0E
  can0  262   [5]  20 00 00 00 89
  can0  2D0   [8]  0C 74 09 00 B0 9C 00 AF
  can0  2D5   [2]  00 00
  can0  0B4   [8]  00 00 00 00 00 00 00 BC
  can0  223   [8]  00 00 00 00 00 00 00 2D
  can0  0B0   [6]  00 00 00 00 11 0F
  can0  0B2   [6]  00 00 00 00 11 0F
  can0  224   [8]  00 00 00 00 00 00 00 00
  can0  2C6   [8]  00 00 00 00 00 00 00 D0
  can0  260   [8]  08 FF F3 00 00 00 00 64
  can0  0B4   [8]  00 00 00 00 00 00 00 BC
  can0  0BA   [4]  06 01 00 C5
  can0  232   [4]  03 03 08 46
  can0  2C4   [8]  06 5A 00 1A 40 80 40 48
  can0  2C5   [4]  00 05 C0 90
  can0  0B0   [6]  00 00 00 00 11 00
  can0  0B2   [6]  00 00 00 00 11 00
  can0  262   [5]  20 00 00 00 89
  can0  2C1   [8]  08 02 E1 02 D4 D7 00 63
  can0  2D5   [2]  00 00
  can0  0B4   [8]  00 00 00 00 00 00 00 BC
  can0  223   [8]  00 00 00 00 00 00 00 2D
  can0  260   [8]  08 FF F4 00 00 00 00 65
  can0  0B0   [6]  00 00 00 00 11 01
  can0  0B2   [6]  00 00 00 00 11 01
  can0  224   [8]  00 00 00 00 00 00 00 00
  can0  2D0   [8]  0C 71 09 00 B0 9C 00 AC
  can0  0B4   [8]  00 00 00 00 00 00 00 BC
  can0  0BA   [4]  06 00 00 C4
  can0  232   [4]  03 03 08 46
  can0  262   [5]  20 00 00 00 89
  can0  2C4   [8]  06 51 00 1A 40 80 40 3F
  can0  2C6   [8]  00 00 00 00 00 00 00 D0
  can0  3A0   [8]  00 00 00 00 00 00 00 00
  can0  0B0   [6]  00 00 00 00 11 02
  can0  0B2   [6]  00 00 00 00 11 02
  can0  2D5   [2]  00 00
  can0  260   [8]  08 FF F4 00 00 00 00 65
  can0  0B4   [8]  00 00 00 00 00 00 00 BC
  can0  223   [8]  00 00 00 00 00 00 00 2D
  can0  2C1   [8]  08 03 06 02 D4 D8 00 8A
  can0  0B0   [6]  00 00 00 00 11 03
  can0  0B2   [6]  00 00 00 00 11 03
  can0  224   [8]  00 00 00 00 00 00 00 00
  can0  262   [5]  20 00 00 00 89
  can0  440   [8]  42 02 00 00 00 00 00 00
  can0  0B4   [8]  00 00 00 00 00 00 00 BC
  can0  0BA   [4]  06 01 00 C5
  can0  232   [4]  03 03 08 46
  can0  2C4   [8]  06 4A 00 1A 40 80 40 38
  can0  2D0   [8]  0C 67 09 00 B0 9C 00 A2
  can0  2C5   [4]  00 05 C0 90
  can0  0B0   [6]  00 00 00 00 11 04
  can0  0B2   [6]  00 00 00 00 11 04
  can0  260   [8]  08 FF F4 00 00 00 00 65
  can0  2C6   [8]  00 00 00 00 00 00 00 D0
  can0  2D5   [2]  00 00
  can0  0B4   [8]  00 00 00 00 00 00 00 BC
  can0  223   [8]  00 00 00 00 00 00 00 2D
  can0  394   [1]  00
  can0  262   [5]  20 00 00 00 89
  can0  0B0   [6]  00 00 00 00 11 05
  can0  0B2   [6]  00 00 00 00 11 05
  can0  224   [8]  00 00 00 00 00 00 00 00
  can0  2C1   [8]  08 03 34 02 CF D9 00 B4
  can0  4C8   [8]  09 00 01 06 00 00 00 00
  can0  0B4   [8]  00 00 00 00 00 00 00 BC
  can0  0BA   [4]  06 01 00 C5
  can0  232   [4]  03 03 08 46
  can0  2C4   [8]  06 49 00 1A 40 80 40 37
  can0  7DF   [8]  02 01 0D 00 00 00 00 00
  can0  260   [8]  08 FF F5 00 00 00 00 66
  can0  0B0   [6]  00 00 00 00 11 06
  can0  0B2   [6]  00 00 00 00 11 06
  can0  7E8   [8]  03 41 0D 00 00 00 00 00
  can0  2D0   [8]  0C 5D 09 00 B0 9C 00 98
  can0  2D5   [2]  00 00
  can0  0B4   [8]  00 00 00 00 00 00 00 BC
  can0  223   [8]  00 00 00 00 00 00 00 2D
  can0  262   [5]  20 00 00 00 89
  can0  2C6   [8]  00 00 00 00 00 00 00 D0
  can0  0B0   [6]  00 00 00 00 11 07
  can0  0B2   [6]  00 00 00 00 11 07
  can0  224   [8]  00 00 00 00 00 00 00 00
  can0  260   [8]  08 FF F4 00 00 00 00 65
  can0  0B4   [8]  00 00 00 00 00 00 00 BC
  can0  0BA   [4]  06 00 00 C4
  can0  232   [4]  03 03 08 46
  can0  2C4   [8]  06 50 00 1A 40 80 40 3E
  can0  2C5   [4]  00 05 C0 90
  can0  2C1   [8]  08 03 17 02 DE D8 00 A5
  can0  0B0   [6]  00 00 00 00 11 08
  can0  0B2   [6]  00 00 00 00 11 08
  can0  2D5   [2]  00 00
  can0  262   [5]  20 00 00 00 89
  can0  0B4   [8]  00 00 00 00 00 00 00 BC
  can0  223   [8]  00 00 00 00 00 00 00 2D
  can0  3B7   [8]  00 00 00 00 00 00 00 00
  can0  2D0   [8]  0C 57 09 00 B0 9C 00 92
  can0  0B0   [6]  00 00 00 00 11 09
  can0  0B2   [6]  00 00 00 00 11 09
  can0  224   [8]  00 00 00 00 00 00 00 00
  can0  260   [8]  08 FF F3 00 00 00 00 64
  can0  2C4   [8]  06 4F 00 1A 40 80 40 3D
  can0  0B4   [8]  00 00 00 00 00 00 00 BC
  can0  0BA   [4]  06 00 00 C4
  can0  232   [4]  03 03 08 46
  can0  2C6   [8]  00 00 00 00 00 00 00 D0
  can0  262   [5]  20 00 00 00 89
  can0  0B0   [6]  00 00 00 00 11 0A
  can0  0B2   [6]  00 00 00 00 11 0A
  can0  3A0   [8]  00 00 00 00 00 00 00 00
  can0  2D5   [2]  00 00
  can0  0B4   [8]  00 00 00 00 00 00 00 BC
  can0  223   [8]  00 00 00 00 00 00 00 2D
  can0  2C1   [8]  08 02 F4 02 E0 D7 00 82
  can0  260   [8]  08 FF F3 00 00 00 00 64
  can0  442   [8]  40 02 00 00 02 00 00 00
  can0  0B0   [6]  00 00 00 00 11 0B
  can0  0B2   [6]  00 00 00 00 11 0B
  can0  224   [8]  00 00 00 00 00 00 00 00
  can0  2C4   [8]  06 53 00 1A 40 80 40 41
  can0  0B4   [8]  00 00 00 00 00 00 00 BC
  can0  0BA   [4]  06 00 00 C4
  can0  232   [4]  03 03 08 46
  can0  2D0   [8]  0C 56 09 00 B0 9C 00 91
  can0  262   [5]  20 00 00 00 89
  can0  2C5   [4]  00 05 C0 90
  can0  0B0   [6]  00 00 00 00 11 0C
  can0  0B2   [6]  00 00 00 00 11 0C
  can0  2D5   [2]  00 00
  can0  2C6   [8]  00 00 00 00 00 00 00 D0
  can0  260   [8]  08 FF F3 00 00 00 00 64
  can0  0B4   [8]  00 00 00 00 00 00 00 BC
  can0  223   [8]  00 00 00 00 00 00 00 2D
  can0  4DC   [8]  1D 00 01 07 00 00 00 00
  can0  0B0   [6]  00 00 00 00 11 0D
  can0  0B2   [6]  00 00 00 00 11 0D
  can0  224   [8]  00 00 00 00 00 00 00 00
  can0  2C1   [8]  08 02 EB 02 DC D7 00 75
  can0  262   [5]  20 00 00 00 89
  can0  2C4   [8]  06 56 00 1A 40 80 40 44
  can0  0B4   [8]  00 00 00 00 00 00 00 BC
  can0  0BA   [4]  06 01 00 C5
  can0  232   [4]  03 03 08 46
  can0  398   [2]  01 F4
  can0  0B0   [6]  00 00 00 00 11 0E
  can0  0B2   [6]  00 00 00 00 11 0E
  can0  2D5   [2]  00 00
  can0  260   [8]  08 FF F3 00 00 00 00 64
  can0  2D0   [8]  0C 5A 09 00 B0 9C 00 95
  can0  7DF   [8]  02 01 04 00 00 00 00 00
  can0  7E8   [8]  03 41 04 89 00 00 00 00
  can0  0B4   [8]  00 00 00 00 00 00 00 BC
  can0  223   [8]  00 00 00 00 00 00 00 2D
  can0  2C6   [8]  00 00 00 00 00 00 00 D0
  can0  262   [5]  20 00 00 00 89
  can0  0B0   [6]  00 00 00 00 11 0F
  can0  0B2   [6]  00 00 00 00 11 0F
  can0  224   [8]  00 00 00 00 00 00 00 00
  can0  2C4   [8]  06 5C 00 1A 40 80 40 4A
  can0  0B4   [8]  00 00 00 00 00 00 00 BC
  can0  0BA   [4]  06 00 00 C4
  can0  232   [4]  03 03 08 46
  can0  260   [8]  08 FF F3 00 00 00 00 64
  can0  2C1   [8]  08 02 F0 02 EB D7 00 89
  can0  2C5   [4]  00 05 C0 90
  can0  3B0   [5]  00 00 00 48 00
  can0  0B0   [6]  00 00 00 00 11 00
  can0  0B2   [6]  00 00 00 00 11 00
  can0  2D5   [2]  00 00
  can0  0B4   [8]  00 00 00 00 00 00 00 BC
  can0  223   [8]  00 00 00 00 00 00 00 2D
  can0  262   [5]  20 00 00 00 89
  can0  2D0   [8]  0C 5E 09 00 B0 9C 00 99
  can0  0B0   [6]  00 00 00 00 11 01
  can0  0B2   [6]  00 00 00 00 11 01
  can0  224   [8]  00 00 00 00 00 00 00 00
  can0  2C4   [8]  06 5A 00 1A 40 80 40 48
  can0  260   [8]  08 FF F3 00 00 00 00 64
  can0  2C6   [8]  00 00 00 00 00 00 00 D0
  can0  0B4   [8]  00 00 00 00 00 00 00 BC
  can0  0BA   [4]  06 00 00 C4
  can0  232   [4]  03 03 08 46
  can0  2D5   [2]  00 00
  can0  0B0   [6]  00 00 00 00 11 02
  can0  0B2   [6]  00 00 00 00 11 02
  can0  262   [5]  20 00 00 00 89
  can0  3A0   [8]  00 00 00 00 00 00 00 00
  can0  2C1   [8]  08 02 FB 02 F3 D7 00 9C
  can0  0B4   [8]  00 00 00 00 00 00 00 BC
  can0  223   [8]  00 00 00 00 00 00 00 2D
  can0  620   [8]  10 00 00 00 30 40 00 50
  can0  0B0   [6]  00 00 00 00 11 03
  can0  0B2   [6]  00 00 00 00 11 03
  can0  224   [8]  00 00 00 00 00 00 00 00
  can0  260   [8]  08 FF F3 00 00 00 00 64
  can0  440   [8]  42 02 00 00 00 00 00 00
  can0  2C4   [8]  06 51 00 1A 40 80 40 3F
  can0  2D0   [8]  0C 67 09 00 B0 9C 00 A2
  can0  0B4   [8]  00 00 00 00 00 00 00 BC
  can0  0BA   [4]  06 00 00 C4
  can0  232   [4]  03 03 08 46
  can0  2C5   [4]  00 05 C0 90
  can0  262   [5]  20 00 00 00 89
  can0  2D5   [2]  00 00
  can0  0B0   [6]  00 00 00 00 11 04
  can0  0B2   [6]  00 00 00 00 11 04
  can0  2C6   [8]  00 00 00 00 00 00 00 D0
  can0  0B4   [8]  00 00 00 00 00 00 00 BC
  can0  223   [8]  00 00 00 00 00 00 00 2D
  can0  260   [8]  08 FF F3 00 00 00 00 64
  can0  380   [8]  00 20 00 00 00 00 27 00
  can0  0B0   [6]  00 00 00 00 11 05
  can0  0B2   [6]  00 00 00 00 11 05
  can0  224   [8]  00 00 00 00 00 00 00 00
  can0  2C1   [8]  08 03 29 02 F0 D9 00 CA
  can0  2C4   [8]  06 4D 00 1A 40 80 40 3B
  can0  0B4   [8]  00 00 00 00 00 00 00 BC
  can0  0BA   [4]  06 01 00 C5
  can0  232   [4]  03 03 08 46
  can0  262   [5]  20 00 00 00 89
  can0  2D5   [2]  00 00
  can0  0B0   [6]  00 00 00 00 11 06
  can0  0B2   [6]  00 00 00 00 11 06
  can0  2D0   [8]  0C 64 09 00 B0 9C 00 9F
  can0  260   [8]  08 FF F3 00 00 00 00 64
  can0  0B4   [8]  00 00 00 00 00 00 00 BC
  can0  223   [8]  00 00 00 00 00 00 00 2D
  can0  2C6   [8]  00 00 00 00 00 00 00 D0
  can0  7DF   [8]  02 01 05 00 00 00 00 00
  can0  7E8   [8]  03 41 05 47 00 00 00 00
  can0  0B0   [6]  00 00 00 00 11 07
  can0  0B2   [6]  00 00 00 00 11 07
  can0  224   [8]  00 00 00 00 00 00 00 00
  can0  2C4   [8]  06 50 00 1A 40 80 40 3E
  can0  262   [5]  20 00 00 00 89
  can0  3A1   [8]  00 00 00 00 00 00 00 00
  can0  0B4   [8]  00 00 00 00 00 00 00 BC
  can0  0BA   [4]  06 00 00 C4
  can0  232   [4]  03 03 08 46
  can0  2C1   [8]  08 03 0D 02 F4 D8 00 B1
  can0  2C5   [4]  00 05 C0 90
  can0  2D5   [2]  00 00
  can0  0B0   [6]  00 00 00 00 11 08
  can0  0B2   [6]  00 00 00 00 11 08
  can0  260   [8]  08 FF F3 00 00 00 00 64
  can0  0B4   [8]  00 00 00 00 00 00 00 BC
  can0  223   [8]  00 00 00 00 00 00 00 2D
  can0  2D0   [8]  0C 5F 09 00 B0 9C 00 9A
  can0  262   [5]  20 00 00 00 89
  can0  0B0   [6]  00 00 00 00 11 09
  can0  0B2   [6]  00 00 00 00 11 09
  can0  224   [8]  00 00 00 00 00 00 00 00
  can0  2C4   [8]  06 52 00 1A 40 80 40 40
  can0  2C6   [8]  00 00 00 00 00 00 00 D0
  can0  0B4   [8]  00 00 00 00 00 00 00 BC
  can0  0BA   [4]  06 00 00 C4
  can0  232   [4]  03 03 08 46
  can0  260   [8]  08 FF F3 00 00 00 00 64
  can0  2D5   [2]  00 00
  can0  0B0   [6]  00 00 00 00 11 0A
  can0  0B2   [6]  00 00 00 00 11 0A
  can0  2C1   [8]  08 02 EF 02 E6 D7 00 83
  can0  262   [5]  20 00 00 00 89
  can0  0B4   [8]  00 00 00 00 00 00 00 BC
  can0  223   [8]  00 00 00 00 00 00 00 2D
  can0  442   [8]  40 02 00 00 02 00 00 00
  can0  3A0   [8]  00 00 00 00 00 00 00 00
  can0  610   [8]  20 00 00 64 00 00 00 00
  can0  0B0   [6]  00 00 00 00 11 0B
  can0  0B2   [6]  00 00 00 00 11 0B
  can0  224   [8]  00 00 00 00 00 00 00 00
  can0  2C4   [8]  06 54 00 1A 40 80 40 42
  can0  2D0   [8]  0C 5B 09 00 B0 9C 00 96
  can0  260   [8]  08 FF F3 00 00 00 00 64
  can0  611   [8]  21 00 00 10 00 03 C1 4F
  can0  0B4   [8]  00 00 00 00 00 00 00 BC
  can0  0BA   [4]  05 FF 00 C2
  can0  232   [4]  03 03 08 46
  can0  2D5   [2]  00 00
  can0  2C5   [4]  00 05 C0 90
  can0  2C6   [8]  00 00 00 00 00 00 00 D0
  can0  0B0   [6]  00 00 00 00 11 0C
  can0  0B2   [6]  00 00 00 00 11 0C
  can0  262   [5]  20 00 00 00 89
  can0  0B4   [8]  00 00 00 00 00 00 00 BC
  can0  223   [8]  00 00 00 00 00 00 00 2D
  can0  260   [8]  08 FF F3 00 00 00 00 64
  can0  2C1   [8]  08 02 FE 02 F6 D7 00 A2
  can0  0B0   [6]  00 00 00 00 11 0D
  can0  0B2   [6]  00 00 00 00 11 0D
  can0  224   [8]  00 00 00 00 00 00 00 00
  can0  2C4   [8]  06 52 00 1A 40 80 40 40
  can0  394   [1]  00
  can0  0B4   [8]  00 00 00 00 00 00 00 BC
  can0  0BA   [4]  06 00 00 C4
  can0  232   [4]  03 03 08 46
  can0  2D5   [2]  00 00
  can0  262   [5]  20 00 00 00 89
  can0  2D0   [8]  0C 5F 09 00 B0 9C 00 9A
  can0  0B0   [6]  00 00 00 00 11 0E
  can0  0B2   [6]  00 00 00 00 11 0E
  can0  4C3   [8]  04 00 12 07 00 00 00 00
  can0  0B4   [8]  00 00 00 00 00 00 00 BC
  can0  223   [8]  00 00 00 00 00 00 00 2D
  can0  2C6   [8]  00 00 00 00 00 00 00 D0
  can0  260   [8]  08 FF F3 00 00 00 00 64
  can0  2C4   [8]  06 56 00 1A 40 80 40 44
  can0  0B0   [6]  00 00 00 00 11 0F
  can0  0B2   [6]  00 00 00 00 11 0F
  can0  224   [8]  00 00 00 00 00 00 00 00
  can0  7DF   [8]  02 01 0F 00 00 00 00 00
  can0  262   [5]  20 00 00 00 89
  can0  7E8   [8]  03 41 0F 42 00 00 00 00
  can0  0B4   [8]  00 00 00 00 00 00 00 BC
  can0  0BA   [4]  05 FF 00 C2
  can0  232   [4]  03 03 08 46
  can0  2C1   [8]  08 02 F6 02 EB D7 00 8F
  can0  2D5   [2]  00 00
  can0  2C5   [4]  00 05 C0 90
  can0  0B0   [6]  00 00 00 00 11 00
  can0  0B2   [6]  00 00 00 00 11 00
  can0  3B3   [3]  06 57 28
  can0  260   [8]  08 FF F5 00 00 00 00 66
  can0  621   [8]  11 00 00 00 00 00 00 00
  can0  0B4   [8]  00 00 00 00 00 00 00 BC
  can0  223   [8]  00 00 00 00 00 00 00 2D
  can0  2D0   [8]  0C 60 09 00 B0 9C 00 9B
  can0  2C4   [8]  06 55 00 1A 40 80 40 43
  can0  0B0   [6]  00 00 00 00 11 01
  can0  0B2   [6]  00 00 00 00 11 01
  can0  224   [8]  00 00 00 00 00 00 00 00
  can0  262   [5]  20 00 00 00 89
  can0  2C6   [8]  00 00 00 00 00 00 00 D0
  can0  0B4   [8]  00 00 00 00 00 00 00 BC
  can0  0BA   [4]  05 FF 00 C2
  can0  232   [4]  03 03 08 46
  can0  3B7   [8]  00 00 00 00 00 00 00 00
  can0  2D5   [2]  00 00
  can0  622   [8]  12 00 00 00 00 00 00 00
  can0  4DD   [8]  1E 00 00 05 00 00 00 00
  can0  260   [8]  08 FF F5 00 00 00 00 66
  can0  0B0   [6]  00 00 00 00 11 02
  can0  0B2   [6]  00 00 00 00 11 02
  can0  2C1   [8]  08 02 F6 02 EC D7 00 90
  can0  4C1   [8]  01 00 09 08 00 00 00 00
  can0  624   [8]  1A 00 00 49 49 00 00 00
  can0  0B4   [8]  00 00 00 00 00 00 00 BC
  can0  223   [8]  00 00 00 00 00 00 00 2D
  can0  262   [5]  20 00 00 00 89
  can0  2C4   [8]  06 54 00 1A 40 80 40 42
  can0  440   [8]  42 02 00 00 00 00 00 00
  can0  3A0   [8]  00 00 00 00 00 00 00 00
  can0  0B0   [6]  00 00 00 00 11 03
  can0  0B2   [6]  00 00 00 00 11 03
  can0  224   [8]  00 00 00 00 00 00 00 00
  can0  630   [8]  17 00 00 00 00 00 00 00
  can0  2D0   [8]  0C 60 09 00 B0 9C 00 9B
  can0  0B4   [8]  00 00 00 00 00 00 00 BC
  can0  0BA   [4]  06 00 00 C4
  can0  232   [4]  03 03 08 46
  can0  2D5   [2]  00 00
  can0  260   [8]  08 FF F5 00 00 00 00 66
  can0  2C5   [4]  00 05 C0 90
  can0  2C6   [8]  00 00 00 00 00 00 00 D0
  can0  0B0   [6]  00 00 00 00 11 04
  can0  0B2   [6]  00 00 00 00 11 04
  can0  638   [8]  13 00 10 00 00 00 00 00
  can0  262   [5]  20 00 00 00 89
  can0  0B4   [8]  00 00 00 00 00 00 00 BC
  can0  223   [8]  00 00 00 00 00 00 00 2D
  can0  2C4   [8]  06 53 00 1A 40 80 40 41
  can0  2C1   [8]  08 03 07 02 E7 D8 00 9E
  can0  0B0   [6]  00 00 00 00 11 05
  can0  0B2   [6]  00 00 00 00 11 05
  can0  224   [8]  00 00 00 00 00 00 00 00
  can0  260   [8]  08 FF F4 00 00 00 00 65
  can0  2D5   [2]  00 00
  can0  0B4   [8]  00 00 00 00 00 00 00 BC
  can0  0BA   [4]  06 00 00 C4
  can0  232   [4]  03 03 08 46
  can0  2D0   [8]  0C 62 09 00 B0 9C 00 9D
  can0  0B0   [6]  00 00 00 00 11 06
  can0  0B2   [6]  00 00 00 00 11 06
  can0  262   [5]  20 00 00 00 89
  can0  640   [8]  A8 00 00 00 01 8B 00 00
  can0  2C6   [8]  00 00 00 00 00 00 00 D0
  can0  0B4   [8]  00 00 00 00 00 00 00 BC
  can0  223   [8]  00 00 00 00 00 00 00 2D
  can0  2C4   [8]  06 55 00 1A 40 80 40 43
  can0  260   [8]  08 FF F3 00 00 00 00 64
  can0  0B0   [6]  00 00 00 00 11 07
  can0  0B2   [6]  00 00 00 00 11 07
  can0  224   [8]  00 00 00 00 00 00 00 00
  can0  2D5   [2]  00 00
  can0  0B4   [8]  00 00 00 00 00 00 00 BC
  can0  0BA   [4]  05 FF 00 C2
  can0  232   [4]  03 03 08 46
  can0  2C1   [8]  08 02 EF 02 E3 D7 00 80
  can0  262   [5]  20 00 00 00 89
  can0  2C5   [4]  00 05 C0 90
  can0  7DF   [8]  02 01 0B 00 00 00 00 00
  can0  0B0   [6]  00 00 00 00 11 08
  can0  0B2   [6]  00 00 00 00 11 08
  can0  2D0   [8]  0C 62 09 00 B0 9C 00 9D
  can0  0B4   [8]  00 00 00 00 00 00 00 BC
  can0  223   [8]  00 00 00 00 00 00 00 2D
  can0  260   [8]  08 FF F3 00 00 00 00 64
  can0  2C4   [8]  06 55 00 1A 40 80 40 43
  can0  0B0   [6]  00 00 00 00 11 09
  can0  0B2   [6]  00 00 00 00 11 09
  can0  224   [8]  00 00 00 00 00 00 00 00
  can0  2C6   [8]  00 00 00 00 00 00 00 D0
  can0  262   [5]  20 00 00 00 89
  can0  2D5   [2]  00 00
  can0  0B4   [8]  00 00 00 00 00 00 00 BC
  can0  0BA   [4]  05 FF 00 C2
  can0  232   [4]  03 03 08 46
  can0  0B0   [6]  00 00 00 00 11 0A
  can0  0B2   [6]  00 00 00 00 11 0A
  can0  2C1   [8]  08 02 F7 02 EA D7 00 8F
  can0  260   [8]  08 FF F3 00 00 00 00 64
  can0  442   [8]  40 02 00 00 02 00 00 00
  can0  0B4   [8]  00 00 00 00 00 00 00 BC
  can0  223   [8]  00 00 00 00 00 00 00 2D
  can0  2C4   [8]  06 45 00 1A 40 80 40 33
  can0  0B0   [6]  00 00 00 00 11 0B
  can0  0B2   [6]  00 00 00 00 11 0B
  can0  224   [8]  00 00 00 00 00 00 00 00
  can0  262   [5]  20 00 00 00 89
  can0  2D0   [8]  0C 5C 09 00 B0 9C 00 97
  can0  3A0   [8]  00 00 00 00 00 00 00 00
  can0  2D5   [2]  00 00
  can0  0B4   [8]  00 00 00 00 00 00 00 BC
  can0  0BA   [4]  05 FE 00 C1
  can0  232   [4]  03 03 08 46
  can0  620   [8]  10 00 00 00 30 40 00 50
  can0  2C5   [4]  00 05 C0 90
  can0  2C6   [8]  00 00 00 00 00 00 00 D0
  can0  260   [8]  08 FF F3 00 00 00 00 64
  can0  0B0   [6]  00 00 00 00 11 0C
  can0  0B2   [6]  00 00 00 00 11 0C
  can0  0B4   [8]  00 00 00 00 00 00 00 BC
  can0  223   [8]  00 00 00 00 00 00 00 2D
  can0  2C4   [8]  06 45 00 1A 40 80 40 33
  can0  262   [5]  20 00 00 00 89
  can0  2C1   [8]  08 03 49 02 E1 DA 00 DC
  can0  0B0   [6]  00 00 00 00 11 0D
  can0  0B2   [6]  00 00 00 00 11 0D
  can0  224   [8]  00 00 00 00 00 00 00 00
  can0  2D5   [2]  00 00
  can0  0B4   [8]  00 00 00 00 00 00 00 BC
  can0  0BA   [4]  05 FF 00 C2
  can0  232   [4]  03 03 08 46
  can0  260   [8]  08 FF F3 00 00 00 00 64
  can0  2D0   [8]  0C 52 09 00 B0 9C 00 8D
  can0  0B0   [6]  00 00 00 00 11 0E
  can0  0B2   [6]  00 00 00 00 11 0E
  can0  262   [5]  20 00 00 00 89
  can0  2C6   [8]  00 00 00 00 00 00 00 D0
  can0  0B4   [8]  00 00 00 00 00 00 00 BC
  can0  223   [8]  00 00 00 00 00 00 00 2D
  can0  2C4   [8]  06 49 00 1A 40 80 40 37
  can0  0B0   [6]  00 00 00 00 11 0F
  can0  0B2   [6]  00 00 00 00 11 0F
  can0  224   [8]  00 00 00 00 00 00 00 00
  can0  260   [8]  08 FF F3 00 00 00 00 64
  can0  2D5   [2]  00 00
  can0  2C1   [8]  08 03 0B 02 E1 D8 00 9C
  can0  0B4   [8]  00 00 00 00 00 00 00 BC
  can0  0BA   [4]  05 FF 00 C2
  can0  232   [4]  03 03 08 46
  can0  2C5   [4]  00 05 C0 90
  can0  262   [5]  20 00 00 00 89
  can0  0B0   [6]  00 00 00 00 11 00
  can0  0B2   [6]  00 00 00 00 11 00
  can0  2D0   [8]  0C 4C 09 00 B0 9C 00 87
  can0  0B4   [8]  00 00 00 00 00 00 00 BC
  can0  223   [8]  00 00 00 00 00 00 00 2D
  can0  2C4   [8]  06 49 00 1A 40 80 40 37
  can0  260   [8]  08 FF F3 00 00 00 00 64
  can0  0B0   [6]  00 00 00 00 11 01
  can0  0B2   [6]  00 00 00 00 11 01
  can0  224   [8]  00 00 00 00 00 00 00 00
  can0  2C6   [8]  00 00 00 00 00 00 00 D0
  can0  2D5   [2]  00 00
  can0  0B4   [8]  00 00 00 00 00 00 00 BC
  can0  0BA   [4]  05 FE 00 C1
  can0  232   [4]  03 03 08 46
  can0  262   [5]  20 00 00 00 89
  can0  0B0   [6]  00 00 00 00 11 02
  can0  0B2   [6]  00 00 00 00 11 02
  can0  2C1   [8]  08 02 F1 02 E8 D7 00 87
  can0  2C4   [8]  06 49 00 1A 40 80 40 37
  can0  260   [8]  08 FF F3 00 00 00 00 64
  can0  0B4   [8]  00 00 00 00 00 00 00 BC
  can0  223   [8]  00 00 00 00 00 00 00 2D
  can0  440   [8]  42 02 00 00 00 00 00 00
  can0  2D0   [8]  0C 4B 09 00 B0 9C 00 86
  can0  0B0   [6]  00 00 00 00 11 03
  can0  0B2   [6]  00 00 00 00 11 03
  can0  224   [8]  00 00 00 00 00 00 00 00
  can0  2D5   [2]  00 00
  can0  262   [5]  20 00 00 00 89
  can0  0B4   [8]  00 00 00 00 00 00 00 BC
  can0  0BA   [4]  05 FF 00 C2
  can0  232   [4]  03 03 08 46
  can0  3A0   [8]  00 00 00 00 00 00 00 00
  can0  2C6   [8]  00 00 00 00 00 00 00 D0
  can0  2C5   [4]  00 05 C0 90
  can0  0B0   [6]  00 00 00 00 11 04
  can0  0B2   [6]  00 00 00 00 11 04
  can0  260   [8]  08 FF F3 00 00 00 00 64
  can0  2C4   [8]  06 47 00 1A 40 80 40 35
  can0  0B4   [8]  00 00 00 00 00 00 00 BC
  can0  223   [8]  00 00 00 00 00 00 00 2D
  can0  2C1   [8]  08 02 FB 02 E4 D7 00 8D
  can0  262   [5]  20 00 00 00 89
  can0  0B0   [6]  00 00 00 00 11 05
  can0  0B2   [6]  00 00 00 00 11 05
  can0  224   [8]  00 00 00 00 00 00 00 00
  can0  2D5   [2]  00 00
  can0  0B4   [8]  00 00 00 00 00 00 00 BC
  can0  0BA   [4]  05 FF 00 C2
  can0  232   [4]  03 03 08 46
  can0  2D0   [8]  0C 48 09 00 B0 9C 00 83
  can0  260   [8]  08 FF F3 00 00 00 00 64
  can0  0B0   [6]  00 00 00 00 11 06
  can0  0B2   [6]  00 00 00 00 11 06
  can0  394   [1]  00
  can0  2C6   [8]  00 00 00 00 00 00 00 D0
  can0  2C4   [8]  06 42 00 1A 40 80 40 30
  can0  0B4   [8]  00 00 00 00 00 00 00 BC
  can0  223   [8]  00 00 00 00 00 00 00 2D
  can0  262   [5]  20 00 00 00 89
  can0  0B0   [6]  00 00 00 00 11 07
  can0  0B2   [6]  00 00 00 00 11 07
  can0  224   [8]  00 00 00 00 00 00 00 00
  can0  2D5   [2]  00 00
  can0  2C1   [8]  08 03 1F 02 E7 D8 00 B6
  can0  260   [8]  08 FF F3 00 00 00 00 64
  can0  0B4   [8]  00 00 00 00 00 00 00 BC
  can0  0BA   [4]  05 FE 00 C1
  can0  232   [4]  03 03 08 46
  can0  2C5   [4]  00 05 C0 90
  can0  0B0   [6]  00 00 00 00 11 08
  can0  0B2   [6]  00 00 00 00 11 08
  can0  2D0   [8]  0C 40 09 00 B0 9C 00 7B
  can0  262   [5]  20 00 00 00 89
  can0  2C4   [8]  06 38 00 1A 40 80 40 26
  can0  0B4   [8]  00 00 00 00 00 00 00 BC
  can0  223   [8]  00 00 00 00 00 00 00 2D
  can0  3B1   [8]  00 00 02 2A A0 00 00 00
  can0  2C6   [8]  00 00 00 00 00 00 00 D0
  can0  2D5   [2]  00 00
  can0  0B0   [6]  00 00 00 00 11 09
  can0  0B2   [6]  00 00 00 00 11 09
  can0  224   [8]  00 00 00 00 00 00 00 00
  can0  260   [8]  08 FF F3 00 00 00 00 64
  can0  0B4   [8]  00 00 00 00 00 00 00 BC
  can0  0BA   [4]  05 FE 00 C1
  can0  232   [4]  03 03 08 46
  can0  262   [5]  20 00 00 00 89
  can0  2C1   [8]  08 03 20 02 E0 D9 00 B1
  can0  0B0   [6]  00 00 00 00 11 0A
  can0  0B2   [6]  00 00 00 00 11 0A
  can0  2C4   [8]  06 32 00 1A 40 80 40 20
  can0  0B4   [8]  00 00 00 00 00 00 00 BC
  can0  223   [8]  00 00 00 00 00 00 00 2D
  can0  3B7   [8]  00 00 00 00 00 00 00 00
  can0  260   [8]  08 FF F4 00 00 00 00 65
  can0  2D0   [8]  0C 39 09 00 B0 9C 00 74
  can0  2D5   [2]  00 00
  can0  442   [8]  40 02 00 00 02 00 00 00
  can0  0B0   [6]  00 00 00 00 11 0B
  can0  0B2   [6]  00 00 00 00 11 0B
  can0  224   [8]  00 00 00 00 00 00 00 00
  can0  0B4   [8]  00 00 00 00 00 00 00 BC
  can0  0BA   [4]  05 FE 00 C1
  can0  232   [4]  03 03 08 46
  can0  2C6   [8]  00 00 00 00 00 00 00 D0
  can0  262   [5]  20 00 00 00 89
  can0  2C5   [4]  00 05 C0 90
  can0  3A0   [8]  00 00 00 00 00 00 00 00
  can0  0B0   [6]  00 00 00 00 11 0C
  can0  0B2   [6]  00 00 00 00 11 0C
  can0  2C4   [8]  06 32 00 1A 40 80 40 20
  can0  260   [8]  08 FF F5 00 00 00 00 66
  can0  0B4   [8]  00 00 00 00 00 00 00 BC
  can0  223   [8]  00 00 00 00 00 00 00 2D
  can0  2C1   [8]  08 03 30 02 DD D9 00 BE
  can0  3B4   [8]  00 00 3F 4C 80 00 00 00
  can0  2D5   [2]  00 00
  can0  0B0   [6]  00 00 00 00 11 0D
  can0  0B2   [6]  00 00 00 00 11 0D
  can0  224   [8]  00 00 00 00 00 00 00 00
  can0  262   [5]  20 00 00 00 89
  can0  2D0   [8]  0C 2C 09 00 B0 9C 00 67
  can0  0B4   [8]  00 00 00 00 00 00 00 BC
  can0  0BA   [4]  05 FE 00 C1
  can0  232   [4]  03 03 08 46
  can0  0B0   [6]  00 00 00 00 11 0E
  can0  0B2   [6]  00 00 00 00 11 0E
  can0  260   [8]  08 FF F4 00 00 00 00 65
  can0  2C4   [8]  06 38 00 1A 40 80 40 26
  can0  2C6   [8]  00 00 00 00 00 00 00 D0
  can0  0B4   [8]  00 00 00 00 00 00 00 BC
  can0  223   [8]  00 00 00 00 00 00 00 2D
  can0  2D5   [2]  00 00
  can0  262   [5]  20 00 00 00 89
  can0  0B0   [6]  00 00 00 00 11 0F
  can0  0B2   [6]  00 00 00 00 11 0F
  can0  224   [8]  00 00 00 00 00 00 00 00
  can0  2C1   [8]  08 02 F9 02 EE D7 00 95
  can0  0B4   [8]  00 00 00 00 00 00 00 BC
  can0  0BA   [4]  05 FE 00 C1
  can0  232   [4]  03 03 08 46
  can0  2C5   [4]  00 05 C0 90
  can0  260   [8]  08 FF F5 00 00 00 00 66
  can0  0B0   [6]  00 00 00 00 11 00
  can0  0B2   [6]  00 00 00 00 11 00
  can0  2C4   [8]  06 33 00 1A 40 80 40 21
  can0  2D0   [8]  0C 26 09 00 B0 9C 00 61
  can0  0B4   [8]  00 00 00 00 00 00 00 BC
  can0  223   [8]  00 00 00 00 00 00 00 2D
  can0  262   [5]  20 00 00 00 89
  can0  2C6   [8]  00 00 00 00 00 00 00 D0
  can0  2D5   [2]  00 00
  can0  0B0   [6]  00 00 00 00 11 01
  can0  0B2   [6]  00 00 00 00 11 01
  can0  224   [8]  00 00 00 00 00 00 00 00
  can0  260   [8]  08 FF F4 00 00 00 00 65
  can0  0B4   [8]  00 00 00 00 00 00 00 BC
  can0  0BA   [4]  05 FE 00 C1
  can0  232   [4]  03 03 08 46
  can0  2C1   [8]  08 02 FE 02 EE D7 00 9A
  can0  0B0   [6]  00 00 00 00 11 02
  can0  0B2   [6]  00 00 00 00 11 02
  can0  2C4   [8]  06 2D 00 1A 40 80 40 1B
  can0  262   [5]  20 00 00 00 89
  can0  0B4   [8]  00 00 00 00 00 00 00 BC
  can0  223   [8]  00 00 00 00 00 00 00 2D
  can0  2D0   [8]  0C 21 09 00 B0 9C 00 5C
  can0  2D5   [2]  00 00
  can0  0B0   [6]  00 00 00 00 11 03
  can0  0B2   [6]  00 00 00 00 11 03
  can0  224   [8]  00 00 00 00 00 00 00 00
  can0  260   [8]  08 FF F4 00 00 00 00 65
  can0  440   [8]  42 02 00 00 00 00 00 00
  can0  2C6   [8]  00 00 00 00 00 00 00 D0
  can0  0B4   [8]  00 00 00 00 00 00 00 BC
  can0  0BA   [4]  05 FF 00 C2
  can0  232   [4]  03 03 08 46
  can0  2C5   [4]  00 05 C0 90
  can0  262   [5]  20 00 00 00 89
  can0  0B0   [6]  00 00 00 00 11 04
  can0  0B2   [6]  00 00 00 00 11 04
  can0  2C4   [8]  06 30 00 1A 40 80 40 1E
  can0  3A0   [8]  00 00 00 00 00 00 00 00
  can0  610   [8]  20 00 00 64 00 00 00 00
  can0  2C1   [8]  08 03 3B 02 F8 D9 00 E4
  can0  0B4   [8]  00 00 00 00 00 00 00 BC
  can0  223   [8]  00 00 00 00 00 00 00 2D
  can0  620   [8]  10 00 00 00 30 40 00 50
  can0  2D5   [2]  00 00
  can0  260   [8]  08 FF F3 00 00 00 00 64
  can0  7DF   [8]  02 01 10 00 00 00 00 00
  can0  0B0   [6]  00 00 00 00 11 05
  can0  0B2   [6]  00 00 00 00 11 05
  can0  224   [8]  00 00 00 00 00 00 00 00
  can0  7E8   [8]  04 41 10 01 FD 00 00 00
  can0  2D0   [8]  0C 1A 09 00 B0 9C 00 55
  can0  0B4   [8]  00 00 00 00 00 00 00 BC
  can0  0BA   [4]  05 FE 00 C1
  can0  232   [4]  03 03 08 46
  can0  262   [5]  20 00 00 00 89
  can0  2C4   [8]  06 3A 00 1A 40 80 40 28
  can0  0B0   [6]  00 00 00 00 11 06
  can0  0B2   [6]  00 00 00 00 11 06
  can0  2C6   [8]  00 00 00 00 00 00 00 D0
  can0  260   [8]  08 FF F3 00 00 00 00 64
  can0  0B4   [8]  00 00 00 00 00 00 00 BC
  can0  223   [8]  00 00 00 00 00 00 00 2D
  can0  2D5   [2]  00 00
  can0  0B0   [6]  00 00 00 00 11 07
  can0  0B2   [6]  00 00 00 00 11 07
  can0  224   [8]  00 00 00 00 00 00 00 00
  can0  2C1   [8]  08 02 F5 02 F1 D7 00 94
  can0  262   [5]  20 00 00 00 89
  can0  0B4   [8]  00 00 00 00 00 00 00 BC
  can0  0BA   [4]  05 FF 00 C2
  can0  232   [4]  03 03 08 46
  can0  2C5   [4]  00 05 C0 90
  can0  2C4   [8]  06 45 00 1A 40 80 40 33
  can0  260   [8]  08 FF F3 00 00 00 00 64
  can0  0B0   [6]  00 00 00 00 11 08
  can0  0B2   [6]  00 00 00 00 11 08
  can0  2D0   [8]  0C 1F 09 00 B0 9C 00 5A
  can0  0B4   [8]  00 00 00 00 00 00 00 BC
  can0  223   [8]  00 00 00 00 00 00 00 2D
  can0  2D5   [2]  00 00
  can0  2C6   [8]  00 00 00 00 00 00 00 D0
  can0  262   [5]  20 00 00 00 89
  can0  0B0   [6]  00 00 00 00 11 09
  can0  0B2   [6]  00 00 00 00 11 09
  can0  224   [8]  00 00 00 00 00 00 00 00
  can0  0B4   [8]  00 00 00 00 00 00 00 BC
  can0  0BA   [4]  05 FE 00 C1
  can0  232   [4]  03 03 08 46
  can0  260   [8]  08 FF F3 00 00 00 00 64
  can0  2C1   [8]  08 02 F1 02 FE D7 00 9D
  can0  2C4   [8]  06 3B 00 1A 40 80 40 29
  can0  0B0   [6]  00 00 00 00 11 0A
  can0  0B2   [6]  00 00 00 00 11 0A
  can0  3B3   [3]  06 3A 28
  can0  262   [5]  20 00 00 00 89
  can0  0B4   [8]  00 00 00 00 00 00 00 BC
  can0  223   [8]  00 00 00 00 00 00 00 2D
  can0  2D5   [2]  00 00
  can0  2D0   [8]  0C 2B 09 00 B0 9C 00 66
  can0  0B0   [6]  00 00 00 00 11 0B
  can0  0B2   [6]  00 00 00 00 11 0B
  can0  224   [8]  00 00 00 00 00 00 00 00
  can0  260   [8]  08 FF F3 00 00 00 00 64
  can0  2C6   [8]  00 00 00 00 00 00 00 D0
  can0  0B4   [8]  00 00 00 00 00 00 00 BC
  can0  0BA   [4]  05 FE 00 C1
  can0  232   [4]  03 03 08 46
  can0  442   [8]  40 02 00 00 02 00 00 00
  can0  2C5   [4]  00 05 C0 90
  can0  2C4   [8]  06 34 00 1A 40 80 40 22
  can0  0B0   [6]  00 00 00 00 11 0C
  can0  0B2   [6]  00 00 00 00 11 0C
  can0  262   [5]  20 00 00 00 89
  can0  2C1   [8]  08 03 39 03 04 D9 00 EF
  can0  3A0   [8]  00 00 00 00 00 00 00 00
  can0  38A   [5]  08 04 00 00 00
  can0  2D5   [2]  00 00
  can0  0B4   [8]  00 00 00 00 00 00 00 BC
  can0  223   [8]  00 00 00 00 00 00 00 2D
  can0  260   [8]  08 FF F3 00 00 00 00 64
  can0  0B0   [6]  00 00 00 00 11 0D
  can0  0B2   [6]  00 00 00 00 11 0D
  can0  224   [8]  00 00 00 00 00 00 00 00
  can0  2D0   [8]  0C 2A 09 00 B0 9C 00 65
  can0  7DF   [8]  02 01 11 00 00 00 00 00
  can0  0B4   [8]  00 00 00 00 00 00 00 BC
  can0  0BA   [4]  05 FF 00 C2
  can0  232   [4]  03 03 08 46
  can0  7E8   [8]  03 41 11 34 00 00 00 00
  can0  2C4   [8]  06 38 00 1A 40 80 40 26
  can0  262   [5]  20 00 00 00 89
  can0  2C6   [8]  00 00 00 00 00 00 00 D0
  can0  0B0   [6]  00 00 00 00 11 0E
  can0  0B2   [6]  00 00 00 00 11 0E
  can0  2D5   [2]  00 00
  can0  0B4   [8]  00 00 00 00 00 00 00 BC
  can0  223   [8]  00 00 00 00 00 00 00 2D
  can0  260   [8]  08 FF F3 00 00 00 00 64
  can0  2C1   [8]  08 03 2D 03 04 D9 00 E3
  can0  0B0   [6]  00 00 00 00 11 0F
  can0  0B2   [6]  00 00 00 00 11 0F
  can0  224   [8]  00 00 00 00 00 00 00 00
  can0  394   [1]  00
  can0  262   [5]  20 00 00 00 89
  can0  0B4   [8]  00 00 00 00 00 00 00 BC
  can0  0BA   [4]  05 FE 00 C1
  can0  232   [4]  03 03 08 46
  can0  2C5   [4]  00 05 C0 90
  can0  2C4   [8]  06 3B 00 1A 40 80 40 29
  can0  2D0   [8]  0C 2A 09 00 B0 9C 00 65
  can0  0B0   [6]  00 00 00 00 11 00
  can0  0B2   [6]  00 00 00 00 11 00
  can0  260   [8]  08 FF F3 00 00 00 00 64
  can0  2D5   [2]  00 00
  can0  0B4   [8]  00 00 00 00 00 00 00 BC
  can0  223   [8]  00 00 00 00 00 00 00 2D
  can0  2C6   [8]  00 00 00 00 00 00 00 D0
  can0  0B0   [6]  00 00 00 00 11 01
  can0  0B2   [6]  00 00 00 00 11 01
  can0  224   [8]  00 00 00 00 00 00 00 00
  can0  262   [5]  20 00 00 00 89
  can0  0B4   [8]  00 00 00 00 00 00 00 BC
  can0  0BA   [4]  05 FE 00 C1
  can0  232   [4]  03 03 08 46
  can0  2C1   [8]  08 02 F4 02 FF D7 00 A1
  can0  2C4   [8]  06 30 00 1A 40 80 40 1E
  can0  260   [8]  08 FF F3 00 00 00 00 64
  can0  0B0   [6]  00 00 00 00 11 02
  can0  0B2   [6]  00 00 00 00 11 02
  can0  2D5   [2]  00 00
  can0  2D0   [8]  0C 2B 09 00 B0 9C 00 66
  can0  0B4   [8]  00 00 00 00 00 00 00 BC
  can0  223   [8]  00 00 00 00 00 00 00 2D
  can0  262   [5]  20 00 00 00 89
  can0  0B0   [6]  00 00 00 00 11 03
  can0  0B2   [6]  00 00 00 00 11 03
  can0  224   [8]  00 00 00 00 00 00 00 00
  can0  2C6   [8]  00 00 00 00 00 00 00 D0
  can0  440   [8]  42 02 00 00 00 00 00 00
  can0  0B4   [8]  00 00 00 00 00 00 00 BC
  can0  0BA   [4]  05 FE 00 C1
  can0  232   [4]  03 03 08 46
  can0  260   [8]  08 FF F3 00 00 00 00 64
  can0  3B7   [8]  00 00 00 00 00 00 00 00
  can0  2C4   [8]  06 32 00 1A 40 80 40 20
  can0  2C5   [4]  00 05 C0 90
  can0  0B0   [6]  00 00 00 00 11 04
  can0  0B2   [6]  00 00 00 00 11 04
  can0  2C1   [8]  08 03 40 03 02 DA 00 F5
  can0  2D5   [2]  00 00
  can0  262   [5]  20 00 00 00 89
  can0  0B4   [8]  00 00 00 00 00 00 00 BC
  can0  223   [8]  00 00 00 00 00 00 00 2D
  can0  3A0   [8]  00 00 00 00 00 00 00 00
  can0  0B0   [6]  00 00 00 00 11 05
  can0  0B2   [6]  00 00 00 00 11 05
  can0  224   [8]  00 00 00 00 00 00 00 00
  can0  2D0   [8]  0C 23 09 00 B0 9C 00 5E
  can0  260   [8]  08 FF F3 00 00 00 00 64
  can0  0B4   [8]  00 00 00 00 00 00 00 BC
  can0  0BA   [4]  05 FE 00 C1
  can0  232   [4]  03 03 08 46
  can0  2C4   [8]  06 36 00 1A 40 80 40 24
  can0  2C6   [8]  00 00 00 00 00 00 00 D0
  can0  7DF   [8]  02 01 0E 00 00 00 00 00
  can0  0B0   [6]  00 00 00 00 11 06
  can0  0B2   [6]  00 00 00 00 11 06
  can0  262   [5]  20 00 00 00 89
  can0  7E8   [8]  03 41 0E 93 00 00 00 00
  can0  2D5   [2]  00 00
  can0  4C8   [8]  09 00 01 06 00 00 00 00
  can0  0B4   [8]  00 00 00 00 00 00 00 BC
  can0  223   [8]  00 00 00 00 00 00 00 2D
  can0  2C1   [8]  08 02 FA 03 06 D7 00 AF
  can0  260   [8]  08 FF F3 00 00 00 00 64
  can0  0B0   [6]  00 00 00 00 11 07
  can0  0B2   [6]  00 00 00 00 11 07
  can0  224   [8]  00 00 00 00 00 00 00 00
  can0  0B4   [8]  00 00 00 00 00 00 00 BC
  can0  0BA   [4]  05 FE 00 C1
  can0  232   [4]  03 03 08 46
  can0  2C4   [8]  06 3B 00 1A 40 80 40 29
  can0  2C5   [4]  00 05 C0 90
  can0  262   [5]  20 00 00 00 89
  can0  2D0   [8]  0C 25 09 00 B0 9C 00 60
  can0  0B0   [6]  00 00 00 00 11 08
  can0  0B2   [6]  00 00 00 00 11 08
  can0  2D5   [2]  00 00
  can0  2C6   [8]  00 00 00 00 00 00 00 D0
  can0  0B4   [8]  00 00 00 00 00 00 00 BC
  can0  223   [8]  00 00 00 00 00 00 00 2D
  can0  260   [8]  08 FF F3 00 00 00 00 64
  can0  0B0   [6]  00 00 00 00 11 09
  can0  0B2   [6]  00 00 00 00 11 09
  can0  224   [8]  00 00 00 00 00 00 00 00
  can0  262   [5]  20 00 00 00 89
  can0  2C1   [8]  08 02 F8 03 09 D7 00 B0
  can0  2C4   [8]  06 38 00 1A 40 80 40 26
  can0  0B4   [8]  00 00 00 00 00 00 00 BC
  can0  0BA   [4]  05 FD 00 C0
  can0  232   [4]  03 03 08 46
  can0  0B0   [6]  00 00 00 00 11 0A
  can0  0B2   [6]  00 00 00 00 11 0A
  can0  2D5   [2]  00 00
  can0  260   [8]  08 FF F3 00 00 00 00 64
  can0  2D0   [8]  0C 27 09 00 B0 9C 00 62
  can0  0B4   [8]  00 00 00 00 00 00 00 BC
  can0  223   [8]  00 00 00 00 00 00 00 2D
  can0  262   [5]  20 00 00 00 89
  can0  0B0   [6]  00 00 00 00 11 0B
  can0  0B2   [6]  00 00 00 00 11 0B
  can0  224   [8]  00 00 00 00 00 00 00 00
  can0  2C6   [8]  00 00 00 00 00 00 00 D0
  can0  442   [8]  40 02 00 00 02 00 00 00
  can0  2C4   [8]  06 33 00 1A 40 80 40 21
  can0  0B4   [8]  00 00 00 00 00 00 00 BC
  can0  0BA   [4]  05 FF 00 C2
  can0  232   [4]  03 03 08 46
  can0  2C5   [4]  00 05 C0 90
  can0  260   [8]  08 FF F4 00 00 00 00 65
  can0  0B0   [6]  00 00 00 00 11 0C
  can0  0B2   [6]  00 00 00 00 11 0C
  can0  2C1   [8]  08 03 0E 03 05 D8 00 C4
  can0  2D5   [2]  00 00
  can0  0B4   [8]  00 00 00 00 00 00 00 BC
  can0  223   [8]  00 00 00 00 00 00 00 2D
  can0  262   [5]  20 00 00 00 89
  can0  3A0   [8]  00 00 00 00 00 00 00 00
  can0  398   [2]  01 FA
  can0  0B0   [6]  00 00 00 00 11 0D
  can0  0B2   [6]  00 00 00 00 11 0D
  can0  224   [8]  00 00 00 00 00 00 00 00
  can0  2D0   [8]  0C 24 09 00 B0 9C 00 5F
  can0  2C4   [8]  06 2F 00 1A 40 80 40 1D
  can0  620   [8]  10 00 00 00 30 40 00 50
  can0  0B4   [8]  00 00 00 00 00 00 00 BC
  can0  0BA   [4]  05 FF 00 C2
  can0  232   [4]  03 03 08 46
  can0  260   [8]  08 FF F4 00 00 00 00 65
  can0  2C6   [8]  00 00 00 00 00 00 00 D0
  can0  0B0   [6]  00 00 00 00 11 0E
  can0  0B2   [6]  00 00 00 00 11 0E
  can0  2D5   [2]  00 00
  can0  262   [5]  20 00 00 00 89
  can0  7DF   [8]  02 01 06 00 00 00 00 00
  can0  0B4   [8]  00 00 00 00 00 00 00 BC
  can0  223   [8]  00 00 00 00 00 00 00 2D
  can0  7E8   [8]  03 41 06 75 00 00 00 00
  can0  2C1   [8]  08 03 11 02 F1 D8 00 B2
  can0  0B0   [6]  00 00 00 00 11 0F
  can0  0B2   [6]  00 00 00 00 11 0F
  can0  224   [8]  00 00 00 00 00 00 00 00
  can0  260   [8]  08 FF F5 00 00 00 00 66
  can0  3D6   [7]  00 00 00 00 00 00 00
  can0  2C4   [8]  06 39 00 1A 40 80 40 27
  can0  4DC   [8]  1D 00 01 07 00 00 00 00
  can0  0B4   [8]  00 00 00 00 00 00 00 BC
  can0  0BA   [4]  05 FE 00 C1
  can0  232   [4]  03 03 08 46
  can0  2C5   [4]  00 05 C0 90
  can0  2D0   [8]  0C 21 09 00 B0 9C 00 5C
  can0  262   [5]  20 00 00 00 89
  can0  2D5   [2]  00 00
  can0  0B0   [6]  00 00 00 00 11 00
  can0  0B2   [6]  00 00 00 00 11 00
  can0  2C6   [8]  00 00 00 00 00 00 00 D0
  can0  0B4   [8]  00 00 00 00 00 00 00 BC
  can0  223   [8]  00 00 00 00 00 00 00 2D
  can0  260   [8]  08 FF F3 00 00 00 00 64
  can0  0B0   [6]  00 00 00 00 11 01
  can0  0B2   [6]  00 00 00 00 11 01
  can0  224   [8]  00 00 00 00 00 00 00 00
  can0  2C4   [8]  06 35 00 1A 40 80 40 23
  can0  2C1   [8]  08 02 E7 02 F4 D7 00 89
  can0  0B4   [8]  00 00 00 00 00 00 00 BC
  can0  0BA   [4]  05 FE 00 C1
  can0  232   [4]  03 03 08 46
  can0  262   [5]  20 00 00 00 89
  can0  2D5   [2]  00 00
  can0  0B0   [6]  00 00 00 00 11 02
  can0  0B2   [6]  00 00 00 00 11 02
  can0  2D0   [8]  0C 24 09 00 B0 9C 00 5F
  can0  260   [8]  08 FF F3 00 00 00 00 64
  can0  0B4   [8]  00 00 00 00 00 00 00 BC
  can0  223   [8]  00 00 00 00 00 00 00 2D
  can0  3B0   [5]  00 00 00 48 00
  can0  2C6   [8]  00 00 00 00 00 00 00 D0
  can0  0B0   [6]  00 00 00 00 11 03
  can0  0B2   [6]  00 00 00 00 11 03
  can0  224   [8]  00 00 00 00 00 00 00 00
  can0  2C4   [8]  06 31 00 1A 40 80 40 1F
  can0  440   [8]  42 02 00 00 00 00 00 00
  can0  262   [5]  20 00 00 00 89
  can0  0B4   [8]  00 00 00 00 00 00 00 BC
  can0  0BA   [4]  05 FF 00 C2
  can0  232   [4]  03 03 08 46
  can0  2C5   [4]  00 05 C0 90
  can0  2D5   [2]  00 00
  can0  2C1   [8]  08 03 13 03 02 D8 00 C6
  can0  0B0   [6]  00 00 00 00 11 04
  can0  0B2   [6]  00 00 00 00 11 04
  can0  260   [8]  08 FF F3 00 00 00 00 64
  can0  0B4   [8]  00 00 00 00 00 00 00 BC
  can0  223   [8]  00 00 00 00 00 00 00 2D
  can0  2D0   [8]  0C 20 09 00 B0 9C 00 5B
  can0  262   [5]  20 00 00 00 89
  can0  0B0   [6]  00 00 00 00 11 05
  can0  0B2   [6]  00 00 00 00 11 05
  can0  224   [8]  00 00 00 00 00 00 00 00
  can0  2C4   [8]  06 26 00 1A 40 80 40 14
  can0  3A0   [8]  00 00 00 00 00 00 00 00
  can0  0B4   [8]  00 00 00 00 00 00 00 BC
  can0  0BA   [4]  05 FE 00 C1
  can0  232   [4]  03 03 08 46
  can0  2C6   [8]  00 00 00 00 00 00 00 D0
  can0  260   [8]  08 FF F3 00 00 00 00 64
  can0  2D5   [2]  00 00
  can0  0B0   [6]  00 00 00 00 11 06
  can0  0B2   [6]  00 00 00 00 11 06
  can0  0B4   [8]  00 00 00 00 00 00 00 BC
  can0  223   [8]  00 00 00 00 00 00 00 2D
  can0  262   [5]  20 00 00 00 89
  can0  2C1   [8]  08 03 32 03 06 D9 00 EA
  can0  7DF   [8]  02 01 07 00 00 00 00 00
  can0  0B0   [6]  00 00 00 00 11 07
  can0  0B2   [6]  00 00 00 00 11 07
  can0  224   [8]  00 00 00 00 00 00 00 00
  can0  7E8   [8]  03 41 07 88 00 00 00 00
  can0  2C4   [8]  06 28 00 1A 40 80 40 16
  can0  260   [8]  08 FF F3 00 00 00 00 64
  can0  0B4   [8]  00 00 00 00 00 00 00 BC
  can0  0BA   [4]  05 FF 00 C2
  can0  232   [4]  03 03 08 46
  can0  2C5   [4]  00 05 C0 90
  can0  2D0   [8]  0C 17 09 00 B0 9C 00 52
  can0  380   [8]  00 20 00 00 00 00 27 00
  can0  2D5   [2]  00 00
  can0  394   [1]  00
  can0  0B0   [6]  00 00 00 00 11 08
  can0  0B2   [6]  00 00 00 00 11 08
  can0  2C6   [8]  00 00 00 00 00 00 00 D0
  can0  262   [5]  20 00 00 00 89
  can0  0B4   [8]  00 00 00 00 00 00 00 BC
  can0  223   [8]  00 00 00 00 00 00 00 2D
  can0  0B0   [6]  00 00 00 00 11 09
  can0  0B2   [6]  00 00 00 00 11 09
  can0  224   [8]  00 00 00 00 00 00 00 00
  can0  260   [8]  08 FF F3 00 00 00 00 64
  can0  2C4   [8]  06 27 00 1A 40 80 40 15
  can0  2C1   [8]  08 03 05 03 0C D8 00 C2
  can0  0B4   [8]  00 00 00 00 00 00 00 BC
  can0  0BA   [4]  05 FF 00 C2
  can0  232   [4]  03 03 08 46
  can0  2D5   [2]  00 00
  can0  262   [5]  20 00 00 00 89
  can0  0B0   [6]  00 00 00 00 11 0A
  can0  0B2   [6]  00 00 00 00 11 0A
  can0  2D0   [8]  0C 10 09 00 B0 9C 00 4B
  can0  3A1   [8]  00 00 00 00 00 00 00 00
  can0  0B4   [8]  00 00 00 00 00 00 00 BC
  can0  223   [8]  00 00 00 00 00 00 00 2D
  can0  260   [8]  08 FF F3 00 00 00 00 64
  can0  2C6   [8]  00 00 00 00 00 00 00 D0
  can0  442   [8]  40 02 00 00 02 00 00 00
  can0  0B0   [6]  00 00 00 00 11 0B
  can0  0B2   [6]  00 00 00 00 11 0B
  can0  224   [8]  00 00 00 00 00 00 00 00
  can0  2C4   [8]  06 25 00 1A 40 80 40 13
  can0  0B4   [8]  00 00 00 00 00 00 00 BC
  can0  0BA   [4]  05 FE 00 C1
  can0  232   [4]  03 03 08 46
  can0  262   [5]  20 00 00 00 89
  can0  2C5   [4]  00 05 C0 90
  can0  4C3   [8]  04 00 12 07 00 00 00 00
  can0  2D5   [2]  00 00
  can0  2C1   [8]  08 03 2B 03 00 D9 00 DD
  can0  0B0   [6]  00 00 00 00 11 0C
  can0  0B2   [6]  00 00 00 00 11 0C
  can0  260   [8]  08 FF F3 00 00 00 00 64
  can0  0B4   [8]  00 00 00 00 00 00 00 BC
  can0  223   [8]  00 00 00 00 00 00 00 2D
  can0  3B7   [8]  00 00 00 00 00 00 00 00
  can0  2D0   [8]  0C 0B 09 00 B0 9C 00 46
  can0  2C4   [8]  06 2B 00 1A 40 80 40 19
  can0  0B0   [6]  00 00 00 00 11 0D
  can0  0B2   [6]  00 00 00 00 11 0D
  can0  224   [8]  00 00 00 00 00 00 00 00
  can0  262   [5]  20 00 00 00 89
  can0  3A0   [8]  00 00 00 00 00 00 00 00
  can0  0B4   [8]  00 00 00 00 00 00 00 BC
  can0  0BA   [4]  05 FE 00 C1
  can0  232   [4]  03 03 08 46
  can0  2C6   [8]  00 00 00 00 00 00 00 D0
  can0  610   [8]  20 00 00 64 00 00 00 00
  can0  2D5   [2]  00 00
  can0  4C1   [8]  01 00 09 08 00 00 00 00
  can0  0B0   [6]  00 00 00 00 11 0E
  can0  0B2   [6]  00 00 00 00 11 0E
  can0  260   [8]  08 FF F3 00 00 00 00 64
  can0  611   [8]  21 00 00 10 00 03 C1 4F
  can0  0B4   [8]  00 00 00 00 00 00 00 BC
  can0  223   [8]  00 00 00 00 00 00 00 2D
  can0  2C1   [8]  08 02 F5 03 00 D7 00 A4
  can0  262   [5]  20 00 00 00 89
  can0  2C4   [8]  06 2C 00 1A 40 80 40 1A
  can0  0B0   [6]  00 00 00 00 11 0F
  can0  0B2   [6]  00 00 00 00 11 0F
  can0  224   [8]  00 00 00 00 00 00 00 00
  can0  7DF   [8]  02 01 15 00 00 00 00 00
  can0  2D0   [8]  0C 0A 09 00 B0 9C 00 45
  can0  0B4   [8]  00 00 00 00 00 00 00 BC
  can0  0BA   [4]  05 FF 00 C2
  can0  232   [4]  03 03 08 46
  can0  2C5   [4]  00 05 C0 90
  can0  7E8   [8]  04 41 15 00 FF 00 00 00
  can0  2D5   [2]  00 00
  can0  260   [8]  08 FF F3 00 00 00 00 64
  can0  0B0   [6]  00 00 00 00 11 00
  can0  0B2   [6]  00 00 00 00 11 00
  can0  2C6   [8]  00 00 00 00 00 00 00 D0
  can0  262   [5]  20 00 00 00 89
  can0  0B4   [8]  00 00 00 00 00 00 00 BC
  can0  223   [8]  00 00 00 00 00 00 00 2D
  can0  2C4   [8]  06 2E 00 1A 40 80 40 1C
  can0  0B0   [6]  00 00 00 00 11 01
  can0  0B2   [6]  00 00 00 00 11 01
  can0  224   [8]  00 00 00 00 00 00 00 00
  can0  2C1   [8]  08 02 FB 03 08 D7 00 B2
  can0  260   [8]  08 FF F3 00 00 00 00 64
  can0  0B4   [8]  00 00 00 00 00 00 00 BC
  can0  0BA   [4]  05 FD 00 C0
  can0  232   [4]  03 03 08 46
  can0  2D5   [2]  00 00
  can0  0B0   [6]  00 00 00 00 11 02
  can0  0B2   [6]  00 00 00 00 11 02
  can0  2D0   [8]  0C 0C 09 00 B0 9C 00 47
  can0  262   [5]  20 00 00 00 89
  can0  0B4   [8]  00 00 00 00 00 00 00 BC
  can0  223   [8]  00 00 00 00 00 00 00 2D
  can0  2C6   [8]  00 00 00 00 00 00 00 D0
  can0  2C4   [8]  06 30 00 1A 40 80 40 1E
  can0  260   [8]  08 FF F3 00 00 00 00 64
  can0  0B0   [6]  00 00 00 00 11 03
  can0  0B2   [6]  00 00 00 00 11 03
  can0  224   [8]  00 00 00 00 00 00 00 00
  can0  440   [8]  42 02 00 00 00 00 00 00
  can0  621   [8]  11 00 00 00 00 00 00 00
  can0  2C5   [4]  00 05 C0 90
  can0  0B4   [8]  00 00 00 00 00 00 00 BC
  can0  0BA   [4]  05 FF 00 C2
  can0  232   [4]  03 03 08 46
  can0  2D5   [2]  00 00
  can0  2C1   [8]  08 02 F4 03 06 D7 00 A9
  can0  262   [5]  20 00 00 00 89
  can0  0B0   [6]  00 00 00 00 11 04
  can0  0B2   [6]  00 00 00 00 11 04
  can0  0B4   [8]  00 00 00 00 00 00 00 BC
  can0  223   [8]  00 00 00 00 00 00 00 2D
  can0  260   [8]  08 FF F3 00 00 00 00 64
  can0  622   [8]  12 00 00 00 00 00 00 00
  can0  2D0   [8]  0C 10 09 00 B0 9C 00 4B
  can0  2C4   [8]  06 32 00 1A 40 80 40 20
  can0  3B3   [3]  06 32 28
  can0  0B0   [6]  00 00 00 00 11 05
  can0  0B2   [6]  00 00 00 00 11 05
  can0  224   [8]  00 00 00 00 00 00 00 00
  can0  2C6   [8]  00 00 00 00 00 00 00 D0
  can0  624   [8]  1A 00 00 49 49 00 00 00
  can0  2D5   [2]  00 00
  can0  4DD   [8]  1E 00 00 05 00 00 00 00
  can0  262   [5]  20 00 00 00 89
  can0  0B4   [8]  00 00 00 00 00 00 00 BC
  can0  0BA   [4]  05 FF 00 C2
  can0  232   [4]  03 03 08 46
  can0  3A0   [8]  00 00 00 00 00 00 00 00
  can0  0B0   [6]  00 00 00 00 11 06
  can0  0B2   [6]  00 00 00 00 11 06
  can0  630   [8]  17 00 00 00 00 00 00 00
  can0  260   [8]  08 FF F4 00 00 00 00 65
  can0  2C1   [8]  08 02 F0 03 04 D7 00 A3
  can0  0B4   [8]  00 00 00 00 00 00 00 BC
  can0  223   [8]  00 00 00 00 00 00 00 2D
  can0  2C4   [8]  06 35 00 1A 40 80 40 23
  can0  620   [8]  10 00 00 00 30 40 00 50
  can0  0B0   [6]  00 00 00 00 11 07
  can0  0B2   [6]  00 00 00 00 11 07
  can0  224   [8]  00 00 00 00 00 00 00 00
  can0  262   [5]  20 00 00 00 89
  can0  2D0   [8]  0C 17 09 00 B0 9C 00 52
  can0  2D5   [2]  00 00
  can0  2C5   [4]  00 05 C0 90
  can0  0B4   [8]  00 00 00 00 00 00 00 BC
  can0  0BA   [4]  05 FE 00 C1
  can0  232   [4]  03 03 08 46
  can0  638   [8]  13 00 10 00 00 00 00 00
  can0  7DF   [8]  02 01 1F 00 00 00 00 00
  can0  260   [8]  08 FF F4 00 00 00 00 65
  can0  2C6   [8]  00 00 00 00 00 00 00 D0
  can0  0B0   [6]  00 00 00 00 11 08
  can0  0B2   [6]  00 00 00 00 11 08
  can0  7E8   [8]  04 41 1F 00 1E 00 00 00
  can0  0B4   [8]  00 00 00 00 00 00 00 BC
  can0  223   [8]  00 00 00 00 00 00 00 2D
  can0  2C4   [8]  06 34 00 1A 40 80 40 22
  can0  262   [5]  20 00 00 00 89
  can0  0B0   [6]  00 00 00 00 11 09
  can0  0B2   [6]  00 00 00 00 11 09
  can0  224   [8]  00 00 00 00 00 00 00 00
  can0  2C1   [8]  08 02 EC 03 05 D7 00 A0
  can0  640   [8]  A8 00 00 00 01 88 00 00
  can0  2D5   [2]  00 00
  can0  0B4   [8]  00 00 00 00 00 00 00 BC
  can0  0BA   [4]  05 FE 00 C1
  can0  232   [4]  03 03 08 46
  can0  260   [8]  08 FF F5 00 00 00 00 66
  can0  2D0   [8]  0C 1E 09 00 B0 9C 00 59
  can0  0B0   [6]  00 00 00 00 11 0A
  can0  0B2   [6]  00 00 00 00 11 0A
  can0  262   [5]  20 00 00 00 89
  can0  0B4   [8]  00 00 00 00 00 00 00 BC
  can0  223   [8]  00 00 00 00 00 00 00 2D
  can0  2C4   [8]  06 38 00 1A 40 80 40 26
  can0  2C6   [8]  00 00 00 00 00 00 00 D0
  can0  442   [8]  40 02 00 00 02 00 00 00
  can0  0B0   [6]  00 00 00 00 11 0B
  can0  0B2   [6]  00 00 00 00 11 0B
  can0  224   [8]  00 00 00 00 00 00 00 00
  can0  260   [8]  08 FF F4 00 00 00 00 65
  can0  2D5   [2]  00 00
  can0  2C5   [4]  00 05 C0 90
  can0  0B4   [8]  00 00 00 00 00 00 00 BC
  can0  0BA   [4]  05 FF 00 C2
  can0  232   [4]  03 03 08 46
  can0  2C1   [8]  08 02 EB 03 04 D7 00 9E
  can0  0B0   [6]  00 00 00 00 11 0C
  can0  0B2   [6]  00 00 00 00 11 0C
  can0  262   [5]  20 00 00 00 89
  can0  0B4   [8]  00 00 00 00 00 00 00 BC
  can0  223   [8]  00 00 00 00 00 00 00 2D
  can0  2C4   [8]  06 32 00 1A 40 80 40 20
  can0  2D0   [8]  0C 22 09 00 B0 9C 00 5D
  can0  260   [8]  08 FF F3 00 00 00 00 64
  can0  0B0   [6]  00 00 00 00 11 0D
  can0  0B2   [6]  00 00 00 00 11 0D
  can0  224   [8]  00 00 00 00 00 00 00 00
  can0  2C6   [8]  00 00 00 00 00 00 00 D0
  can0  2D5   [2]  00 00
  can0  0B4   [8]  00 00 00 00 00 00 00 BC
  can0  0BA   [4]  05 FE 00 C1
  can0  232   [4]  03 03 08 46
  can0  262   [5]  20 00 00 00 89
  can0  0B0   [6]  00 00 00 00 11 0E
  can0  0B2   [6]  00 00 00 00 11 0E
  can0  3A0   [8]  00 00 00 00 00 00 00 00
  can0  2C1   [8]  08 03 18 03 0B D8 00 D4
  can0  0B4   [8]  00 00 00 00 00 00 00 BC
  can0  223   [8]  00 00 00 00 00 00 00 2D
  can0  2C4   [8]  06 37 00 1A 40 80 40 25
  can0  260   [8]  08 FF F4 00 00 00 00 65
  can0  0B0   [6]  00 00 00 00 11 0F
  can0  0B2   [6]  00 00 00 00 11 0F
  can0  224   [8]  00 00 00 00 00 00 00 00
  can0  2D0   [8]  0C 23 09 00 B0 9C 00 5E
  can0  2D5   [2]  00 00
  can0  262   [5]  20 00 00 00 89
  can0  2C5   [4]  00 05 C0 90
  can0  0B4   [8]  00 00 00 00 00 00 00 BC
  can0  0BA   [4]  05 FD 00 C0
  can0  232   [4]  03 03 08 46
  can0  2C6   [8]  00 00 00 00 00 00 00 D0
  can0  0B0   [6]  00 00 00 00 11 00
  can0  0B2   [6]  00 00 00 00 11 00
  can0  260   [8]  08 FF F3 00 00 00 00 64
  can0  2C4   [8]  06 35 00 1A 40 80 40 23
  can0  0B4   [8]  00 00 00 00 00 00 00 BC
  can0  223   [8]  00 00 00 00 00 00 00 2D
  can0  394   [1]  00
  can0  7DF   [8]  02 01 2F 00 00 00 00 00
  can0  2C1   [8]  08 02 E7 02 FD D7 00 92
  can0  0B0   [6]  00 00 00 00 11 01
  can0  0B2   [6]  00 00 00 00 11 01
  can0  224   [8]  00 00 00 00 00 00 00 00
  can0  262   [5]  20 00 00 00 89
  can0  2D5   [2]  00 00
  can0  0B4   [8]  00 00 00 00 00 00 00 BC
  can0  0BA   [4]  05 FF 00 C2
  can0  232   [4]  03 03 08 46
  can0  2D0   [8]  0C 26 09 00 B0 9C 00 61
  can0  260   [8]  08 FF F3 00 00 00 00 64
  can0  0B0   [6]  00 00 00 00 11 02
  can0  0B2   [6]  00 00 00 00 11 02
  can0  2C4   [8]  06 32 00 1A 40 80 40 20
  can0  2C6   [8]  00 00 00 00 00 00 00 D0
  can0  0B4   [8]  00 00 00 00 00 00 00 BC
  can0  223   [8]  00 00 00 00 00 00 00 2D
  can0  262   [5]  20 00 00 00 89
  can0  440   [8]  42 02 00 00 00 00 00 00
  can0  0B0   [6]  00 00 00 00 11 03
  can0  0B2   [6]  00 00 00 00 11 03
  can0  224   [8]  00 00 00 00 00 00 00 00
  can0  2D5   [2]  00 00
  can0  2C5   [4]  00 05 C0 90
  can0  0B4   [8]  00 00 00 00 00 00 00 BC
  can0  0BA   [4]  05 FE 00 C1
  can0  232   [4]  03 03 08 46
  can0  260   [8]  08 FF F3 00 00 00 00 64
  can0  2C1   [8]  08 02 EB 02 FD D7 00 96
  can0  0B0   [6]  00 00 00 00 11 04
  can0  0B2   [6]  00 00 00 00 11 04
  can0  262   [5]  20 00 00 00 89
  can0  2C4   [8]  06 38 00 1A 40 80 40 26
  can0  2D0   [8]  0C 24 09 00 B0 9C 00 5F
  can0  0B4   [8]  00 00 00 00 00 00 00 BC
  can0  223   [8]  00 00 00 00 00 00 00 2D
  can0  0B0   [6]  00 00 00 00 11 05
  can0  0B2   [6]  00 00 00 00 11 05
  can0  224   [8]  00 00 00 00 00 00 00 00
  can0  2D5   [2]  00 00
  can0  2C6   [8]  00 00 00 00 00 00 00 D0
  can0  260   [8]  08 FF F3 00 00 00 00 64
  can0  0B4   [8]  00 00 00 00 00 00 00 BC
  can0  0BA   [4]  05 FE 00 C1
  can0  232   [4]  03 03 08 46
  can0  3B7   [8]  00 00 00 00 00 00 00 00
  can0  262   [5]  20 00 00 00 89
  can0  0B0   [6]  00 00 00 00 11 06
  can0  0B2   [6]  00 00 00 00 11 06
  can0  2C1   [8]  08 02 E2 02 F9 D7 00 89
  can0  3A0   [8]  00 00 00 00 00 00 00 00
  can0  2C4   [8]  06 40 00 1A 40 80 40 2E
  can0  0B4   [8]  00 00 00 00 00 00 00 BC
  can0  223   [8]  00 00 00 00 00 00 00 2D
  can0  260   [8]  08 FF F3 00 00 00 00 64
  can0  2D5   [2]  00 00
  can0  0B0   [6]  00 00 00 00 11 07
  can0  0B2   [6]  00 00 00 00 11 07
  can0  224   [8]  00 00 00 00 00 00 00 00
  can0  2D0   [8]  0C 2A 09 00 B0 9C 00 65
  can0  2C5   [4]  00 05 C0 90
  can0  0B4   [8]  00 00 00 00 00 00 00 BC
  can0  0BA   [4]  05 FF 00 C2
  can0  232   [4]  03 03 08 46
  can0  262   [5]  20 00 00 00 89
  can0  2C6   [8]  00 00 00 00 00 00 00 D0
  can0  0B0   [6]  00 00 00 00 11 08
  can0  0B2   [6]  00 00 00 00 11 08
  can0  2C4   [8]  06 31 00 1A 40 80 40 1F
  can0  260   [8]  08 FF F3 00 00 00 00 64
  can0  0B4   [8]  00 00 00 00 00 00 00 BC
  can0  223   [8]  00 00 00 00 00 00 00 2D
  can0  2C1   [8]  08 02 EB 03 00 D7 00 9A
  can0  2D5   [2]  00 00
  can0  0B0   [6]  00 00 00 00 11 09
  can0  0B2   [6]  00 00 00 00 11 09
  can0  224   [8]  00 00 00 00 00 00 00 00
  can0  262   [5]  20 00 00 00 89
  can0  0B4   [8]  00 00 00 00 00 00 00 BC
  can0  0BA   [4]  05 FE 00 C1
  can0  232   [4]  03 03 08 46
  can0  2D0   [8]  0C 26 09 00 B0 9C 00 61
  can0  0B0   [6]  00 00 00 00 11 0A
  can0  0B2   [6]  00 00 00 00 11 0A
  can0  260   [8]  08 FF F3 00 00 00 00 64
  can0  2C4   [8]  06 28 00 1A 40 80 40 16
  can0  2C6   [8]  00 00 00 00 00 00 00 D0
  can0  442   [8]  40 02 00 00 02 00 00 00
  can0  0B4   [8]  00 00 00 00 00 00 00 BC
  can0  223   [8]  00 00 00 00 00 00 00 2D
  can0  2D5   [2]  00 00
  can0  262   [5]  20 00 00 00 89
  can0  0B0   [6]  00 00 00 00 11 0B
  can0  0B2   [6]  00 00 00 00 11 0B
  can0  224   [8]  00 00 00 00 00 00 00 00
  can0  3B1   [8]  00 00 02 2A A0 00 00 00
  can0  2C1   [8]  08 03 43 03 05 DA 00 FB
  can0  2C5   [4]  00 05 C0 90
  can0  0B4   [8]  00 00 00 00 00 00 00 BC
  can0  0BA   [4]  05 FE 00 C1
  can0  232   [4]  03 03 08 46
  can0  260   [8]  08 FF F3 00 00 00 00 64
  can0  0B0   [6]  00 00 00 00 11 0C
  can0  0B2   [6]  00 00 00 00 11 0C
  can0  2C4   [8]  06 2F 00 1A 40 80 40 1D
  can0  2D0   [8]  0C 1D 09 00 B0 9C 00 58
  can0  0B4   [8]  00 00 00 00 00 00 00 BC
  can0  223   [8]  00 00 00 00 00 00 00 2D
  can0  262   [5]  20 00 00 00 89
  can0  2D5   [2]  00 00
  can0  0B0   [6]  00 00 00 00 11 0D
  can0  0B2   [6]  00 00 00 00 11 0D
  can0  224   [8]  00 00 00 00 00 00 00 00
  can0  2C6   [8]  00 00 00 00 00 00 00 D0
  can0  260   [8]  08 FF F3 00 00 00 00 64
  can0  0B4   [8]  00 00 00 00 00 00 00 BC
  can0  0BA   [4]  06 00 00 C4
  can0  232   [4]  03 03 08 46
  can0  0B0   [6]  00 00 00 00 11 0E
  can0  0B2   [6]  00 00 00 00 11 0E
  can0  2C1   [8]  08 02 FA 03 03 D7 00 AC
  can0  2C4   [8]  06 2F 00 1A 40 80 40 1D
  can0  262   [5]  20 00 00 00 89
  can0  0B4   [8]  00 00 00 00 00 00 00 BC
  can0  223   [8]  00 00 00 00 00 00 00 2D
  can0  3A0   [8]  00 00 00 00 00 00 00 00
  can0  2D5   [2]  00 00
  can0  2D0   [8]  0C 1A 09 00 B0 9C 00 55
  can0  0B0   [6]  00 00 00 00 11 0F
  can0  0B2   [6]  00 00 00 00 11 0F
  can0  224   [8]  00 00 00 00 00 00 00 00
  can0  260   [8]  08 FF F3 00 00 00 00 64
  can0  620   [8]  10 00 00 00 30 40 00 50
  can0  2C5   [4]  00 05 C0 90
  can0  0B4   [8]  00 00 00 00 00 00 00 BC
  can0  0BA   [4]  05 FE 00 C1
  can0  232   [4]  03 03 08 46
  can0  2C6   [8]  00 00 00 00 00 00 00 D0
  can0  262   [5]  20 00 00 00 89
  can0  0B0   [6]  00 00 00 00 11 00
  can0  0B2   [6]  00 00 00 00 11 00
  can0  2C4   [8]  06 2A 00 1A 40 80 40 18
  can0  0B4   [8]  00 00 00 00 00 00 00 BC
  can0  223   [8]  00 00 00 00 00 00 00 2D
  can0  2C1   [8]  08 03 04 03 03 D8 00 B8
  can0  2D5   [2]  00 00
  can0  260   [8]  08 FF F3 00 00 00 00 64
  can0  0B0   [6]  00 00 00 00 11 01
  can0  0B2   [6]  00 00 00 00 11 01
  can0  224   [8]  00 00 00 00 00 00 00 00
  can0  3B4   [8]  00 00 3F 4C 80 00 00 00
  can0  0B4   [8]  00 00 00 00 00 00 00 BC
  can0  0BA   [4]  05 FD 00 C0
  can0  232   [4]  03 03 08 46
  can0  2D0   [8]  0C 16 09 00 B0 9C 00 51
  can0  262   [5]  20 00 00 00 89
  can0  0B0   [6]  00 00 00 00 11 02
  can0  0B2   [6]  00 00 00 00 11 02
  can0  2C4   [8]  06 27 00 1A 40 80 40 15
  can0  2C6   [8]  00 00 00 00 00 00 00 D0
  can0  260   [8]  08 FF F3 00 00 00 00 64
  can0  0B4   [8]  00 00 00 00 00 00 00 BC
  can0  223   [8]  00 00 00 00 00 00 00 2D
  can0  440   [8]  42 02 00 00 00 00 00 00
  can0  2D5   [2]  00 00
  can0  0B0   [6]  00 00 00 00 11 03
  can0  0B2   [6]  00 00 00 00 11 03
  can0  224   [8]  00 00 00 00 00 00 00 00
  can0  262   [5]  20 00 00 00 89
  can0  2C1   [8]  08 03 22 03 03 D9 00 D7
  can0  2C5   [4]  00 05 C0 90
  can0  0B4   [8]  00 00 00 00 00 00 00 BC
  can0  0BA   [4]  05 FF 00 C2
  can0  232   [4]  03 03 08 46
  can0  2C4   [8]  06 28 00 1A 40 80 40 16
  can0  0B0   [6]  00 00 00 00 11 04
  can0  0B2   [6]  00 00 00 00 11 04
  can0  260   [8]  08 FF F4 00 00 00 00 65
  can0  2D0   [8]  0C 10 09 00 B0 9C 00 4B
  can0  0B4   [8]  00 00 00 00 00 00 00 BC
  can0  223   [8]  00 00 00 00 00 00 00 2D
  can0  2D5   [2]  00 00
  can0  262   [5]  20 00 00 00 89
  can0  2C6   [8]  00 00 00 00 00 00 00 D0
  can0  0B0   [6]  00 00 00 00 11 05
  can0  0B2   [6]  00 00 00 00 11 05
  can0  224   [8]  00 00 00 00 00 00 00 00
  can0  0B4   [8]  00 00 00 00 00 00 00 BC
  can0  0BA   [4]  05 FD 00 C0
  can0  232   [4]  03 03 08 46
  can0  260   [8]  08 FF F5 00 00 00 00 66
  can0  2C1   [8]  08 02 FD 03 03 D7 00 AF
  can0  2C4   [8]  06 2A 00 1A 40 80 40 18
  can0  0B0   [6]  00 00 00 00 11 06
  can0  0B2   [6]  00 00 00 00 11 06
  can0  0B4   [8]  00 00 00 00 00 00 00 BC
  can0  223   [8]  00 00 00 00 00 00 00 2D
  can0  262   [5]  20 00 00 00 89
  can0  2D5   [2]  00 00
  can0  2D0   [8]  0C 0B 09 00 B0 9C 00 46
  can0  610   [8]  20 00 00 64 00 00 00 00
  can0  0B0   [6]  00 00 00 00 11 07
  can0  0B2   [6]  00 00 00 00 11 07
  can0  224   [8]  00 00 00 00 00 00 00 00
  can0  3A0   [8]  00 00 00 00 00 00 00 00
  can0  2C5   [4]  00 05 C0 90
  can0  260   [8]  08 FF F5 00 00 00 00 66
  can0  0B4   [8]  00 00 00 00 00 00 00 BC
  can0  0BA   [4]  05 FD 00 C0
  can0  232   [4]  03 03 08 46
  can0  2C6   [8]  00 00 00 00 00 00 00 D0
  can0  2C4   [8]  06 30 00 1A 40 80 40 1E
  can0  0B0   [6]  00 00 00 00 11 08
  can0  0B2   [6]  00 00 00 00 11 08
  can0  262   [5]  20 00 00 00 89
  can0  0B4   [8]  00 00 00 00 00 00 00 BC
  can0  223   [8]  00 00 00 00 00 00 00 2D
  can0  2C1   [8]  08 02 F3 02 FD D7 00 9E
  can0  2D5   [2]  00 00
  can0  0B0   [6]  00 00 00 00 11 09
  can0  0B2   [6]  00 00 00 00 11 09
  can0  224   [8]  00 00 00 00 00 00 00 00
  can0  260   [8]  08 FF F4 00 00 00 00 65
  can0  394   [1]  00
  can0  2D0   [8]  0C 0E 09 00 B0 9C 00 49
  can0  0B4   [8]  00 00 00 00 00 00 00 BC
  can0  0BA   [4]  05 FF 00 C2
  can0  232   [4]  03 03 08 46
  can0  2C4   [8]  06 33 00 1A 40 80 40 21
  can0  262   [5]  20 00 00 00 89
  can0  0B0   [6]  00 00 00 00 11 0A
  can0  0B2   [6]  00 00 00 00 11 0A
  can0  2C6   [8]  00 00 00 00 00 00 00 D0
  can0  442   [8]  40 02 00 00 02 00 00 00
  can0  2D5   [2]  00 00
  can0  0B4   [8]  00 00 00 00 00 00 00 BC
  can0  223   [8]  00 00 00 00 00 00 00 2D
  can0  260   [8]  08 FF F4 00 00 00 00 65
  can0  0B0   [6]  00 00 00 00 11 0B
  can0  0B2   [6]  00 00 00 00 11 0B
  can0  224   [8]  00 00 00 00 00 00 00 00
  can0  2C1   [8]  08 02 F0 02 FD D7 00 9B
  can0  2C5   [4]  00 05 C0 90
  can0  0B4   [8]  00 00 00 00 00 00 00 BC
  can0  0BA   [4]  05 FF 00 C2
  can0  232   [4]  03 03 08 46
  can0  262   [5]  20 00 00 00 89
  can0  2C4   [8]  06 36 00 1A 40 80 40 24
  can0  0B0   [6]  00 00 00 00 11 0C
  can0  0B2   [6]  00 00 00 00 11 0C
  can0  2D0   [8]  0C 15 09 00 B0 9C 00 50
  can0  260   [8]  08 FF F3 00 00 00 00 64
  can0  2D5   [2]  00 00
  can0  0B4   [8]  00 00 00 00 00 00 00 BC
  can0  223   [8]  00 00 00 00 00 00 00 2D
  can0  2C6   [8]  00 00 00 00 00 00 00 D0
  can0  0B0   [6]  00 00 00 00 11 0D
  can0  0B2   [6]  00 00 00 00 11 0D
  can0  224   [8]  00 00 00 00 00 00 00 00
  can0  262   [5]  20 00 00 00 89
  can0  0B4   [8]  00 00 00 00 00 00 00 BC
  can0  0BA   [4]  05 FE 00 C1
  can0  232   [4]  03 03 08 46
  can0  2C4   [8]  06 35 00 1A 40 80 40 23
  can0  2C1   [8]  08 02 E8 02 F6 D7 00 8C
  can0  7DF   [8]  02 01 0C 00 00 00 00 00
  can0  7E8   [8]  04 41 0C 13 65 00 00 00
  can0  260   [8]  08 FF F3 00 00 00 00 64
  can0  0B0   [6]  00 00 00 00 11 0E
  can0  0B2   [6]  00 00 00 00 11 0E
  can0  2D5   [2]  00 00
  can0  0B4   [8]  00 00 00 00 00 00 00 BC
  can0  223   [8]  00 00 00 00 00 00 00 2D
  can0  3B7   [8]  00 00 00 00 00 00 00 00
  can0  2D0   [8]  0C 1B 09 00 B0 9C 00 56
  can0  262   [5]  20 00 00 00 89
  can0  0B0   [6]  00 00 00 00 11 0F
  can0  0B2   [6]  00 00 00 00 11 0F
  can0  224   [8]  00 00 00 00 00 00 00 00
  can0  3A0   [8]  00 00 00 00 00 00 00 00
  can0  3B3   [3]  06 35 28
  can0  2C5   [4]  00 05 C0 90
  can0  2C6   [8]  00 00 00 00 00 00 00 D0
  can0  0B4   [8]  00 00 00 00 00 00 00 BC
  can0  0BA   [4]  05 FF 00 C2
  can0  232   [4]  03 03 08 46
  can0  260   [8]  08 FF F3 00 00 00 00 64
  can0  2C4   [8]  06 2D 00 1A 40 80 40 1B
  can0  0B0   [6]  00 00 00 00 11 00
  can0  0B2   [6]  00 00 00 00 11 00
  can0  2D5   [2]  00 00
  can0  2C1   [8]  08 02 FB 02 F9 D7 00 A2
  can0  262   [5]  20 00 00 00 89
  can0  0B4   [8]  00 00 00 00 00 00 00 BC
  can0  223   [8]  00 00 00 00 00 00 00 2D
  can0  0B0   [6]  00 00 00 00 11 01
  can0  0B2   [6]  00 00 00 00 11 01
  can0  224   [8]  00 00 00 00 00 00 00 00
  can0  260   [8]  08 FF F3 00 00 00 00 64
  can0  2D0   [8]  0C 1D 09 00 B0 9C 00 58
  can0  0B4   [8]  00 00 00 00 00 00 00 BC
  can0  0BA   [4]  05 FF 00 C2
  can0  232   [4]  03 03 08 46
  can0  2C4   [8]  06 27 00 1A 40 80 40 15
  can0  0B0   [6]  00 00 00 00 11 02
  can0  0B2   [6]  00 00 00 00 11 02
  can0  2C6   [8]  00 00 00 00 00 00 00 D0
  can0  262   [5]  20 00 00 00 89
  can0  2D5   [2]  00 00
  can0  440   [8]  42 02 00 00 00 00 00 00
  can0  0B4   [8]  00 00 00 00 00 00 00 BC
  can0  223   [8]  00 00 00 00 00 00 00 2D
  can0  260   [8]  08 FF F3 00 00 00 00 64
  can0  0B0   [6]  00 00 00 00 11 03
  can0  0B2   [6]  00 00 00 00 11 03
  can0  224   [8]  00 00 00 00 00 00 00 00
  can0  2C1   [8]  08 03 0D 02 EB D8 00 A8
  can0  2C5   [4]  00 05 C0 90
  can0  0B4   [8]  00 00 00 00 00 00 00 BC
  can0  0BA   [4]  05 FF 00 C2
  can0  232   [4]  03 03 08 46
  can0  2C4   [8]  06 1B 00 1A 40 80 40 09
  can0  262   [5]  20 00 00 00 89
  can0  2D0   [8]  0C 11 09 00 B0 9C 00 4C
  can0  0B0   [6]  00 00 00 00 11 04
  can0  0B2   [6]  00 00 00 00 11 04
  can0  2D5   [2]  00 00
  can0  0B4   [8]  00 00 00 00 00 00 00 BC
  can0  223   [8]  00 00 00 00 00 00 00 2D
  can0  260   [8]  08 FF F3 00 00 00 00 64
  can0  2C6   [8]  00 00 00 00 00 00 00 D0
  can0  0B0   [6]  00 00 00 00 11 05
  can0  0B2   [6]  00 00 00 00 11 05
  can0  224   [8]  00 00 00 00 00 00 00 00
  can0  262   [5]  20 00 00 00 89
  can0  0B4   [8]  00 00 00 00 00 00 00 BC
  can0  0BA   [4]  06 00 00 C4
  can0  232   [4]  03 03 08 46
  can0  2C4   [8]  06 18 00 1A 40 80 40 06
  can0  2C1   [8]  08 03 3C 02 EA D9 00 D7
  can0  0B0   [6]  00 00 00 00 11 06
  can0  0B2   [6]  00 00 00 00 11 06
  can0  2D5   [2]  00 00
  can0  260   [8]  08 FF F3 00 00 00 00 64
  can0  7DF   [8]  02 01 0D 00 00 00 00 00
  can0  7E8   [8]  03 41 0D 00 00 00 00 00
  can0  0B4   [8]  00 00 00 00 00 00 00 BC
  can0  223   [8]  00 00 00 00 00 00 00 2D
  can0  2D0   [8]  0B FE 09 00 B0 9C 00 38
  can0  0B0   [6]  00 00 00 00 11 07
  can0  0B2   [6]  00 00 00 00 11 07
  can0  224   [8]  00 00 00 00 00 00 00 00
  can0  262   [5]  20 00 00 00 89
  can0  2C5   [4]  00 05 C0 90
  can0  2C6   [8]  00 00 00 00 00 00 00 D0
  can0  3A0   [8]  00 00 00 00 00 00 00 00
  can0  2C4   [8]  06 16 00 1A 40 80 40 04
  can0  4C8   [8]  09 00 01 06 00 00 00 00
  can0  0B4   [8]  00 00 00 00 00 00 00 BC
  can0  0BA   [4]  05 FE 00 C1
  can0  232   [4]  03 03 08 46
  can0  260   [8]  08 FF F3 00 00 00 00 64
  can0  0B0   [6]  00 00 00 00 11 08
  can0  0B2   [6]  00 00 00 00 11 08
  can0  620   [8]  10 00 00 00 30 40 00 50
  can0  2D5   [2]  00 00
  can0  2C1   [8]  08 03 00 02 F1 D8 00 A1
  can0  0B4   [8]  00 00 00 00 00 00 00 BC
  can0  223   [8]  00 00 00 00 00 00 00 2D
  can0  262   [5]  20 00 00 00 89
  can0  0B0   [6]  00 00 00 00 11 09
  can0  0B2   [6]  00 00 00 00 11 09
  can0  224   [8]  00 00 00 00 00 00 00 00
  can0  2D0   [8]  0B F3 09 00 B0 9C 00 2D
  can0  2C4   [8]  06 11 00 1A 40 80 40 FF
  can0  0B4   [8]  00 00 00 00 00 00 00 BC
  can0  0BA   [4]  05 FF 00 C2
  can0  232   [4]  03 03 08 46
  can0  260   [8]  08 FF F3 00 00 00 00 64
  can0  442   [8]  40 02 00 00 02 00 00 00
  can0  2C6   [8]  00 00 00 00 00 00 00 D0
  can0  0B0   [6]  00 00 00 00 11 0A
  can0  0B2   [6]  00 00 00 00 11 0A
  can0  2D5   [2]  00 00
  can0  262   [5]  20 00 00 00 89
  can0  0B4   [8]  00 00 00 00 00 00 00 BC
  can0  223   [8]  00 00 00 00 00 00 00 2D
  can0  2C1   [8]  08 03 19 02 ED D8 00 B6
  can0  0B0   [6]  00 00 00 00 11 0B
  can0  0B2   [6]  00 00 00 00 11 0B
  can0  224   [8]  00 00 00 00 00 00 00 00
  can0  260   [8]  08 FF F3 00 00 00 00 64
  can0  2C5   [4]  00 05 C0 90
  can0  2C4   [8]  06 10 00 1A 40 80 40 FE
  can0  0B4   [8]  00 00 00 00 00 00 00 BC
  can0  0BA   [4]  05 FF 00 C2
  can0  232   [4]  03 03 08 46
  can0  38A   [5]  08 04 00 00 00
  can0  2D0   [8]  0B E6 09 00 B0 9C 00 20
  can0  0B0   [6]  00 00 00 00 11 0C
  can0  0B2   [6]  00 00 00 00 11 0C
  can0  262   [5]  20 00 00 00 89
  can0  2D5   [2]  00 00
  can0  0B4   [8]  00 00 00 00 00 00 00 BC
  can0  223   [8]  00 00 00 00 00 00 00 2D
  can0  2C6   [8]  00 00 00 00 00 00 00 D0
  can0  260   [8]  08 FF F3 00 00 00 00 64
  can0  0B0   [6]  00 00 00 00 11 0D
  can0  0B2   [6]  00 00 00 00 11 0D
  can0  224   [8]  00 00 00 00 00 00 00 00
  can0  2C4   [8]  06 17 00 1A 40 80 40 05
  can0  398   [2]  01 F8
  can0  0B4   [8]  00 00 00 00 00 00 00 BC
  can0  0BA   [4]  05 FF 00 C2
  can0  232   [4]  03 03 08 46
  can0  2C1   [8]  08 03 1D 02 EE D8 00 BB
  can0  262   [5]  20 00 00 00 89
  can0  2D5   [2]  00 00
  can0  0B0   [6]  00 00 00 00 11 0E
  can0  0B2   [6]  00 00 00 00 11 0E
  can0  0B4   [8]  00 00 00 00 00 00 00 BC
  can0  223   [8]  00 00 00 00 00 00 00 2D
  can0  260   [8]  08 FF F3 00 00 00 00 64
  can0  2D0   [8]  0B DF 09 00 B0 9C 00 19
  can0  7DF   [8]  02 01 04 00 00 00 00 00
  can0  7E8   [8]  03 41 04 8A 00 00 00 00
  can0  0B0   [6]  00 00 00 00 11 0F
  can0  0B2   [6]  00 00 00 00 11 0F
  can0  224   [8]  00 00 00 00 00 00 00 00
  can0  2C6   [8]  00 00 00 00 00 00 00 D0
  can0  2C4   [8]  06 1A 00 1A 40 80 40 08
  can0  2C5   [4]  00 05 C0 90
  can0  262   [5]  20 00 00 00 89
  can0  0B4   [8]  00 00 00 00 00 00 00 BC
  can0  0BA   [4]  06 00 00 C4
  can0  232   [4]  03 03 08 46
  can0  3A0   [8]  00 00 00 00 00 00 00 00
  can0  2D5   [2]  00 00
  can0  0B0   [6]  00 00 00 00 11 00
  can0  0B2   [6]  00 00 00 00 11 00
  can0  260   [8]  08 FF F3 00 00 00 00 64
  can0  2C1   [8]  08 02 FC 02 F3 D7 00 9D
  can0  0B4   [8]  00 00 00 00 00 00 00 BC
  can0  223   [8]  00 00 00 00 00 00 00 2D
  can0  262   [5]  20 00 00 00 89
  can0  0B0   [6]  00 00 00 00 11 01
  can0  0B2   [6]  00 00 00 00 11 01
  can0  224   [8]  00 00 00 00 00 00 00 00
  can0  2D0   [8]  0B E2 09 00 B0 9C 00 1C
  can0  2C4   [8]  06 17 00 1A 40 80 40 05
  can0  0B4   [8]  00 00 00 00 00 00 00 BC
  can0  0BA   [4]  06 00 00 C4
  can0  232   [4]  03 03 08 46
  can0  2C6   [8]  00 00 00 00 00 00 00 D0
  can0  260   [8]  08 FF F3 00 00 00 00 64
  can0  2D5   [2]  00 00
  can0  0B0   [6]  00 00 00 00 11 02
  can0  0B2   [6]  00 00 00 00 11 02
  can0  440   [8]  42 02 00 00 00 00 00 00
  can0  4DC   [8]  1D 00 01 07 00 00 00 00
  can0  394   [1]  00
  can0  0B4   [8]  00 00 00 00 00 00 00 BC
  can0  223   [8]  00 00 00 00 00 00 00 2D
  can0  262   [5]  20 00 00 00 89
  can0  2C1   [8]  08 02 FA 02 E9 D7 00 91
  can0  0B0   [6]  00 00 00 00 11 03
  can0  0B2   [6]  00 00 00 00 11 03
  can0  224   [8]  00 00 00 00 00 00 00 00
  can0  2C4   [8]  06 0F 00 1A 40 80 40 FD
  can0  2C5   [4]  00 05 C0 90
  can0  260   [8]  08 FF F3 00 00 00 00 64
  can0  0B4   [8]  00 00 00 00 00 00 00 BC
  can0  0BA   [4]  06 00 00 C4
  can0  232   [4]  03 03 08 46
  can0  2D0   [8]  0B DE 09 00 B0 9C 00 18
  can0  2D5   [2]  00 00
  can0  0B0   [6]  00 00 00 00 11 04
  can0  0B2   [6]  00 00 00 00 11 04
  can0  262   [5]  20 00 00 00 89
  can0  2C6   [8]  00 00 00 00 00 00 00 D0
  can0  0B4   [8]  00 00 00 00 00 00 00 BC
  can0  223   [8]  00 00 00 00 00 00 00 2D
  can0  0B0   [6]  00 00 00 00 11 05
  can0  0B2   [6]  00 00 00 00 11 05
  can0  224   [8]  00 00 00 00 00 00 00 00
  can0  2C4   [8]  06 0D 00 1A 40 80 40 FB
  can0  260   [8]  08 FF F3 00 00 00 00 64
  can0  2C1   [8]  08 03 30 02 EF D9 00 D0
  can0  0B4   [8]  00 00 00 00 00 00 00 BC
  can0  0BA   [4]  06 00 00 C4
  can0  232   [4]  03 03 08 46
  can0  3B0   [5]  00 00 00 48 00
  can0  2D5   [2]  00 00
  can0  262   [5]  20 00 00 00 89
  can0  0B0   [6]  00 00 00 00 11 06
  can0  0B2   [6]  00 00 00 00 11 06
  can0  2D0   [8]  0B DA 09 00 B0 9C 00 14
  can0  0B4   [8]  00 00 00 00 00 00 00 BC
  can0  223   [8]  00 00 00 00 00 00 00 2D
  can0  260   [8]  08 FF EF 00 00 00 00 60
  can0  0B0   [6]  00 00 00 00 11 07
  can0  0B2   [6]  00 00 00 00 11 07
  can0  224   [8]  00 00 00 00 00 00 00 00
  can0  2C4   [8]  06 17 00 1A 40 80 40 05
  can0  2C6   [8]  00 00 00 00 00 00 00 D0
  can0  2C5   [4]  00 05 C0 90
  can0  7DF   [8]  02 01 05 00 00 00 00 00
  can0  7E8   [8]  03 41 05 47 00 00 00 00
  can0  0B4   [8]  00 00 00 00 00 00 00 BC
  can0  0BA   [4]  06 00 00 C4
  can0  232   [4]  03 03 08 46
  can0  3B7   [8]  00 00 00 00 00 00 00 00
  can0  262   [5]  20 00 00 00 89
  can0  2D5   [2]  00 00
  can0  3A0   [8]  00 00 00 00 00 00 00 00
  can0  0B0   [6]  00 00 00 00 11 08
  can0  0B2   [6]  00 00 00 00 11 08
  can0  2C1   [8]  08 03 00 02 F4 D8 00 A4
  can0  260   [8]  08 FF EF 00 00 00 00 60
  can0  0B4   [8]  00 00 00 00 00 00 00 BC
  can0  223   [8]  00 00 00 00 00 00 00 2D
  can0  0B0   [6]  00 00 00 00 11 09
  can0  0B2   [6]  00 00 00 00 11 09
  can0  224   [8]  00 00 00 00 00 00 00 00
  can0  2C4   [8]  06 0C 00 1A 40 80 40 FA
  can0  2D0   [8]  0B DC 09 00 B0 9C 00 16
  can0  4C3   [8]  04 00 12 07 00 00 00 00
  can0  4C1   [8]  01 00 09 08 00 00 00 00
  can0  262   [5]  20 00 00 00 89
  can0  0B4   [8]  00 00 00 00 00 00 00 BC
  can0  0BA   [4]  06 00 00 C4
  can0  232   [4]  03 03 08 46
  can0  442   [8]  40 02 00 00 02 00 00 00
  can0  2C6   [8]  00 00 00 00 00 00 00 D0
  can0  2D5   [2]  00 00
  can0  0B0   [6]  00 00 00 00 11 0A
  can0  0B2   [6]  00 00 00 00 11 0A
  can0  260   [8]  08 FF F1 00 00 00 00 62
  can0  380   [8]  00 20 00 00 00 00 27 00
  can0  0B4   [8]  00 00 00 00 00 00 00 BC
  can0  223   [8]  00 00 00 00 00 00 00 2D
  can0  2C1   [8]  08 03 0E 02 E7 D8 00 A5
  can0  262   [5]  20 00 00 00 89
  can0  2C4   [8]  06 04 00 1A 40 80 40 F2
  can0  0B0   [6]  00 00 00 00 11 0B
  can0  0B2   [6]  00 00 00 00 11 0B
  can0  224   [8]  00 00 00 00 00 00 00 00
  can0  2C5   [4]  00 05 C0 90
  can0  0B4   [8]  00 00 00 00 00 00 00 BC
  can0  0BA   [4]  06 01 00 C5
  can0  232   [4]  03 03 08 46
  can0  2D0   [8]  0B D7 09 00 B0 9C 00 11
  can0  2D5   [2]  00 00
  can0  260   [8]  08 FF F1 00 00 00 00 62
  can0  0B0   [6]  00 00 00 00 11 0C
  can0  0B2   [6]  00 00 00 00 11 0C
  can0  2C6   [8]  00 00 00 00 00 00 00 D0
  can0  0B4   [8]  00 00 00 00 00 00 00 BC
  can0  223   [8]  00 00 00 00 00 00 00 2D
  can0  262   [5]  20 00 00 00 89
  can0  2C4   [8]  06 00 00 1A 40 80 40 EE
  can0  3A1   [8]  00 00 00 00 00 00 00 00
  can0  0B0   [6]  00 00 00 00 11 0D
  can0  0B2   [6]  00 00 00 00 11 0D
  can0  224   [8]  00 00 00 00 00 00 00 00
  can0  2C1   [8]  08 03 29 02 E5 D9 00 BF
  can0  260   [8]  08 FF F1 00 00 00 00 62
  can0  0B4   [8]  00 00 00 00 00 00 00 BC
  can0  0BA   [4]  06 01 00 C5
  can0  232   [4]  03 03 08 46
  can0  2D5   [2]  00 00
  can0  0B0   [6]  00 00 00 00 11 0E
  can0  0B2   [6]  00 00 00 00 11 0E
  can0  262   [5]  20 00 00 00 89
  can0  2D0   [8]  0B CB 09 00 B0 9C 00 05
  can0  0B4   [8]  00 00 00 00 00 00 00 BC
  can0  223   [8]  00 00 00 00 00 00 00 2D
  can0  2C4   [8]  06 0C 00 1A 40 80 40 FA
  can0  2C6   [8]  00 00 00 00 00 00 00 D0
  can0  0B0   [6]  00 00 00 00 11 0F
  can0  0B2   [6]  00 00 00 00 11 0F
  can0  224   [8]  00 00 00 00 00 00 00 00
  can0  260   [8]  08 FF F1 00 00 00 00 62
  can0  2C5   [4]  00 05 C0 90
  can0  0B4   [8]  00 00 00 00 00 00 00 BC
  can0  0BA   [4]  06 01 00 C5
  can0  232   [4]  03 03 08 46
  can0  2D5   [2]  00 00
  can0  7DF   [8]  02 01 0F 00 00 00 00 00
  can0  7E8   [8]  03 41 0F 42 00 00 00 00
  can0  262   [5]  20 00 00 00 89
  can0  2C1   [8]  08 02 F4 02 EC D7 00 8E
  can0  0B0   [6]  00 00 00 00 11 00
  can0  0B2   [6]  00 00 00 00 11 00
  can0  610   [8]  20 00 00 64 00 00 00 00
  can0  3A0   [8]  00 00 00 00 00 00 00 00
  can0  0B4   [8]  00 00 00 00 00 00 00 BC
  can0  223   [8]  00 00 00 00 00 00 00 2D
  can0  260   [8]  08 FF F1 00 00 00 00 62
  can0  2C4   [8]  06 10 00 1A 40 80 40 FE
  can0  2D0   [8]  0B C7 09 00 B0 9C 00 01
  can0  0B0   [6]  00 00 00 00 11 01
  can0  0B2   [6]  00 00 00 00 11 01
  can0  224   [8]  00 00 00 00 00 00 00 00
  can0  620   [8]  10 00 00 00 30 40 00 50
  can0  611   [8]  21 00 00 10 00 03 C1 4F
  can0  2D5   [2]  00 00
  can0  0B4   [8]  00 00 00 00 00 00 00 BC
  can0  0BA   [4]  06 00 00 C4
  can0  232   [4]  03 03 08 46
  can0  262   [5]  20 00 00 00 89
  can0  2C6   [8]  00 00 00 00 00 00 00 D0
  can0  440   [8]  42 02 00 00 00 00 00 00
  can0  0B0   [6]  00 00 00 00 11 02
  can0  0B2   [6]  00 00 00 00 11 02
  can0  260   [8]  08 FF EF 00 00 00 00 60
  can0  0B4   [8]  00 00 00 00 00 00 00 BC
  can0  223   [8]  00 00 00 00 00 00 00 2D
  can0  2C1   [8]  08 02 FE 02 F3 D7 00 9F
  can0  2C4   [8]  06 0D 00 1A 40 80 40 FB
  can0  0B0   [6]  00 00 00 00 11 03
  can0  0B2   [6]  00 00 00 00 11 03
  can0  224   [8]  00 00 00 00 00 00 00 00
  can0  2C5   [4]  00 05 C0 90
  can0  262   [5]  20 00 00 00 89
  can0  2D5   [2]  00 00
  can0  0B4   [8]  00 00 00 00 00 00 00 BC
  can0  0BA   [4]  06 01 00 C5
  can0  232   [4]  03 03 08 46
  can0  2D0   [8]  0B CC 09 00 B0 9C 00 06
  can0  0B0   [6]  00 00 00 00 11 04
  can0  0B2   [6]  00 00 00 00 11 04
  can0  260   [8]  08 FF EE 00 00 00 00 5F
  can0  2C6   [8]  00 00 00 00 00 00 00 D0
  can0  0B4   [8]  00 00 00 00 00 00 00 BC
  can0  223   [8]  00 00 00 00 00 00 00 2D
  can0  2C4   [8]  06 11 00 1A 40 80 40 FF
  can0  262   [5]  20 00 00 00 89
  can0  0B0   [6]  00 00 00 00 11 05
  can0  0B2   [6]  00 00 00 00 11 05
  can0  224   [8]  00 00 00 00 00 00 00 00
  can0  2C1   [8]  08 03 09 02 F6 D8 00 AF
  can0  2D5   [2]  00 00
  can0  0B4   [8]  00 00 00 00 00 00 00 BC
  can0  0BA   [4]  06 01 00 C5
  can0  232   [4]  03 03 08 46
  can0  260   [8]  08 FF EF 00 00 00 00 60
  can0  0B0   [6]  00 00 00 00 11 06
  can0  0B2   [6]  00 00 00 00 11 06
  can0  2D0   [8]  0B D1 09 00 B0 9C 00 0B
  can0  621   [8]  11 00 00 00 00 00 00 00
  can0  0B4   [8]  00 00 00 00 00 00 00 BC
  can0  223   [8]  00 00 00 00 00 00 00 2D
  can0  262   [5]  20 00 00 00 89
  can0  2C4   [8]  06 12 00 1A 40 80 40 00
  can0  2C6   [8]  00 00 00 00 00 00 00 D0
  can0  0B0   [6]  00 00 00 00 11 07
  can0  0B2   [6]  00 00 00 00 11 07
  can0  224   [8]  00 00 00 00 00 00 00 00
  can0  2C5   [4]  00 05 C0 90
  can0  260   [8]  08 FF F1 00 00 00 00 62
  can0  2D5   [2]  00 00
  can0  0B4   [8]  00 00 00 00 00 00 00 BC
  can0  0BA   [4]  06 01 00 C5
  can0  232   [4]  03 03 08 46
  can0  622   [8]  12 00 00 00 00 00 00 00
  can0  2C1   [8]  08 03 02 02 FC D8 00 AE
  can0  0B0   [6]  00 00 00 00 11 08
  can0  0B2   [6]  00 00 00 00 11 08
  can0  262   [5]  20 00 00 00 89
  can0  7DF   [8]  02 01 0B 00 00 00 00 00
  can0  624   [8]  1A 00 00 49 49 00 00 00
  can0  0B4   [8]  00 00 00 00 00 00 00 BC
  can0  223   [8]  00 00 00 00 00 00 00 2D
  can0  3A0   [8]  00 00 00 00 00 00 00 00
  can0  2C4   [8]  06 0A 00 1A 40 80 40 F8
  can0  2D0   [8]  0B D4 09 00 B0 9C 00 0E
  can0  0B0   [6]  00 00 00 00 11 09
  can0  0B2   [6]  00 00 00 00 11 09
  can0  224   [8]  00 00 00 00 00 00 00 00
  can0  260   [8]  08 FF F3 00 00 00 00 64
  can0  4DD   [8]  1E 00 00 05 00 00 00 00
  can0  630   [8]  17 00 00 00 00 00 00 00
  can0  2D5   [2]  00 00
  can0  442   [8]  40 02 00 00 02 00 00 00
  can0  2C6   [8]  00 00 00 00 00 00 00 D0
  can0  0B4   [8]  00 00 00 00 00 00 00 BC
  can0  0BA   [4]  06 01 00 C5
  can0  232   [4]  03 03 08 46
  can0  3B3   [3]  06 01 28
  can0  262   [5]  20 00 00 00 89
  can0  0B0   [6]  00 00 00 00 11 0A
  can0  0B2   [6]  00 00 00 00 11 0A
  can0  638   [8]  13 00 10 00 00 00 00 00
  can0  2C1   [8]  08 03 0E 03 01 D8 00 C0
  can0  0B4   [8]  00 00 00 00 00 00 00 BC
  can0  223   [8]  00 00 00 00 00 00 00 2D
  can0  2C4   [8]  05 FC 00 1A 40 80 40 E9
  can0  260   [8]  08 FF F5 00 00 00 00 66
  can0  0B0   [6]  00 00 00 00 11 0B
  can0  0B2   [6]  00 00 00 00 11 0B
  can0  224   [8]  00 00 00 00 00 00 00 00
  can0  394   [1]  00
  can0  2C5   [4]  00 05 C0 90
  can0  2D5   [2]  00 00
  can0  2D0   [8]  0B CD 09 00 B0 9C 00 07
  can0  262   [5]  20 00 00 00 89
  can0  0B4   [8]  00 00 00 00 00 00 00 BC
  can0  0BA   [4]  06 01 00 C5
  can0  232   [4]  03 03 08 46
  can0  640   [8]  A8 00 00 00 01 8A 00 00
  can0  0B0   [6]  00 00 00 00 11 0C
  can0  0B2   [6]  00 00 00 00 11 0C
  can0  2C6   [8]  00 00 00 00 00 00 00 D0
  can0  260   [8]  08 FF F3 00 00 00 00 64
  can0  0B4   [8]  00 00 00 00 00 00 00 BC
  can0  223   [8]  00 00 00 00 00 00 00 2D
  can0  2C4   [8]  05 FF 00 1A 40 80 40 EC
  can0  0B0   [6]  00 00 00 00 11 0D
  can0  0B2   [6]  00 00 00 00 11 0D
  can0  224   [8]  00 00 00 00 00 00 00 00
  can0  2C1   [8]  08 03 2D 03 02 D9 00 E1
  can0  262   [5]  20 00 00 00 89
  can0  2D5   [2]  00 00
  can0  0B4   [8]  00 00 00 00 00 00 00 BC
  can0  0BA   [4]  06 02 00 C6
  can0  232   [4]  03 03 08 46
  can0  260   [8]  08 FF F3 00 00 00 00 64
  can0  0B0   [6]  00 00 00 00 11 0E
  can0  0B2   [6]  00 00 00 00 11 0E
  can0  2D0   [8]  0B C2 09 00 B0 9C 00 FC
  can0  2C4   [8]  05 FD 00 1A 40 80 40 EA
  can0  0B4   [8]  00 00 00 00 00 00 00 BC
  can0  223   [8]  00 00 00 00 00 00 00 2D
  can0  2C6   [8]  00 00 00 00 00 00 00 D0
  can0  262   [5]  20 00 00 00 89
  can0  0B0   [6]  00 00 00 00 11 0F
  can0  0B2   [6]  00 00 00 00 11 0F
  can0  224   [8]  00 00 00 00 00 00 00 00
  can0  2C5   [4]  00 05 C0 90
  can0  2D5   [2]  00 00
  can0  0B4   [8]  00 00 00 00 00 00 00 BC
  can0  0BA   [4]  06 00 00 C4
  can0  232   [4]  03 03 08 46
  can0  260   [8]  08 FF F4 00 00 00 00 65
  can0  2C1   [8]  08 03 1A 03 04 D8 00 CF
  can0  0B0   [6]  00 00 00 00 11 00
  can0  0B2   [6]  00 00 00 00 11 00
  can0  2C4   [8]  05 FF 00 1A 40 80 40 EC
  can0  262   [5]  20 00 00 00 89
  can0  0B4   [8]  00 00 00 00 00 00 00 BC
  can0  223   [8]  00 00 00 00 00 00 00 2D
  can0  3B7   [8]  00 00 00 00 00 00 00 00
  can0  2D0   [8]  0B BA 09 00 B0 9C 00 F4
  can0  3A0   [8]  00 00 00 00 00 00 00 00
  can0  0B0   [6]  00 00 00 00 11 01
  can0  0B2   [6]  00 00 00 00 11 01
  can0  224   [8]  00 00 00 00 00 00 00 00
  can0  2D5   [2]  00 00
  can0  260   [8]  08 FF F5 00 00 00 00 66
  can0  2C6   [8]  00 00 00 00 00 00 00 D0
  can0  0B4   [8]  00 00 00 00 00 00 00 BC
  can0  0BA   [4]  06 00 00 C4
  can0  232   [4]  03 03 08 46
  can0  440   [8]  42 02 00 00 00 00 00 00
  can0  0B0   [6]  00 00 00 00 11 02
  can0  0B2   [6]  00 00 00 00 11 02
  can0  262   [5]  20 00 00 00 89
  can0  2C1   [8]  08 03 0F 02 FD D8 00 BC
  can0  2C4   [8]  05 FE 00 1A 40 80 40 EB
  can0  0B4   [8]  00 00 00 00 00 00 00 BC
  can0  223   [8]  00 00 00 00 00 00 00 2D
  can0  260   [8]  08 FF F5 00 00 00 00 66
  can0  0B0   [6]  00 00 00 00 11 03
  can0  0B2   [6]  00 00 00 00 11 03
  can0  224   [8]  00 00 00 00 00 00 00 00
  can0  2D5   [2]  00 00
  can0  2C5   [4]  00 05 C0 90
  can0  2D0   [8]  0B B6 09 00 B0 9C 00 F0
  can0  0B4   [8]  00 00 00 00 00 00 00 BC
  can0  0BA   [4]  06 01 00 C5
  can0  232   [4]  03 03 08 46
  can0  262   [5]  20 00 00 00 89
  can0  2C6   [8]  00 00 00 00 00 00 00 D0
  can0  0B0   [6]  00 00 00 00 11 04
  can0  0B2   [6]  00 00 00 00 11 04
  can0  2C4   [8]  05 FC 00 1A 40 80 40 E9
  can0  0B4   [8]  00 00 00 00 00 00 00 BC
  can0  223   [8]  00 00 00 00 00 00 00 2D
  can0  260   [8]  08 FF F4 00 00 00 00 65
  can0  2C1   [8]  08 03 0F 02 FA D8 00 B9
  can0  0B0   [6]  00 00 00 00 11 05
  can0  0B2   [6]  00 00 00 00 11 05
  can0  224   [8]  00 00 00 00 00 00 00 00
  can0  2D5   [2]  00 00
  can0  262   [5]  20 00 00 00 89
  can0  0B4   [8]  00 00 00 00 00 00 00 BC
  can0  0BA   [4]  06 01 00 C5
  can0  232   [4]  03 03 08 46
  can0  2D0   [8]  0B B1 09 00 B0 9C 00 EB
  can0  0B0   [6]  00 00 00 00 11 06
  can0  0B2   [6]  00 00 00 00 11 06
  can0  260   [8]  08 FF F3 00 00 00 00 64
  can0  2C4   [8]  05 FC 00 1A 40 80 40 E9
  can0  0B4   [8]  00 00 00 00 00 00 00 BC
  can0  223   [8]  00 00 00 00 00 00 00 2D
  can0  2C6   [8]  00 00 00 00 00 00 00 D0
  can0  2D5   [2]  00 00
  can0  0B0   [6]  00 00 00 00 11 07
  can0  0B2   [6]  00 00 00 00 11 07
  can0  224   [8]  00 00 00 00 00 00 00 00
  can0  262   [5]  20 00 00 00 89
  can0  2C5   [4]  00 05 C0 90
  can0  0B4   [8]  00 00 00 00 00 00 00 BC
  can0  0BA   [4]  06 00 00 C4
  can0  232   [4]  03 03 08 46
  can0  2C1   [8]  08 03 0B 02 FE D8 00 B9
  can0  260   [8]  08 FF F3 00 00 00 00 64
  can0  0B0   [6]  00 00 00 00 11 08
  can0  0B2   [6]  00 00 00 00 11 08
  can0  2C4   [8]  06 05 00 1A 40 80 40 F3
  can0  0B4   [8]  00 00 00 00 00 00 00 BC
  can0  223   [8]  00 00 00 00 00 00 00 2D
  can0  2D0   [8]  0B B3 09 00 B0 9C 00 ED
  can0  262   [5]  20 00 00 00 89
  can0  2D5   [2]  00 00
  can0  0B0   [6]  00 00 00 00 11 09
  can0  0B2   [6]  00 00 00 00 11 09
  can0  224   [8]  00 00 00 00 00 00 00 00
  can0  442   [8]  40 02 00 00 02 00 00 00
  can0  3A0   [8]  00 00 00 00 00 00 00 00
  can0  2C6   [8]  00 00 00 00 00 00 00 D0
  can0  0B4   [8]  00 00 00 00 00 00 00 BC
  can0  0BA   [4]  06 00 00 C4
  can0  232   [4]  03 03 08 46
  can0  260   [8]  08 FF F3 00 00 00 00 64
  can0  620   [8]  10 00 00 00 30 40 00 50
  can0  0B0   [6]  00 00 00 00 11 0A
  can0  0B2   [6]  00 00 00 00 11 0A
  can0  2C4   [8]  05 FA 00 1A 40 80 40 E7
  can0  2C1   [8]  08 03 0C 02 FE D8 00 BA
  can0  262   [5]  20 00 00 00 89
  can0  0B4   [8]  00 00 00 00 00 00 00 BC
  can0  223   [8]  00 00 00 00 00 00 00 2D
  can0  2D5   [2]  00 00
  can0  0B0   [6]  00 00 00 00 11 0B
  can0  0B2   [6]  00 00 00 00 11 0B
  can0  224   [8]  00 00 00 00 00 00 00 00
  can0  2C5   [4]  00 05 C0 90
  can0  260   [8]  08 FF F3 00 00 00 00 64
  can0  2D0   [8]  0B B3 09 00 B0 9C 00 ED
  can0  0B4   [8]  00 00 00 00 00 00 00 BC
  can0  0BA   [4]  06 00 00 C4
  can0  232   [4]  03 03 08 46
  can0  2C6   [8]  00 00 00 00 00 00 00 D0
  can0  0B0   [6]  00 00 00 00 11 0C
  can0  0B2   [6]  00 00 00 00 11 0C
  can0  262   [5]  20 00 00 00 89
  can0  2C4   [8]  05 F9 00 1A 40 80 40 E6
  can0  0B4   [8]  00 00 00 00 00 00 00 BC
  can0  223   [8]  00 00 00 00 00 00 00 2D
  can0  2D5   [2]  00 00
  can0  260   [8]  08 FF F3 00 00 00 00 64
  can0  2C1   [8]  08 03 18 02 FD D8 00 C5
  can0  0B0   [6]  00 00 00 00 11 0D
  can0  0B2   [6]  00 00 00 00 11 0D
  can0  224   [8]  00 00 00 00 00 00 00 00
  can0  0B4   [8]  00 00 00 00 00 00 00 BC
  can0  0BA   [4]  06 00 00 C4
  can0  232   [4]  03 03 08 46
  can0  262   [5]  20 00 00 00 89
  can0  2D0   [8]  0B AE 09 00 B0 9C 00 E8
  can0  0B0   [6]  00 00 00 00 11 0E
  can0  0B2   [6]  00 00 00 00 11 0E
  can0  2C4   [8]  05 FE 00 1A 40 80 40 EB
  can0  3B1   [8]  00 00 02 2A A0 00 00 00
  can0  2C6   [8]  00 00 00 00 00 00 00 D0
  can0  0B4   [8]  00 00 00 00 00 00 00 BC
  can0  223   [8]  00 00 00 00 00 00 00 2D
  can0  260   [8]  08 FF F3 00 00 00 00 64
  can0  2D5   [2]  00 00
  can0  0B0   [6]  00 00 00 00 11 0F
  can0  0B2   [6]  00 00 00 00 11 0F
  can0  224   [8]  00 00 00 00 00 00 00 00
  can0  2C5   [4]  00 05 C0 90
  can0  262   [5]  20 00 00 00 89
  can0  0B4   [8]  00 00 00 00 00 00 00 BC
  can0  0BA   [4]  05 FF 00 C2
  can0  232   [4]  03 03 08 46
  can0  2C1   [8]  08 03 0B 03 03 D8 00 BF
  can0  0B0   [6]  00 00 00 00 11 00
  can0  0B2   [6]  00 00 00 00 11 00
  can0  2C4   [8]  06 06 00 1A 40 80 40 F4
  can0  260   [8]  08 FF F3 00 00 00 00 64
  can0  2D0   [8]  0B B1 09 00 B0 9C 00 EB
  can0  0B4   [8]  00 00 00 00 00 00 00 BC
  can0  223   [8]  00 00 00 00 00 00 00 2D
  can0  2D5   [2]  00 00
  can0  262   [5]  20 00 00 00 89
  can0  0B0   [6]  00 00 00 00 11 01
  can0  0B2   [6]  00 00 00 00 11 01
  can0  224   [8]  00 00 00 00 00 00 00 00
  can0  2C6   [8]  00 00 00 00 00 00 00 D0
  can0  440   [8]  42 02 00 00 00 00 00 00
  can0  3A0   [8]  00 00 00 00 00 00 00 00
  can0  0B4   [8]  00 00 00 00 00 00 00 BC
  can0  0BA   [4]  05 FF 00 C2
  can0  232   [4]  03 03 08 46
  can0  260   [8]  08 FF F3 00 00 00 00 64
  can0  2C4   [8]  05 FC 00 1A 40 80 40 E9
  can0  0B0   [6]  00 00 00 00 11 02
  can0  0B2   [6]  00 00 00 00 11 02
  can0  2C1   [8]  08 03 05 02 FF D8 00 B4
  can0  0B4   [8]  00 00 00 00 00 00 00 BC
  can0  223   [8]  00 00 00 00 00 00 00 2D
  can0  262   [5]  20 00 00 00 89
  can0  2D5   [2]  00 00
  can0  0B0   [6]  00 00 00 00 11 03
  can0  0B2   [6]  00 00 00 00 11 03
  can0  224   [8]  00 00 00 00 00 00 00 00
  can0  2C5   [4]  00 05 C0 90
  can0  2D0   [8]  0B B4 09 00 B0 9C 00 EE
  can0  260   [8]  08 FF F3 00 00 00 00 64
  can0  0B4   [8]  00 00 00 00 00 00 00 BC
  can0  0BA   [4]  05 FE 00 C1
  can0  232   [4]  03 03 08 46
  can0  2C6   [8]  00 00 00 00 00 00 00 D0
  can0  394   [1]  00
  can0  2C4   [8]  05 F9 00 1A 40 80 40 E6
  can0  0B0   [6]  00 00 00 00 11 04
  can0  0B2   [6]  00 00 00 00 11 04
  can0  262   [5]  20 00 00 00 89
  can0  0B4   [8]  00 00 00 00 00 00 00 BC
  can0  223   [8]  00 00 00 00 00 00 00 2D
  can0  2D5   [2]  00 00
  can0  2C1   [8]  08 03 0E 02 FF D8 00 BD
  can0  0B0   [6]  00 00 00 00 11 05
  can0  0B2   [6]  00 00 00 00 11 05
  can0  224   [8]  00 00 00 00 00 00 00 00
  can0  260   [8]  08 FF F3 00 00 00 00 64
  can0  7DF   [8]  02 01 10 00 00 00 00 00
  can0  0B4   [8]  00 00 00 00 00 00 00 BC
  can0  0BA   [4]  05 FF 00 C2
  can0  232   [4]  03 03 08 46
  can0  7E8   [8]  04 41 10 01 E9 00 00 00
  can0  2D0   [8]  0B B0 09 00 B0 9C 00 EA
  can0  2C4   [8]  05 FC 00 1A 40 80 40 E9
  can0  262   [5]  20 00 00 00 89
  can0  0B0   [6]  00 00 00 00 11 06
  can0  0B2   [6]  00 00 00 00 11 06
  can0  3B4   [8]  00 00 40 4C 80 00 00 00
  can0  2C6   [8]  00 00 00 00 00 00 00 D0
  can0  0B4   [8]  00 00 00 00 00 00 00 BC
  can0  223   [8]  00 00 00 00 00 00 00 2D
  can0  2D5   [2]  00 00
  can0  260   [8]  08 FF F3 00 00 00 00 64
  can0  0B0   [6]  00 00 00 00 11 07
  can0  0B2   [6]  00 00 00 00 11 07
  can0  224   [8]  00 00 00 00 00 00 00 00
  can0  2C5   [4]  00 05 C0 90
  can0  2C1   [8]  08 03 0D 03 06 D8 00 C4
  can0  0B4   [8]  00 00 00 00 00 00 00 BC
  can0  0BA   [4]  05 FF 00 C2
  can0  232   [4]  03 03 08 46
  can0  262   [5]  20 00 00 00 89
  can0  2C4   [8]  06 00 00 1A 40 80 40 EE
  can0  0B0   [6]  00 00 00 00 11 08
  can0  0B2   [6]  00 00 00 00 11 08
  can0  2D0   [8]  0B B0 09 00 B0 9C 00 EA
  can0  260   [8]  08 FF F3 00 00 00 00 64
  can0  2D5   [2]  00 00
  can0  0B4   [8]  00 00 00 00 00 00 00 BC
  can0  223   [8]  00 00 00 00 00 00 00 2D
  can0  2C6   [8]  00 00 00 00 00 00 00 D0
  can0  0B0   [6]  00 00 00 00 11 09
  can0  0B2   [6]  00 00 00 00 11 09
  can0  224   [8]  00 00 00 00 00 00 00 00
  can0  262   [5]  20 00 00 00 89
  can0  0B4   [8]  00 00 00 00 00 00 00 BC
  can0  0BA   [4]  05 FE 00 C1
  can0  232   [4]  03 03 08 46
  can0  3B7   [8]  00 00 00 00 00 00 00 00
  can0  442   [8]  40 02 00 00 02 00 00 00
  can0  610   [8]  20 00 00 64 00 00 00 00
  can0  3A0   [8]  00 00 00 00 00 00 00 00
  can0  2C4   [8]  05 F7 00 1A 40 80 40 E4
  can0  0B0   [6]  00 00 00 00 11 0A
  can0  0B2   [6]  00 00 00 00 11 0A
  can0  2C1   [8]  08 03 05 02 F6 D8 00 AB
  can0  260   [8]  08 FF F4 00 00 00 00 65
  can0  2D5   [2]  00 00
  can0  0B4   [8]  00 00 00 00 00 00 00 BC
  can0  223   [8]  00 00 00 00 00 00 00 2D
  can0  262   [5]  20 00 00 00 89
  can0  2D0   [8]  0B B0 09 00 B0 9C 00 EA
  can0  0B0   [6]  00 00 00 00 11 0B
  can0  0B2   [6]  00 00 00 00 11 0B
  can0  224   [8]  00 00 00 00 00 00 00 00
  can0  2C5   [4]  00 05 C0 90
  can0  0B4   [8]  00 00 00 00 00 00 00 BC
  can0  0BA   [4]  05 FF 00 C2
  can0  232   [4]  03 03 08 46
  can0  2C6   [8]  00 00 00 00 00 00 00 D0
  can0  2C4   [8]  05 F2 00 1A 40 80 40 DF
  can0  260   [8]  08 FF F4 00 00 00 00 65
  can0  0B0   [6]  00 00 00 00 11 0C
  can0  0B2   [6]  00 00 00 00 11 0C
  can0  2D5   [2]  00 00
  can0  0B4   [8]  00 00 00 00 00 00 00 BC
  can0  223   [8]  00 00 00 00 00 00 00 2D
  can0  262   [5]  20 00 00 00 89
  can0  2C1   [8]  08 03 07 02 EB D8 00 A2
  can0  0B0   [6]  00 00 00 00 11 0D
  can0  0B2   [6]  00 00 00 00 11 0D
  can0  224   [8]  00 00 00 00 00 00 00 00
  can0  260   [8]  08 FF F5 00 00 00 00 66
  can0  0B4   [8]  00 00 00 00 00 00 00 BC
  can0  0BA   [4]  05 FF 00 C2
  can0  232   [4]  03 03 08 46
  can0  2D0   [8]  0B A9 09 00 B0 9C 00 E3
  can0  2C4   [8]  05 F4 00 1A 40 80 40 E1
  can0  7DF   [8]  02 01 11 00 00 00 00 00
  can0  7E8   [8]  03 41 11 34 00 00 00 00
  can0  0B0   [6]  00 00 00 00 11 0E
  can0  0B2   [6]  00 00 00 00 11 0E
  can0  262   [5]  20 00 00 00 89
  can0  2C6   [8]  00 00 00 00 00 00 00 D0
  can0  2D5   [2]  00 00
  can0  0B4   [8]  00 00 00 00 00 00 00 BC
  can0  223   [8]  00 00 00 00 00 00 00 2D
  can0  0B0   [6]  00 00 00 00 11 0F
  can0  0B2   [6]  00 00 00 00 11 0F
  can0  224   [8]  00 00 00 00 00 00 00 00
  can0  260   [8]  08 FF F5 00 00 00 00 66
  can0  2C5   [4]  00 05 C0 90
  can0  2C1   [8]  08 03 02 02 EC D8 00 9E
  can0  0B4   [8]  00 00 00 00 00 00 00 BC
  can0  0BA   [4]  05 FF 00 C2
  can0  232   [4]  03 03 08 46
  can0  2C4   [8]  05 F2 00 1A 40 80 40 DF
  can0  262   [5]  20 00 00 00 89
  can0  0B0   [6]  00 00 00 00 11 00
  can0  0B2   [6]  00 00 00 00 11 00
  can0  2D0   [8]  0B A3 09 00 B0 9C 00 DD
  can0  2D5   [2]  00 00
  can0  0B4   [8]  00 00 00 00 00 00 00 BC
  can0  223   [8]  00 00 00 00 00 00 00 2D
  can0  260   [8]  08 FF F5 00 00 00 00 66
  can0  2C6   [8]  00 00 00 00 00 00 00 D0
  can0  0B0   [6]  00 00 00 00 11 01
  can0  0B2   [6]  00 00 00 00 11 01
  can0  224   [8]  00 00 00 00 00 00 00 00
  can0  262   [5]  20 00 00 00 89
  can0  0B4   [8]  00 00 00 00 00 00 00 BC
  can0  0BA   [4]  05 FF 00 C2
  can0  232   [4]  03 03 08 46
  can0  2C4   [8]  05 F6 00 1A 40 80 40 E3
  can0  2C1   [8]  08 03 07 02 EF D8 00 A6
  can0  3A0   [8]  00 00 00 00 00 00 00 00
  can0  440   [8]  42 02 00 00 00 00 00 00
  can0  0B0   [6]  00 00 00 00 11 02
  can0  0B2   [6]  00 00 00 00 11 02
  can0  2D5   [2]  00 00
  can0  260   [8]  08 FF F5 00 00 00 00 66
  can0  0B4   [8]  00 00 00 00 00 00 00 BC
  can0  223   [8]  00 00 00 00 00 00 00 2D
  can0  620   [8]  10 00 00 00 30 40 00 50
  can0  2D0   [8]  0B 9F 09 00 B0 9C 00 D9
  can0  2C5   [4]  00 05 C0 90
  can0  0B0   [6]  00 00 00 00 11 03
  can0  0B2   [6]  00 00 00 00 11 03
  can0  224   [8]  00 00 00 00 00 00 00 00
  can0  262   [5]  20 00 00 00 89
  can0  2C4   [8]  05 F4 00 1A 40 80 40 E1
  can0  0B4   [8]  00 00 00 00 00 00 00 BC
  can0  0BA   [4]  06 01 00 C5
  can0  232   [4]  03 03 08 46
  can0  2C6   [8]  00 00 00 00 00 00 00 D0
  can0  260   [8]  08 FF F5 00 00 00 00 66
  can0  3B3   [3]  05 F3 28
  can0  0B0   [6]  00 00 00 00 11 04
  can0  0B2   [6]  00 00 00 00 11 04
  can0  2D5   [2]  00 00
  can0  0B4   [8]  00 00 00 00 00 00 00 BC
  can0  223   [8]  00 00 00 00 00 00 00 2D
  can0  2C1   [8]  08 03 0C 02 FF D8 00 BB
  can0  262   [5]  20 00 00 00 89
  can0  0B0   [6]  00 00 00 00 11 05
  can0  0B2   [6]  00 00 00 00 11 05
  can0  224   [8]  00 00 00 00 00 00 00 00
  can0  2C4   [8]  05 F1 00 1A 40 80 40 DE
  can0  2D0   [8]  0B 9F 09 00 B0 9C 00 D9
  can0  0B4   [8]  00 00 00 00 00 00 00 BC
  can0  0BA   [4]  06 01 00 C5
  can0  232   [4]  03 03 08 46
  can0  260   [8]  08 FF F4 00 00 00 00 65
  can0  0B0   [6]  00 00 00 00 11 06
  can0  0B2   [6]  00 00 00 00 11 06
  can0  2C6   [8]  00 00 00 00 00 00 00 D0
  can0  2D5   [2]  00 00
  can0  7DF   [8]  02 01 0E 00 00 00 00 00
  can0  262   [5]  20 00 00 00 89
  can0  7E8   [8]  03 41 0E 93 00 00 00 00
  can0  0B4   [8]  00 00 00 00 00 00 00 BC
  can0  223   [8]  00 00 00 00 00 00 00 2D
  can0  2C5   [4]  00 05 C0 90
  can0  0B0   [6]  00 00 00 00 11 07
  can0  0B2   [6]  00 00 00 00 11 07
  can0  224   [8]  00 00 00 00 00 00 00 00
  can0  2C1   [8]  08 03 16 03 04 D8 00 CB
  can0  260   [8]  08 FF F3 00 00 00 00 64
  can0  2C4   [8]  05 F3 00 1A 40 80 40 E0
  can0  0B4   [8]  00 00 00 00 00 00 00 BC
  can0  0BA   [4]  06 00 00 C4
  can0  232   [4]  03 03 08 46
  can0  0B0   [6]  00 00 00 00 11 08
  can0  0B2   [6]  00 00 00 00 11 08
  can0  2D0   [8]  0B 9B 09 00 B0 9C 00 D5
  can0  2D5   [2]  00 00
  can0  262   [5]  20 00 00 00 89
  can0  0B4   [8]  00 00 00 00 00 00 00 BC
  can0  223   [8]  00 00 00 00 00 00 00 2D
  can0  4C8   [8]  09 00 01 06 00 00 00 00
  can0  2C6   [8]  00 00 00 00 00 00 00 D0
  can0  260   [8]  08 FF F3 00 00 00 00 64
  can0  0B0   [6]  00 00 00 00 11 09
  can0  0B2   [6]  00 00 00 00 11 09
  can0  224   [8]  00 00 00 00 00 00 00 00
  can0  2C4   [8]  05 F9 00 1A 40 80 40 E6
  can0  0B4   [8]  00 00 00 00 00 00 00 BC
  can0  0BA   [4]  06 00 00 C4
  can0  232   [4]  03 03 08 46
  can0  2C1   [8]  08 03 1C 03 16 D8 00 E3
  can0  262   [5]  20 00 00 00 89
  can0  0B0   [6]  00 00 00 00 11 0A
  can0  0B2   [6]  00 00 00 00 11 0A
  can0  2D5   [2]  00 00
  can0  3A0   [8]  00 00 00 00 00 00 00 00
  can0  442   [8]  40 02 00 00 02 00 00 00
  can0  0B4   [8]  00 00 00 00 00 00 00 BC
  can0  223   [8]  00 00 00 00 00 00 00 2D
  can0  260   [8]  08 FF F3 00 00 00 00 64
  can0  2D0   [8]  0B 9E 09 00 B0 9C 00 D8
  can0  2C5   [4]  00 05 C0 90
  can0  0B0   [6]  00 00 00 00 11 0B
  can0  0B2   [6]  00 00 00 00 11 0B
  can0  224   [8]  00 00 00 00 00 00 00 00
  can0  2C4   [8]  05 FB 00 1A 40 80 40 E8
  can0  2C6   [8]  00 00 00 00 00 00 00 D0
  can0  262   [5]  20 00 00 00 89
  can0  0B4   [8]  00 00 00 00 00 00 00 BC
  can0  0BA   [4]  06 01 00 C5
  can0  232   [4]  03 03 08 46
  can0  2D5   [2]  00 00
  can0  0B0   [6]  00 00 00 00 11 0C
  can0  0B2   [6]  00 00 00 00 11 0C
  can0  260   [8]  08 FF F3 00 00 00 00 64
  can0  2C1   [8]  08 03 16 03 1A D8 00 E1
  can0  0B4   [8]  00 00 00 00 00 00 00 BC
  can0  223   [8]  00 00 00 00 00 00 00 2D
  can0  394   [1]  00
  can0  0B0   [6]  00 00 00 00 11 0D
  can0  0B2   [6]  00 00 00 00 11 0D
  can0  224   [8]  00 00 00 00 00 00 00 00
  can0  262   [5]  20 00 00 00 89
  can0  2C4   [8]  05 FE 00 1A 40 80 40 EB
  can0  2D0   [8]  0B A4 09 00 B0 9C 00 DE
  can0  0B4   [8]  00 00 00 00 00 00 00 BC
  can0  0BA   [4]  06 01 00 C5
  can0  232   [4]  03 03 08 46
  can0  260   [8]  08 FF F3 00 00 00 00 64
  can0  2D5   [2]  00 00
  can0  2C6   [8]  00 00 00 00 00 00 00 D0
  can0  0B0   [6]  00 00 00 00 11 0E
  can0  0B2   [6]  00 00 00 00 11 0E
  can0  0B4   [8]  00 00 00 00 00 00 00 BC
  can0  223   [8]  00 00 00 00 00 00 00 2D
  can0  262   [5]  20 00 00 00 89
  can0  7DF   [8]  02 01 06 00 00 00 00 00
  can0  2C5   [4]  00 05 C0 90
  can0  7E8   [8]  03 41 06 75 00 00 00 00
  can0  0B0   [6]  00 00 00 00 11 0F
  can0  0B2   [6]  00 00 00 00 11 0F
  can0  224   [8]  00 00 00 00 00 00 00 00
  can0  2C1   [8]  08 03 18 03 25 D8 00 EE
  can0  2C4   [8]  06 03 00 1A 40 80 40 F1
  can0  0B4   [8]  00 00 00 00 00 00 00 BC
  can0  0BA   [4]  06 01 00 C5
  can0  232   [4]  03 03 08 46
  can0  260   [8]  08 FF F3 00 00 00 00 64
  can0  2D5   [2]  00 00
  can0  2D0   [8]  0B AC 09 00 B0 9C 00 E6
  can0  0B0   [6]  00 00 00 00 11 00
  can0  0B2   [6]  00 00 00 00 11 00
  can0  398   [2]  01 FB
  can0  262   [5]  20 00 00 00 89
  can0  0B4   [8]  00 00 00 00 00 00 00 BC
  can0  223   [8]  00 00 00 00 00 00 00 2D
  can0  2C6   [8]  00 00 00 00 00 00 00 D0
  can0  0B0   [6]  00 00 00 00 11 01
  can0  0B2   [6]  00 00 00 00 11 01
  can0  224   [8]  00 00 00 00 00 00 00 00
  can0  2C4   [8]  06 09 00 1A 40 80 40 F7
  can0  260   [8]  08 FF F3 00 00 00 00 64
  can0  0B4   [8]  00 00 00 00 00 00 00 BC
  can0  0BA   [4]  06 01 00 C5
  can0  232   [4]  03 03 08 46
  can0  2C1   [8]  08 03 06 03 19 D8 00 D0
  can0  2D5   [2]  00 00
  can0  0B0   [6]  00 00 00 00 11 02
  can0  0B2   [6]  00 00 00 00 11 02
  can0  262   [5]  20 00 00 00 89
  can0  3A0   [8]  00 00 00 00 00 00 00 00
  can0  0B4   [8]  00 00 00 00 00 00 00 BC
  can0  223   [8]  00 00 00 00 00 00 00 2D
  can0  3B7   [8]  00 00 00 00 00 00 00 00
  can0  440   [8]  42 02 00 00 00 00 00 00
  can0  2D0   [8]  0B B7 09 00 B0 9C 00 F1
  can0  260   [8]  08 FF F3 00 00 00 00 64
  can0  2C5   [4]  00 05 C0 90
  can0  0B0   [6]  00 00 00 00 11 03
  can0  0B2   [6]  00 00 00 00 11 03
  can0  224   [8]  00 00 00 00 00 00 00 00
  can0  2C4   [8]  05 FF 00 1A 40 80 40 EC
  can0  2C6   [8]  00 00 00 00 00 00 00 D0
  can0  0B4   [8]  00 00 00 00 00 00 00 BC
  can0  0BA   [4]  06 00 00 C4
  can0  232   [4]  03 03 08 46
  can0  262   [5]  20 00 00 00 89
  can0  2D5   [2]  00 00
  can0  0B0   [6]  00 00 00 00 11 04
  can0  0B2   [6]  00 00 00 00 11 04
  can0  2C1   [8]  08 03 10 03 16 D8 00 D7
  can0  4C1   [8]  01 00 09 08 00 00 00 00
  can0  0B4   [8]  00 00 00 00 00 00 00 BC
  can0  223   [8]  00 00 00 00 00 00 00 2D
  can0  260   [8]  08 FF F3 00 00 00 00 64
  can0  4DC   [8]  1D 00 01 07 00 00 00 00
  can0  0B0   [6]  00 00 00 00 11 05
  can0  0B2   [6]  00 00 00 00 11 05
  can0  224   [8]  00 00 00 00 00 00 00 00
  can0  2C4   [8]  05 FC 00 1A 40 80 40 E9
  can0  2D0   [8]  0B B9 09 00 B0 9C 00 F3
  can0  262   [5]  20 00 00 00 89
  can0  0B4   [8]  00 00 00 00 00 00 00 BC
  can0  0BA   [4]  06 00 00 C4
  can0  232   [4]  03 03 08 46
  can0  2D5   [2]  00 00
  can0  2C6   [8]  00 00 00 00 00 00 00 D0
  can0  0B0   [6]  00 00 00 00 11 06
  can0  0B2   [6]  00 00 00 00 11 06
  can0  260   [8]  08 FF F3 00 00 00 00 64
  can0  0B4   [8]  00 00 00 00 00 00 00 BC
  can0  223   [8]  00 00 00 00 00 00 00 2D
  can0  4C3   [8]  04 00 12 07 00 00 00 00
  can0  2C1   [8]  08 03 18 03 1D D8 00 E6
  can0  2C5   [4]  00 05 C0 90
  can0  262   [5]  20 00 00 00 89
  can0  2C4   [8]  05 FE 00 1A 40 80 40 EB
  can0  0B0   [6]  00 00 00 00 11 07
  can0  0B2   [6]  00 00 00 00 11 07
  can0  224   [8]  00 00 00 00 00 00 00 00
  can0  7DF   [8]  02 01 07 00 00 00 00 00
  can0  7E8   [8]  03 41 07 88 00 00 00 00
  can0  0B4   [8]  00 00 00 00 00 00 00 BC
  can0  0BA   [4]  06 02 00 C6
  can0  232   [4]  03 03 08 46
  can0  2D5   [2]  00 00
  can0  260   [8]  08 FF F3 00 00 00 00 64
  can0  2D0   [8]  0B B6 09 00 B0 9C 00 F0
  can0  0B0   [6]  00 00 00 00 11 08
  can0  0B2   [6]  00 00 00 00 11 08
  can0  3B0   [5]  00 00 00 48 00
  can0  0B4   [8]  00 00 00 00 00 00 00 BC
  can0  223   [8]  00 00 00 00 00 00 00 2D
  can0  2C6   [8]  00 00 00 00 00 00 00 D0
  can0  262   [5]  20 00 00 00 89
  can0  2C4   [8]  06 01 00 1A 40 80 40 EF
  can0  0B0   [6]  00 00 00 00 11 09
  can0  0B2   [6]  00 00 00 00 11 09
  can0  224   [8]  00 00 00 00 00 00 00 00
  can0  260   [8]  08 FF F3 00 00 00 00 64
  can0  0B4   [8]  00 00 00 00 00 00 00 BC
  can0  0BA   [4]  06 01 00 C5
  can0  232   [4]  03 03 08 46
  can0  2C1   [8]  08 03 1A 03 21 D8 00 EC
  can0  2D5   [2]  00 00
  can0  0B0   [6]  00 00 00 00 11 0A
  can0  0B2   [6]  00 00 00 00 11 0A
  can0  262   [5]  20 00 00 00 89
  can0  2D0   [8]  0B B9 09 00 B0 9C 00 F3
  can0  0B4   [8]  00 00 00 00 00 00 00 BC
  can0  223   [8]  00 00 00 00 00 00 00 2D
  can0  442   [8]  40 02 00 00 02 00 00 00
  can0  3A0   [8]  00 00 00 00 00 00 00 00
  can0  2C4   [8]  06 04 00 1A 40 80 40 F2
  can0  2C5   [4]  00 05 C0 90
  can0  0B0   [6]  00 00 00 00 11 0B
  can0  0B2   [6]  00 00 00 00 11 0B
  can0  224   [8]  00 00 00 00 00 00 00 00
  can0  260   [8]  08 FF F4 00 00 00 00 65
  can0  2C6   [8]  00 00 00 00 00 00 00 D0
  can0  38A   [5]  08 04 00 00 00
  can0  0B4   [8]  00 00 00 00 00 00 00 BC
  can0  0BA   [4]  06 00 00 C4
  can0  232   [4]  03 03 08 46
  can0  2D5   [2]  00 00
  can0  620   [8]  10 00 00 00 30 40 00 50
  can0  262   [5]  20 00 00 00 89
  can0  0B0   [6]  00 00 00 00 11 0C
  can0  0B2   [6]  00 00 00 00 11 0C
  can0  2C1   [8]  08 03 11 03 17 D8 00 D9
  can0  0B4   [8]  00 00 00 00 00 00 00 BC
  can0  223   [8]  00 00 00 00 00 00 00 2D
  can0  260   [8]  08 FF F5 00 00 00 00 66
  can0  2C4   [8]  06 05 00 1A 40 80 40 F3
  can0  0B0   [6]  00 00 00 00 11 0D
  can0  0B2   [6]  00 00 00 00 11 0D
  can0  224   [8]  00 00 00 00 00 00 00 00
  can0  2D0   [8]  0B BA 09 00 B0 9C 00 F4
  can0  380   [8]  00 20 00 00 00 00 27 00
  can0  0B4   [8]  00 00 00 00 00 00 00 BC
  can0  0BA   [4]  06 01 00 C5
  can0  232   [4]  03 03 08 46
  can0  2D5   [2]  00 00
  can0  262   [5]  20 00 00 00 89
  can0  2C6   [8]  00 00 00 00 00 00 00 D0
  can0  0B0   [6]  00 00 00 00 11 0E
  can0  0B2   [6]  00 00 00 00 11 0E
  can0  260   [8]  08 FF F5 00 00 00 00 66
  can0  0B4   [8]  00 00 00 00 00 00 00 BC
  can0  223   [8]  00 00 00 00 00 00 00 2D
  can0  2C1   [8]  08 03 0D 03 15 D8 00 D3
  can0  2C4   [8]  06 06 00 1A 40 80 40 F4
  can0  2C5   [4]  00 05 C0 90
  can0  0B0   [6]  00 00 00 00 11 0F
  can0  0B2   [6]  00 00 00 00 11 0F
  can0  224   [8]  00 00 00 00 00 00 00 00
  can0  262   [5]  20 00 00 00 89
  can0  2D5   [2]  00 00
  can0  0B4   [8]  00 00 00 00 00 00 00 BC
  can0  0BA   [4]  06 01 00 C5
  can0  232   [4]  03 03 08 46
  can0  2D0   [8]  0B BF 09 00 B0 9C 00 F9
  can0  3A1   [8]  00 00 00 00 00 00 00 00
  can0  7DF   [8]  02 01 15 00 00 00 00 00
  can0  7E8   [8]  04 41 15 00 FF 00 00 00
  can0  0B0   [6]  00 00 00 00 11 00
  can0  0B2   [6]  00 00 00 00 11 00
  can0  260   [8]  08 FF F4 00 00 00 00 65
  can0  2C6   [8]  00 00 00 00 00 00 00 D0
  can0  0B4   [8]  00 00 00 00 00 00 00 BC
  can0  223   [8]  00 00 00 00 00 00 00 2D
  can0  2C4   [8]  06 01 00 1A 40 80 40 EF
  can0  262   [5]  20 00 00 00 89
  can0  0B0   [6]  00 00 00 00 11 01
  can0  0B2   [6]  00 00 00 00 11 01
  can0  224   [8]  00 00 00 00 00 00 00 00
  can0  2C1   [8]  08 03 0D 03 0E D8 00 CC
  can0  2D5   [2]  00 00
  can0  0B4   [8]  00 00 00 00 00 00 00 BC
  can0  0BA   [4]  05 FF 00 C2
  can0  232   [4]  03 03 08 46
  can0  260   [8]  08 FF F3 00 00 00 00 64
  can0  0B0   [6]  00 00 00 00 11 02
  can0  0B2   [6]  00 00 00 00 11 02
  can0  2D0   [8]  0B BF 09 00 B0 9C 00 F9
  can0  0B4   [8]  00 00 00 00 00 00 00 BC
  can0  223   [8]  00 00 00 00 00 00 00 2D
  can0  262   [5]  20 00 00 00 89
  can0  2C4   [8]  06 02 00 1A 40 80 40 F0
  can0  440   [8]  42 02 00 00 00 00 00 00
  can0  2C5   [4]  00 05 C0 90
  can0  0B0   [6]  00 00 00 00 11 03
  can0  0B2   [6]  00 00 00 00 11 03
  can0  224   [8]  00 00 00 00 00 00 00 00
  can0  2C6   [8]  00 00 00 00 00 00 00 D0
  can0  3A0   [8]  00 00 00 00 00 00 00 00
  can0  610   [8]  20 00 00 64 00 00 00 00
  can0  2D5   [2]  00 00
  can0  260   [8]  08 FF F3 00 00 00 00 64
  can0  0B4   [8]  00 00 00 00 00 00 00 BC
  can0  0BA   [4]  06 00 00 C4
  can0  232   [4]  03 03 08 46
  can0  0B0   [6]  00 00 00 00 11 04
  can0  0B2   [6]  00 00 00 00 11 04
  can0  2C1   [8]  08 03 10 03 0C D8 00 CD
  can0  611   [8]  21 00 00 10 00 03 C1 4F
  can0  262   [5]  20 00 00 00 89
  can0  0B4   [8]  00 00 00 00 00 00 00 BC
  can0  223   [8]  00 00 00 00 00 00 00 2D
  can0  2C4   [8]  06 05 00 1A 40 80 40 F3
  can0  2D0   [8]  0B BD 09 00 B0 9C 00 F7
  can0  0B0   [6]  00 00 00 00 11 05
  can0  0B2   [6]  00 00 00 00 11 05
  can0  224   [8]  00 00 00 00 00 00 00 00
  can0  260   [8]  08 FF F3 00 00 00 00 64
  can0  2D5   [2]  00 00
  can0  394   [1]  00
  can0  0B4   [8]  00 00 00 00 00 00 00 BC
  can0  0BA   [4]  05 FF 00 C2
  can0  232   [4]  03 03 08 46
  can0  2C6   [8]  00 00 00 00 00 00 00 D0
  can0  262   [5]  20 00 00 00 89
  can0  0B0   [6]  00 00 00 00 11 06
  can0  0B2   [6]  00 00 00 00 11 06
  can0  0B4   [8]  00 00 00 00 00 00 00 BC
  can0  223   [8]  00 00 00 00 00 00 00 2D
  can0  2C4   [8]  06 06 00 1A 40 80 40 F4
  can0  2C1   [8]  08 03 0D 03 0C D8 00 CA
  can0  260   [8]  08 FF F3 00 00 00 00 64
  can0  2C5   [4]  00 05 C0 90
  can0  0B0   [6]  00 00 00 00 11 07
  can0  0B2   [6]  00 00 00 00 11 07
  can0  224   [8]  00 00 00 00 00 00 00 00
  can0  2D5   [2]  00 00
  can0  0B4   [8]  00 00 00 00 00 00 00 BC
  can0  0BA   [4]  05 FF 00 C2
  can0  232   [4]  03 03 08 46
  can0  262   [5]  20 00 00 00 89
  can0  2D0   [8]  0B BF 09 00 B0 9C 00 F9
  can0  0B0   [6]  00 00 00 00 11 08
  can0  0B2   [6]  00 00 00 00 11 08
  can0  7DF   [8]  02 01 1F 00 00 00 00 00
  can0  2C6   [8]  00 00 00 00 00 00 00 D0
  can0  260   [8]  08 FF F3 00 00 00 00 64
  can0  7E8   [8]  04 41 1F 00 20 00 00 00
  can0  0B4   [8]  00 00 00 00 00 00 00 BC
  can0  223   [8]  00 00 00 00 00 00 00 2D
  can0  2C4   [8]  06 08 00 1A 40 80 40 F6
  can0  0B0   [6]  00 00 00 00 11 09
  can0  0B2   [6]  00 00 00 00 11 09
  can0  224   [8]  00 00 00 00 00 00 00 00
  can0  262   [5]  20 00 00 00 89
  can0  2D5   [2]  00 00
  can0  2C1   [8]  08 03 02 03 04 D8 00 B7
  can0  621   [8]  11 00 00 00 00 00 00 00
  can0  0B4   [8]  00 00 00 00 00 00 00 BC
  can0  0BA   [4]  05 FF 00 C2
  can0  232   [4]  03 03 08 46
  can0  260   [8]  08 FF F3 00 00 00 00 64
  can0  0B0   [6]  00 00 00 00 11 0A
  can0  0B2   [6]  00 00 00 00 11 0A
  can0  2D0   [8]  0B C2 09 00 B0 9C 00 FC
  can0  442   [8]  40 02 00 00 02 00 00 00
  can0  2C4   [8]  06 0E 00 1A 40 80 40 FC
  can0  0B4   [8]  00 00 00 00 00 00 00 BC
  can0  223   [8]  00 00 00 00 00 00 00 2D
  can0  622   [8]  12 00 00 00 00 00 00 00
  can0  2C5   [4]  00 05 C0 90
  can0  262   [5]  20 00 00 00 89
  can0  2C6   [8]  00 00 00 00 00 00 00 D0
  can0  0B0   [6]  00 00 00 00 11 0B
  can0  0B2   [6]  00 00 00 00 11 0B
  can0  224   [8]  00 00 00 00 00 00 00 00
  can0  2D5   [2]  00 00
  can0  3A0   [8]  00 00 00 00 00 00 00 00
  can0  624   [8]  1A 00 00 49 49 00 00 00
  can0  0B4   [8]  00 00 00 00 00 00 00 BC
  can0  0BA   [4]  06 00 00 C4
  can0  232   [4]  03 03 08 46
  can0  3B7   [8]  00 00 00 00 00 00 00 00
  can0  260   [8]  08 FF F3 00 00 00 00 64
  can0  2C1   [8]  08 02 FF 03 07 D7 00 B5
  can0  0B0   [6]  00 00 00 00 11 0C
  can0  0B2   [6]  00 00 00 00 11 0C
  can0  630   [8]  17 00 00 00 00 00 00 00
  can0  2C4   [8]  06 05 00 1A 40 80 40 F3
  can0  262   [5]  20 00 00 00 89
  can0  0B4   [8]  00 00 00 00 00 00 00 BC
  can0  223   [8]  00 00 00 00 00 00 00 2D
  can0  4DD   [8]  1E 00 00 05 00 00 00 00
  can0  2D0   [8]  0B C8 09 00 B0 9C 00 02
  can0  0B0   [6]  00 00 00 00 11 0D
  can0  0B2   [6]  00 00 00 00 11 0D
  can0  224   [8]  00 00 00 00 00 00 00 00
  can0  638   [8]  13 00 10 00 00 00 00 00
  can0  2D5   [2]  00 00
  can0  260   [8]  08 FF F3 00 00 00 00 64
  can0  0B4   [8]  00 00 00 00 00 00 00 BC
  can0  0BA   [4]  05 FE 00 C1
  can0  232   [4]  03 03 08 46
  can0  2C6   [8]  00 00 00 00 00 00 00 D0
  can0  0B0   [6]  00 00 00 00 11 0E
  can0  0B2   [6]  00 00 00 00 11 0E
  can0  262   [5]  20 00 00 00 89
  can0  2C4   [8]  05 F7 00 1A 40 80 40 E4
  can0  3B3   [3]  05 FA 28
  can0  0B4   [8]  00 00 00 00 00 00 00 BC
  can0  223   [8]  00 00 00 00 00 00 00 2D
  can0  2C1   [8]  08 03 00 03 00 D8 00 B1
  can0  640   [8]  A8 00 00 00 01 8A 00 00
  can0  2C5   [4]  00 05 C0 90
  can0  260   [8]  08 FF F3 00 00 00 00 64
  can0  0B0   [6]  00 00 00 00 11 0F
  can0  0B2   [6]  00 00 00 00 11 0F
  can0  224   [8]  00 00 00 00 00 00 00 00
  can0  2D5   [2]  00 00
  can0  2D0   [8]  0B C4 09 00 B0 9C 00 FE
  can0  0B4   [8]  00 00 00 00 00 00 00 BC
  can0  0BA   [4]  05 FE 00 C1
  can0  232   [4]  03 03 08 46
  can0  262   [5]  20 00 00 00 89
  can0  0B0   [6]  00 00 00 00 11 00
  can0  0B2   [6]  00 00 00 00 11 00
  can0  2C6   [8]  00 00 00 00 00 00 00 D0
  can0  2C4   [8]  05 F9 00 1A 40 80 40 E6
  can0  0B4   [8]  00 00 00 00 00 00 00 BC
  can0  223   [8]  00 00 00 00 00 00 00 2D
  can0  260   [8]  08 FF F3 00 00 00 00 64
  can0  7DF   [8]  02 01 2F 00 00 00 00 00
  can0  0B0   [6]  00 00 00 00 11 01
  can0  0B2   [6]  00 00 00 00 11 01
  can0  224   [8]  00 00 00 00 00 00 00 00
  can0  2D5   [2]  00 00
  can0  2C1   [8]  08 03 83 02 F2 DC 00 29
  can0  262   [5]  20 00 00 00 89
  can0  0B4   [8]  00 00 00 00 00 00 00 BC
  can0  0BA   [4]  06 00 00 C4
  can0  232   [4]  03 03 08 46
  can0  0B0   [6]  00 00 00 00 11 02
  can0  0B2   [6]  00 00 00 00 11 02
  can0  2D0   [8]  0B B9 09 00 B0 9C 00 F3
  can0  260   [8]  08 FF F3 00 00 00 00 64
  can0  2C4   [8]  05 F8 00 1A 40 80 40 E5
  can0  440   [8]  42 02 00 00 00 00 00 00
  can0  0B4   [8]  00 00 00 00 00 00 00 BC
  can0  223   [8]  00 00 00 00 00 00 00 2D
  can0  2C5   [4]  00 05 C0 90
  can0  2C6   [8]  00 00 00 00 00 00 00 D0
  can0  2D5   [2]  00 00
  can0  0B0   [6]  00 00 00 00 11 03
  can0  0B2   [6]  00 00 00 00 11 03
  can0  224   [8]  00 00 00 00 00 00 00 00
  can0  262   [5]  20 00 00 00 89
  can0  0B4   [8]  00 00 00 00 00 00 00 BC
  can0  0BA   [4]  05 FF 00 C2
  can0  232   [4]  03 03 08 46
  can0  3A0   [8]  00 00 00 00 00 00 00 00
  can0  2C1   [8]  08 03 0B 02 FB D8 00 B6
  can0  260   [8]  08 FF F3 00 00 00 00 64
  can0  0B0   [6]  00 00 00 00 11 04
  can0  0B2   [6]  00 00 00 00 11 04
  can0  2C4   [8]  05 FD 00 1A 40 80 40 EA
  can0  0B4   [8]  00 00 00 00 00 00 00 BC
  can0  223   [8]  00 00 00 00 00 00 00 2D
  can0  620   [8]  10 00 00 00 30 40 00 50
  can0  262   [5]  20 00 00 00 89
  can0  2D0   [8]  0B B2 09 00 B0 9C 00 EC
  can0  2D5   [2]  00 00
  can0  0B0   [6]  00 00 00 00 11 05
  can0  0B2   [6]  00 00 00 00 11 05
  can0  224   [8]  00 00 00 00 00 00 00 00
  can0  2C6   [8]  00 00 00 00 00 00 00 D0
  can0  0B4   [8]  00 00 00 00 00 00 00 BC
  can0  0BA   [4]  05 FE 00 C1
  can0  232   [4]  03 03 08 46
  can0  260   [8]  08 FF F3 00 00 00 00 64
  can0  0B0   [6]  00 00 00 00 11 06
  can0  0B2   [6]  00 00 00 00 11 06
  can0  2C4   [8]  05 FA 00 1A 40 80 40 E7
  can0  262   [5]  20 00 00 00 89
  can0  2C1   [8]  08 03 0C 03 00 D8 00 BD
  can0  0B4   [8]  00 00 00 00 00 00 00 BC
  can0  223   [8]  00 00 00 00 00 00 00 2D
  can0  2C5   [4]  00 05 C0 90
  can0  2D5   [2]  00 00
  can0  0B0   [6]  00 00 00 00 11 07
  can0  0B2   [6]  00 00 00 00 11 07
  can0  224   [8]  00 00 00 00 00 00 00 00
  can0  260   [8]  08 FF F4 00 00 00 00 65
  can0  2D0   [8]  0B B0 09 00 B0 9C 00 EA
  can0  0B4   [8]  00 00 00 00 00 00 00 BC
  can0  0BA   [4]  05 FF 00 C2
  can0  232   [4]  03 03 08 46
  can0  0B0   [6]  00 00 00 00 11 08
  can0  0B2   [6]  00 00 00 00 11 08
  can0  262   [5]  20 00 00 00 89
  can0  2C6   [8]  00 00 00 00 00 00 00 D0
  can0  2C4   [8]  05 FC 00 1A 40 80 40 E9
  can0  0B4   [8]  00 00 00 00 00 00 00 BC
  can0  223   [8]  00 00 00 00 00 00 00 2D
  can0  2D5   [2]  00 00
  can0  260   [8]  08 FF F4 00 00 00 00 65
  can0  0B0   [6]  00 00 00 00 11 09
  can0  0B2   [6]  00 00 00 00 11 09
  can0  224   [8]  00 00 00 00 00 00 00 00
  can0  2C1   [8]  08 03 12 03 07 D8 00 CA
  can0  0B4   [8]  00 00 00 00 00 00 00 BC
  can0  0BA   [4]  05 FF 00 C2
  can0  232   [4]  03 03 08 46
  can0  262   [5]  20 00 00 00 89
  can0  2D0   [8]  0B AF 09 00 B0 9C 00 E9
  can0  0B0   [6]  00 00 00 00 11 0A
  can0  0B2   [6]  00 00 00 00 11 0A
  can0  2C4   [8]  06 01 00 1A 40 80 40 EF
  can0  442   [8]  40 02 00 00 02 00 00 00
  can0  0B4   [8]  00 00 00 00 00 00 00 BC
  can0  223   [8]  00 00 00 00 00 00 00 2D
  can0  260   [8]  08 FF F5 00 00 00 00 66
  can0  2C6   [8]  00 00 00 00 00 00 00 D0
  can0  2C5   [4]  00 05 C0 90
  can0  2D5   [2]  00 00
  can0  0B0   [6]  00 00 00 00 11 0B
  can0  0B2   [6]  00 00 00 00 11 0B
  can0  224   [8]  00 00 00 00 00 00 00 00
  can0  262   [5]  20 00 00 00 89
  can0  0B4   [8]  00 00 00 00 00 00 00 BC
  can0  0BA   [4]  06 00 00 C4
  can0  232   [4]  03 03 08 46
  can0  2C1   [8]  08 03 0A 03 0A D8 00 C5
  can0  3A0   [8]  00 00 00 00 00 00 00 00
  can0  0B0   [6]  00 00 00 00 11 0C
  can0  0B2   [6]  00 00 00 00 11 0C
  can0  2C4   [8]  06 03 00 1A 40 80 40 F1
  can0  260   [8]  08 FF F5 00 00 00 00 66
  can0  0B4   [8]  00 00 00 00 00 00 00 BC
  can0  223   [8]  00 00 00 00 00 00 00 2D
  can0  2D0   [8]  0B B3 09 00 B0 9C 00 ED
  can0  2D5   [2]  00 00
  can0  0B0   [6]  00 00 00 00 11 0D
  can0  0B2   [6]  00 00 00 00 11 0D
  can0  224   [8]  00 00 00 00 00 00 00 00
  can0  262   [5]  20 00 00 00 89
  can0  2C6   [8]  00 00 00 00 00 00 00 D0
  can0  0B4   [8]  00 00 00 00 00 00 00 BC
  can0  0BA   [4]  06 00 00 C4
  can0  232   [4]  03 03 08 46
  can0  260   [8]  08 FF F5 00 00 00 00 66
  can0  2C4   [8]  06 03 00 1A 40 80 40 F1
  can0  0B0   [6]  00 00 00 00 11 0E
  can0  0B2   [6]  00 00 00 00 11 0E
  can0  394   [1]  00
  can0  2C1   [8]  08 03 0F 03 0E D8 00 CE
  can0  0B4   [8]  00 00 00 00 00 00 00 BC
  can0  223   [8]  00 00 00 00 00 00 00 2D
  can0  2D5   [2]  00 00
  can0  262   [5]  20 00 00 00 89
  can0  2C5   [4]  00 05 C0 90
  can0  0B0   [6]  00 00 00 00 11 0F
  can0  0B2   [6]  00 00 00 00 11 0F
  can0  224   [8]  00 00 00 00 00 00 00 00
  can0  2D0   [8]  0B B8 09 00 B0 9C 00 F2
  can0  0B4   [8]  00 00 00 00 00 00 00 BC
  can0  0BA   [4]  06 01 00 C5
  can0  232   [4]  03 03 08 46
  can0  260   [8]  08 FF F4 00 00 00 00 65
  can0  2C4   [8]  05 FC 00 1A 40 80 40 E9
  can0  2C6   [8]  00 00 00 00 00 00 00 D0
  can0  0B0   [6]  00 00 00 00 11 00
  can0  0B2   [6]  00 00 00 00 11 00
  can0  262   [5]  20 00 00 00 89
  can0  0B4   [8]  00 00 00 00 00 00 00 BC
  can0  223   [8]  00 00 00 00 00 00 00 2D
  can0  2D5   [2]  00 00
  can0  3B1   [8]  00 00 02 2A A0 00 00 00
  can0  2C1   [8]  08 03 0B 03 03 D8 00 BF
  can0  0B0   [6]  00 00 00 00 11 01
  can0  0B2   [6]  00 00 00 00 11 01
  can0  224   [8]  00 00 00 00 00 00 00 00
  can0  260   [8]  08 FF F3 00 00 00 00 64
  can0  0B4   [8]  00 00 00 00 00 00 00 BC
  can0  0BA   [4]  06 00 00 C4
  can0  232   [4]  03 03 08 46
  can0  2C4   [8]  05 FB 00 1A 40 80 40 E8
  can0  2D0   [8]  0B B6 09 00 B0 9C 00 F0
  can0  262   [5]  20 00 00 00 89
  can0  0B0   [6]  00 00 00 00 11 02
  can0  0B2   [6]  00 00 00 00 11 02
  can0  440   [8]  42 02 00 00 00 00 00 00
  can0  0B4   [8]  00 00 00 00 00 00 00 BC
  can0  223   [8]  00 00 00 00 00 00 00 2D
  can0  2C6   [8]  00 00 00 00 00 00 00 D0
  can0  2D5   [2]  00 00
  can0  2C5   [4]  00 05 C0 90
  can0  260   [8]  08 FF F3 00 00 00 00 64
  can0  0B0   [6]  00 00 00 00 11 03
  can0  0B2   [6]  00 00 00 00 11 03
  can0  224   [8]  00 00 00 00 00 00 00 00
  can0  0B4   [8]  00 00 00 00 00 00 00 BC
  can0  0BA   [4]  06 01 00 C5
  can0  232   [4]  03 03 08 46
  can0  2C1   [8]  08 03 07 03 0B D8 00 C3
  can0  262   [5]  20 00 00 00 89
  can0  2C4   [8]  05 FE 00 1A 40 80 40 EB
  can0  0B0   [6]  00 00 00 00 11 04
  can0  0B2   [6]  00 00 00 00 11 04
  can0  3A0   [8]  00 00 00 00 00 00 00 00
  can0  260   [8]  08 FF F3 00 00 00 00 64
  can0  0B4   [8]  00 00 00 00 00 00 00 BC
  can0  223   [8]  00 00 00 00 00 00 00 2D
  can0  2D0   [8]  0B B6 09 00 B0 9C 00 F0
  can0  2D5   [2]  00 00
  can0  3B7   [8]  00 00 00 00 00 00 00 00
  can0  0B0   [6]  00 00 00 00 11 05
  can0  0B2   [6]  00 00 00 00 11 05
  can0  224   [8]  00 00 00 00 00 00 00 00
  can0  2C6   [8]  00 00 00 00 00 00 00 D0
  can0  262   [5]  20 00 00 00 89
  can0  0B4   [8]  00 00 00 00 00 00 00 BC
  can0  0BA   [4]  06 00 00 C4
  can0  232   [4]  03 03 08 46
  can0  2C4   [8]  05 F3 00 1A 40 80 40 E0
  can0  0B0   [6]  00 00 00 00 11 06
  can0  0B2   [6]  00 00 00 00 11 06
  can0  260   [8]  08 FF F3 00 00 00 00 64
  can0  2C1   [8]  08 03 1A 03 0C D8 00 D7
  can0  2D5   [2]  00 00
  can0  0B4   [8]  00 00 00 00 00 00 00 BC
  can0  223   [8]  00 00 00 00 00 00 00 2D
  can0  2C5   [4]  00 05 C0 90
  can0  262   [5]  20 00 00 00 89
  can0  0B0   [6]  00 00 00 00 11 07
  can0  0B2   [6]  00 00 00 00 11 07
  can0  224   [8]  00 00 00 00 00 00 00 00
  can0  2D0   [8]  0B B3 09 00 B0 9C 00 ED
  can0  0B4   [8]  00 00 00 00 00 00 00 BC
  can0  0BA   [4]  06 01 00 C5
  can0  232   [4]  03 03 08 46
  can0  2C4   [8]  05 F5 00 1A 40 80 40 E2
  can0  260   [8]  08 FF F3 00 00 00 00 64
  can0  2C6   [8]  00 00 00 00 00 00 00 D0
  can0  0B0   [6]  00 00 00 00 11 08
  can0  0B2   [6]  00 00 00 00 11 08
  can0  2D5   [2]  00 00
  can0  0B4   [8]  00 00 00 00 00 00 00 BC
  can0  223   [8]  00 00 00 00 00 00 00 2D
  can0  262   [5]  20 00 00 00 89
  can0  2C1   [8]  08 03 28 03 15 D9 00 EF
  can0  0B0   [6]  00 00 00 00 11 09
  can0  0B2   [6]  00 00 00 00 11 09
  can0  224   [8]  00 00 00 00 00 00 00 00
  can0  260   [8]  08 FF F3 00 00 00 00 64
  can0  0B4   [8]  00 00 00 00 00 00 00 BC
  can0  0BA   [4]  06 01 00 C5
  can0  232   [4]  03 03 08 46
  can0  2C4   [8]  05 F9 00 1A 40 80 40 E6
  can0  2D0   [8]  0B AB 09 00 B0 9C 00 E5
  can0  442   [8]  40 02 00 00 02 00 00 00
  can0  0B0   [6]  00 00 00 00 11 0A
  can0  0B2   [6]  00 00 00 00 11 0A
  can0  262   [5]  20 00 00 00 89
  can0  2D5   [2]  00 00
  can0  2C6   [8]  00 00 00 00 00 00 00 D0
  can0  0B4   [8]  00 00 00 00 00 00 00 BC
  can0  223   [8]  00 00 00 00 00 00 00 2D
  can0  2C5   [4]  00 05 C0 90
  can0  3B4   [8]  00 00 40 4C 80 00 00 00
  can0  0B0   [6]  00 00 00 00 11 0B
  can0  0B2   [6]  00 00 00 00 11 0B
  can0  224   [8]  00 00 00 00 00 00 00 00
  can0  260   [8]  08 FF F3 00 00 00 00 64
  can0  2C1   [8]  08 03 17 03 1C D8 00 E4
  can0  0B4   [8]  00 00 00 00 00 00 00 BC
  can0  0BA   [4]  06 01 00 C5
  can0  232   [4]  03 03 08 46
  can0  2C4   [8]  05 FE 00 1A 40 80 40 EB
  can0  262   [5]  20 00 00 00 89
  can0  0B0   [6]  00 00 00 00 11 0C
  can0  0B2   [6]  00 00 00 00 11 0C
  can0  2D5   [2]  00 00
  can0  2D0   [8]  0B AA 09 00 B0 9C 00 E4
  can0  3A0   [8]  00 00 00 00 00 00 00 00
  can0  610   [8]  20 00 00 64 00 00 00 00
  can0  0B4   [8]  00 00 00 00 00 00 00 BC
  can0  223   [8]  00 00 00 00 00 00 00 2D
  can0  260   [8]  08 FF F3 00 00 00 00 64
  can0  0B0   [6]  00 00 00 00 11 0D
  can0  0B2   [6]  00 00 00 00 11 0D
  can0  224   [8]  00 00 00 00 00 00 00 00
  can0  2C6   [8]  00 00 00 00 00 00 00 D0
  can0  620   [8]  10 00 00 00 30 40 00 50
  can0  0B4   [8]  00 00 00 00 00 00 00 BC
  can0  0BA   [4]  06 00 00 C4
  can0  232   [4]  03 03 08 46
  can0  262   [5]  20 00 00 00 89
  can0  2C4   [8]  05 F7 00 1A 40 80 40 E4
  can0  7DF   [8]  02 01 0C 00 00 00 00 00
  can0  7E8   [8]  04 41 0C 12 9D 00 00 00
  can0  0B0   [6]  00 00 00 00 11 0E
  can0  0B2   [6]  00 00 00 00 11 0E
  can0  2C1   [8]  08 03 1B 03 16 D8 00 E2
  can0  2D5   [2]  00 00
  can0  260   [8]  08 FF F3 00 00 00 00 64
  can0  0B4   [8]  00 00 00 00 00 00 00 BC
  can0  223   [8]  00 00 00 00 00 00 00 2D
  can0  2C5   [4]  00 05 C0 90
  can0  0B0   [6]  00 00 00 00 11 0F
  can0  0B2   [6]  00 00 00 00 11 0F
  can0  224   [8]  00 00 00 00 00 00 00 00
  can0  2D0   [8]  0B AC 09 00 B0 9C 00 E6
  can0  262   [5]  20 00 00 00 89
  can0  0B4   [8]  00 00 00 00 00 00 00 BC
  can0  0BA   [4]  06 00 00 C4
  can0  232   [4]  03 03 08 46
  can0  2C4   [8]  05 F4 00 1A 40 80 40 E1
  can0  2C6   [8]  00 00 00 00 00 00 00 D0
  can0  0B0   [6]  00 00 00 00 11 00
  can0  0B2   [6]  00 00 00 00 11 00
  can0  260   [8]  08 FF F3 00 00 00 00 64
  can0  2D5   [2]  00 00
  can0  0B4   [8]  00 00 00 00 00 00 00 BC
  can0  223   [8]  00 00 00 00 00 00 00 2D
  can0  2C1   [8]  08 03 1B 03 1B D8 00 E7
  can0  262   [5]  20 00 00 00 89
  can0  0B0   [6]  00 00 00 00 11 01
  can0  0B2   [6]  00 00 00 00 11 01
  can0  224   [8]  00 00 00 00 00 00 00 00
  can0  2C4   [8]  05 FB 00 1A 40 80 40 E8
  can0  0B4   [8]  00 00 00 00 00 00 00 BC
  can0  0BA   [4]  06 01 00 C5
  can0  232   [4]  03 03 08 46
  can0  2D0   [8]  0B A9 09 00 B0 9C 00 E3
  can0  260   [8]  08 FF F3 00 00 00 00 64
  can0  0B0   [6]  00 00 00 00 11 02
  can0  0B2   [6]  00 00 00 00 11 02
  can0  440   [8]  42 02 00 00 00 00 00 00
  can0  2D5   [2]  00 00
  can0  2C6   [8]  00 00 00 00 00 00 00 D0
  can0  262   [5]  20 00 00 00 89
  can0  0B4   [8]  00 00 00 00 00 00 00 BC
  can0  223   [8]  00 00 00 00 00 00 00 2D
  can0  2C5   [4]  00 05 C0 90
  can0  0B0   [6]  00 00 00 00 11 03
  can0  0B2   [6]  00 00 00 00 11 03
  can0  224   [8]  00 00 00 00 00 00 00 00
  can0  260   [8]  08 FF F3 00 00 00 00 64
  can0  2C1   [8]  08 03 1B 03 23 D8 00 EF
  can0  2C4   [8]  06 02 00 1A 40 80 40 F0
  can0  0B4   [8]  00 00 00 00 00 00 00 BC
  can0  0BA   [4]  06 00 00 C4
  can0  232   [4]  03 03 08 46
  can0  0B0   [6]  00 00 00 00 11 04
  can0  0B2   [6]  00 00 00 00 11 04
  can0  2D5   [2]  00 00
  can0  262   [5]  20 00 00 00 89
  can0  2D0   [8]  0B AE 09 00 B0 9C 00 E8
  can0  0B4   [8]  00 00 00 00 00 00 00 BC
  can0  223   [8]  00 00 00 00 00 00 00 2D
  can0  3A0   [8]  00 00 00 00 00 00 00 00
  can0  2C6   [8]  00 00 00 00 00 00 00 D0
  can0  260   [8]  08 FF F5 00 00 00 00 66
  can0  0B0   [6]  00 00 00 00 11 05
  can0  0B2   [6]  00 00 00 00 11 05
  can0  224   [8]  00 00 00 00 00 00 00 00
  can0  2C4   [8]  06 01 00 1A 40 80 40 EF
  can0  0B4   [8]  00 00 00 00 00 00 00 BC
  can0  0BA   [4]  06 00 00 C4
  can0  232   [4]  03 03 08 46
  can0  262   [5]  20 00 00 00 89
  can0  2C1   [8]  08 03 15 03 21 D8 00 E7
  can0  0B0   [6]  00 00 00 00 11 06
  can0  0B2   [6]  00 00 00 00 11 06
  can0  2D5   [2]  00 00
  can0  7DF   [8]  02 01 0D 00 00 00 00 00
  can0  7E8   [8]  03 41 0D 00 00 00 00 00
  can0  0B4   [8]  00 00 00 00 00 00 00 BC
  can0  223   [8]  00 00 00 00 00 00 00 2D
  can0  2C5   [4]  00 05 C0 90
  can0  260   [8]  08 FF F5 00 00 00 00 66
  can0  2D0   [8]  0B B3 09 00 B0 9C 00 ED
  can0  0B0   [6]  00 00 00 00 11 07
  can0  0B2   [6]  00 00 00 00 11 07
  can0  224   [8]  00 00 00 00 00 00 00 00
  can0  394   [1]  00
  can0  2C4   [8]  05 F7 00 1A 40 80 40 E4
  can0  262   [5]  20 00 00 00 89
  can0  0B4   [8]  00 00 00 00 00 00 00 BC
  can0  0BA   [4]  06 01 00 C5
  can0  232   [4]  03 03 08 46
  can0  2C6   [8]  00 00 00 00 00 00 00 D0
  can0  0B0   [6]  00 00 00 00 11 08
  can0  0B2   [6]  00 00 00 00 11 08
  can0  2D5   [2]  00 00
  can0  260   [8]  08 FF F4 00 00 00 00 65
  can0  0B4   [8]  00 00 00 00 00 00 00 BC
  can0  223   [8]  00 00 00 00 00 00 00 2D
  can0  2C1   [8]  08 03 14 03 10 D8 00 D5
  can0  3B3   [3]  05 F5 28
  can0  0B0   [6]  00 00 00 00 11 09
  can0  0B2   [6]  00 00 00 00 11 09
  can0  224   [8]  00 00 00 00 00 00 00 00
  can0  262   [5]  20 00 00 00 89
  can0  2C4   [8]  05 F7 00 1A 40 80 40 E4
  can0  0B4   [8]  00 00 00 00 00 00 00 BC
  can0  0BA   [4]  06 01 00 C5
  can0  232   [4]  03 03 08 46
  can0  2D0   [8]  0B B2 09 00 B0 9C 00 EC
  can0  4C8   [8]  09 00 01 06 00 00 00 00
  can0  442   [8]  40 02 00 00 02 00 00 00
  can0  2D5   [2]  00 00
  can0  260   [8]  08 FF F4 00 00 00 00 65
  can0  0B0   [6]  00 00 00 00 11 0A
  can0  0B2   [6]  00 00 00 00 11 0A
  can0  2C6   [8]  00 00 00 00 00 00 00 D0
  can0  0B4   [8]  00 00 00 00 00 00 00 BC
  can0  223   [8]  00 00 00 00 00 00 00 2D
  can0  2C5   [4]  00 05 C0 90
  can0  262   [5]  20 00 00 00 89
  can0  0B0   [6]  00 00 00 00 11 0B
  can0  0B2   [6]  00 00 00 00 11 0B
  can0  224   [8]  00 00 00 00 00 00 00 00
  can0  2C1   [8]  08 03 22 03 13 D9 00 E7
  can0  2C4   [8]  05 FF 00 1A 40 80 40 EC
  can0  0B4   [8]  00 00 00 00 00 00 00 BC
  can0  0BA   [4]  06 00 00 C4
  can0  232   [4]  03 03 08 46
  can0  260   [8]  08 FF F3 00 00 00 00 64
  can0  2D5   [2]  00 00
  can0  0B0   [6]  00 00 00 00 11 0C
  can0  0B2   [6]  00 00 00 00 11 0C
  can0  2D0   [8]  0B AE 09 00 B0 9C 00 E8
  can0  262   [5]  20 00 00 00 89
  can0  0B4   [8]  00 00 00 00 00 00 00 BC
  can0  223   [8]  00 00 00 00 00 00 00 2D
  can0  2C6   [8]  00 00 00 00 00 00 00 D0
  can0  3A0   [8]  00 00 00 00 00 00 00 00
  can0  0B0   [6]  00 00 00 00 11 0D
  can0  0B2   [6]  00 00 00 00 11 0D
  can0  224   [8]  00 00 00 00 00 00 00 00
  can0  2C4   [8]  06 00 00 1A 40 80 40 EE
  can0  260   [8]  08 FF F4 00 00 00 00 65
  can0  0B4   [8]  00 00 00 00 00 00 00 BC
  can0  0BA   [4]  06 00 00 C4
  can0  232   [4]  03 03 08 46
  can0  3B7   [8]  00 00 00 00 00 00 00 00
  can0  2C1   [8]  08 03 11 03 1F D8 00 E1
  can0  2D5   [2]  00 00
  can0  0B0   [6]  00 00 00 00 11 0E
  can0  0B2   [6]  00 00 00 00 11 0E
  can0  262   [5]  20 00 00 00 89
  can0  0B4   [8]  00 00 00 00 00 00 00 BC
  can0  223   [8]  00 00 00 00 00 00 00 2D
  can0  2C5   [4]  00 05 C0 90
  can0  2D0   [8]  0B B5 09 00 B0 9C 00 EF
  can0  7DF   [8]  02 01 04 00 00 00 00 00
  can0  260   [8]  08 FF F3 00 00 00 00 64
  can0  7E8   [8]  03 41 04 8C 00 00 00 00
  can0  0B0   [6]  00 00 00 00 11 0F
  can0  0B2   [6]  00 00 00 00 11 0F
  can0  224   [8]  00 00 00 00 00 00 00 00
  can0  2C4   [8]  06 00 00 1A 40 80 40 EE
  can0  2C6   [8]  00 00 00 00 00 00 00 D0
  can0  0B4   [8]  00 00 00 00 00 00 00 BC
  can0  0BA   [4]  05 FF 00 C2
  can0  232   [4]  03 03 08 46
  can0  262   [5]  20 00 00 00 89
  can0  2D5   [2]  00 00
  can0  4C1   [8]  01 00 09 08 00 00 00 00
  can0  0B0   [6]  00 00 00 00 11 00
  can0  0B2   [6]  00 00 00 00 11 00
  can0  2C1   [8]  08 03 08 03 15 D8 00 CE
  can0  0B4   [8]  00 00 00 00 00 00 00 BC
  can0  223   [8]  00 00 00 00 00 00 00 2D
  can0  260   [8]  08 FF F3 00 00 00 00 64
  can0  0B0   [6]  00 00 00 00 11 01
  can0  0B2   [6]  00 00 00 00 11 01
  can0  224   [8]  00 00 00 00 00 00 00 00
  can0  2C4   [8]  05 FD 00 1A 40 80 40 EA
  can0  262   [5]  20 00 00 00 89
  can0  2D0   [8]  0B B8 09 00 B0 9C 00 F2
  can0  0B4   [8]  00 00 00 00 00 00 00 BC
  can0  0BA   [4]  06 00 00 C4
  can0  232   [4]  03 03 08 46
  can0  2D5   [2]  00 00
  can0  440   [8]  42 02 00 00 00 00 00 00
  can0  0B0   [6]  00 00 00 00 11 02
  can0  0B2   [6]  00 00 00 00 11 02
  can0  2C6   [8]  00 00 00 00 00 00 00 D0
  can0  260   [8]  08 FF F3 00 00 00 00 64
  can0  0B4   [8]  00 00 00 00 00 00 00 BC
  can0  223   [8]  00 00 00 00 00 00 00 2D
  can0  2C5   [4]  00 05 C0 90
  can0  0B0   [6]  00 00 00 00 11 03
  can0  0B2   [6]  00 00 00 00 11 03
  can0  224   [8]  00 00 00 00 00 00 00 00
  can0  262   [5]  20 00 00 00 89
  can0  2C4   [8]  05 FB 00 1A 40 80 40 E8
  can0  398   [2]  02 01
  can0  2C1   [8]  08 03 08 03 0B D8 00 C4
  can0  0B4   [8]  00 00 00 00 00 00 00 BC
  can0  0BA   [4]  05 FF 00 C2
  can0  232   [4]  03 03 08 46
  can0  2D5   [2]  00 00
  can0  260   [8]  08 FF F3 00 00 00 00 64
  can0  0B0   [6]  00 00 00 00 11 04
  can0  0B2   [6]  00 00 00 00 11 04
  can0  4C3   [8]  04 00 12 07 00 00 00 00
  can0  2D0   [8]  0B B7 09 00 B0 9C 00 F1
  can0  0B4   [8]  00 00 00 00 00 00 00 BC
  can0  223   [8]  00 00 00 00 00 00 00 2D
  can0  262   [5]  20 00 00 00 89
  can0  2C6   [8]  00 00 00 00 00 00 00 D0
  can0  2C4   [8]  06 02 00 1A 40 80 40 F0
  can0  0B0   [6]  00 00 00 00 11 05
  can0  0B2   [6]  00 00 00 00 11 05
  can0  224   [8]  00 00 00 00 00 00 00 00
  can0  3A0   [8]  00 00 00 00 00 00 00 00
  can0  0B4   [8]  00 00 00 00 00 00 00 BC
  can0  0BA   [4]  05 FE 00 C1
  can0  232   [4]  03 03 08 46
  can0  260   [8]  08 FF F3 00 00 00 00 64
  can0  2D5   [2]  00 00
  can0  2C1   [8]  08 03 04 03 14 D8 00 C9
  can0  0B0   [6]  00 00 00 00 11 06
  can0  0B2   [6]  00 00 00 00 11 06
  can0  620   [8]  10 00 00 00 30 40 00 50
  can0  262   [5]  20 00 00 00 89
  can0  0B4   [8]  00 00 00 00 00 00 00 BC
  can0  223   [8]  00 00 00 00 00 00 00 2D
  can0  2C5   [4]  00 05 C0 90
  can0  2D0   [8]  0B BA 09 00 B0 9C 00 F4
  can0  2C4   [8]  05 FE 00 1A 40 80 40 EB
  can0  0B0   [6]  00 00 00 00 11 07
  can0  0B2   [6]  00 00 00 00 11 07
  can0  224   [8]  00 00 00 00 00 00 00 00
  can0  260   [8]  08 FF F3 00 00 00 00 64
  can0  7DF   [8]  02 01 05 00 00 00 00 00
  can0  2C6   [8]  00 00 00 00 00 00 00 D0
  can0  7E8   [8]  03 41 05 47 00 00 00 00
  can0  0B4   [8]  00 00 00 00 00 00 00 BC
  can0  0BA   [4]  05 FF 00 C2
  can0  232   [4]  03 03 08 46
  can0  2D5   [2]  00 00
  can0  4DC   [8]  1D 00 01 07 00 00 00 00
  can0  0B0   [6]  00 00 00 00 11 08
  can0  0B2   [6]  00 00 00 00 11 08
  can0  262   [5]  20 00 00 00 89
  can0  2C1   [8]  08 03 09 03 10 D8 00 CA
  can0  0B4   [8]  00 00 00 00 00 00 00 BC
  can0  223   [8]  00 00 00 00 00 00 00 2D
  can0  260   [8]  08 FF F3 00 00 00 00 64
  can0  2C4   [8]  05 FC 00 1A 40 80 40 E9
  can0  0B0   [6]  00 00 00 00 11 09
  can0  0B2   [6]  00 00 00 00 11 09
  can0  224   [8]  00 00 00 00 00 00 00 00
  can0  2D0   [8]  0B B8 09 00 B0 9C 00 F2
  can0  442   [8]  40 02 00 00 02 00 00 00
  can0  0B4   [8]  00 00 00 00 00 00 00 BC
  can0  0BA   [4]  05 FF 00 C2
  can0  232   [4]  03 03 08 46
  can0  2D5   [2]  00 00
  can0  262   [5]  20 00 00 00 89
  can0  2C6   [8]  00 00 00 00 00 00 00 D0
  can0  0B0   [6]  00 00 00 00 11 0A
  can0  0B2   [6]  00 00 00 00 11 0A
  can0  0B4   [8]  00 00 00 00 00 00 00 BC
  can0  223   [8]  00 00 00 00 00 00 00 2D
  can0  260   [8]  08 FF F3 00 00 00 00 64
  can0  2C5   [4]  00 05 C0 90
  can0  2C4   [8]  05 FC 00 1A 40 80 40 E9
  can0  2C1   [8]  08 03 03 03 0A D8 00 BE
  can0  0B0   [6]  00 00 00 00 11 0B
  can0  0B2   [6]  00 00 00 00 11 0B
  can0  224   [8]  00 00 00 00 00 00 00 00
  can0  3B0   [5]  00 00 00 48 00
  can0  262   [5]  20 00 00 00 89
  can0  0B4   [8]  00 00 00 00 00 00 00 BC
  can0  0BA   [4]  05 FF 00 C2
  can0  232   [4]  03 03 08 46
  can0  2D5   [2]  00 00
  can0  2D0   [8]  0B B7 09 00 B0 9C 00 F1
  can0  0B0   [6]  00 00 00 00 11 0C
  can0  0B2   [6]  00 00 00 00 11 0C
  can0  260   [8]  08 FF F3 00 00 00 00 64
  can0  0B4   [8]  00 00 00 00 00 00 00 BC
  can0  223   [8]  00 00 00 00 00 00 00 2D
  can0  2C6   [8]  00 00 00 00 00 00 00 D0
  can0  2C4   [8]  05 FC 00 1A 40 80 40 E9
  can0  262   [5]  20 00 00 00 89
  can0  0B0   [6]  00 00 00 00 11 0D
  can0  0B2   [6]  00 00 00 00 11 0D
  can0  224   [8]  00 00 00 00 00 00 00 00
  can0  2D5   [2]  00 00
  can0  0B4   [8]  00 00 00 00 00 00 00 BC
  can0  0BA   [4]  05 FF 00 C2
  can0  232   [4]  03 03 08 46
  can0  3A0   [8]  00 00 00 00 00 00 00 00
  can0  2C1   [8]  08 03 03 03 0B D8 00 BF
  can0  260   [8]  08 FF F3 00 00 00 00 64
  can0  0B0   [6]  00 00 00 00 11 0E
  can0  0B2   [6]  00 00 00 00 11 0E
  can0  0B4   [8]  00 00 00 00 00 00 00 BC
  can0  223   [8]  00 00 00 00 00 00 00 2D
  can0  2C5   [4]  00 05 C0 90
  can0  2D0   [8]  0B B7 09 00 B0 9C 00 F1
  can0  262   [5]  20 00 00 00 89
  can0  2C4   [8]  06 00 00 1A 40 80 40 EE
  can0  0B0   [6]  00 00 00 00 11 0F
  can0  0B2   [6]  00 00 00 00 11 0F
  can0  224   [8]  00 00 00 00 00 00 00 00
  can0  2C6   [8]  00 00 00 00 00 00 00 D0
  can0  2D5   [2]  00 00
  can0  260   [8]  08 FF F3 00 00 00 00 64
  can0  0B4   [8]  00 00 00 00 00 00 00 BC
  can0  0BA   [4]  05 FE 00 C1
  can0  232   [4]  03 03 08 46
  can0  7DF   [8]  02 01 0F 00 00 00 00 00
  can0  394   [1]  00
  can0  7E8   [8]  03 41 0F 42 00 00 00 00
  can0  0B0   [6]  00 00 00 00 11 00
  can0  0B2   [6]  00 00 00 00 11 00
  can0  380   [8]  00 20 00 00 00 00 27 00
  can0  2C1   [8]  08 02 F8 02 FF D7 00 A5
  can0  262   [5]  20 00 00 00 89
  can0  0B4   [8]  00 00 00 00 00 00 00 BC
  can0  223   [8]  00 00 00 00 00 00 00 2D
  can0  2C4   [8]  05 FD 00 1A 40 80 40 EA
  can0  0B0   [6]  00 00 00 00 11 01
  can0  0B2   [6]  00 00 00 00 11 01
  can0  224   [8]  00 00 00 00 00 00 00 00
  can0  260   [8]  08 FF F4 00 00 00 00 65
  can0  2D0   [8]  0B B6 09 00 B0 9C 00 F0
  can0  2D5   [2]  00 00
  can0  0B4   [8]  00 00 00 00 00 00 00 BC
  can0  0BA   [4]  05 FF 00 C2
  can0  232   [4]  03 03 08 46
  can0  440   [8]  42 02 00 00 00 00 00 00
  can0  2C6   [8]  00 00 00 00 00 00 00 D0
  can0  262   [5]  20 00 00 00 89
  can0  0B0   [6]  00 00 00 00 11 02
  can0  0B2   [6]  00 00 00 00 11 02
  can0  0B4   [8]  00 00 00 00 00 00 00 BC
  can0  223   [8]  00 00 00 00 00 00 00 2D
  can0  2C5   [4]  00 05 C0 90
  can0  3A1   [8]  00 00 00 00 00 00 00 00
  can0  2C4   [8]  05 F7 00 1A 40 80 40 E4
  can0  260   [8]  08 FF F3 00 00 00 00 64
  can0  2C1   [8]  08 02 FC 02 FF D7 00 A9
  can0  0B0   [6]  00 00 00 00 11 03
  can0  0B2   [6]  00 00 00 00 11 03
  can0  224   [8]  00 00 00 00 00 00 00 00
  can0  2D5   [2]  00 00
  can0  0B4   [8]  00 00 00 00 00 00 00 BC
  can0  0BA   [4]  06 00 00 C4
  can0  232   [4]  03 03 08 46
  can0  262   [5]  20 00 00 00 89
  can0  2D0   [8]  0B B4 09 00 B0 9C 00 EE
  can0  0B0   [6]  00 00 00 00 11 04
  can0  0B2   [6]  00 00 00 00 11 04
  can0  260   [8]  08 FF F4 00 00 00 00 65
  can0  0B4   [8]  00 00 00 00 00 00 00 BC
  can0  223   [8]  00 00 00 00 00 00 00 2D
  can0  2C6   [8]  00 00 00 00 00 00 00 D0
  can0  2C4   [8]  06 01 00 1A 40 80 40 EF
  can0  0B0   [6]  00 00 00 00 11 05
  can0  0B2   [6]  00 00 00 00 11 05
  can0  224   [8]  00 00 00 00 00 00 00 00
  can0  262   [5]  20 00 00 00 89
  can0  2D5   [2]  00 00
  can0  0B4   [8]  00 00 00 00 00 00 00 BC
  can0  0BA   [4]  05 FF 00 C2
  can0  232   [4]  03 03 08 46
  can0  2C1   [8]  08 03 05 03 16 D8 00 CC
  can0  3A0   [8]  00 00 00 00 00 00 00 00
  can0  610   [8]  20 00 00 64 00 00 00 00
  can0  0B0   [6]  00 00 00 00 11 06
  can0  0B2   [6]  00 00 00 00 11 06
  can0  260   [8]  08 FF F5 00 00 00 00 66
  can0  2D0   [8]  0B B4 09 00 B0 9C 00 EE
  can0  0B4   [8]  00 00 00 00 00 00 00 BC
  can0  223   [8]  00 00 00 00 00 00 00 2D
  can0  2C4   [8]  05 FE 00 1A 40 80 40 EB
  can0  2C5   [4]  00 05 C0 90
  can0  3B7   [8]  00 00 00 00 00 00 00 00
  can0  611   [8]  21 00 00 10 00 03 C1 4F
  can0  262   [5]  20 00 00 00 89
  can0  0B0   [6]  00 00 00 00 11 07
  can0  0B2   [6]  00 00 00 00 11 07
  can0  224   [8]  00 00 00 00 00 00 00 00
  can0  2C6   [8]  00 00 00 00 00 00 00 D0
  can0  2D5   [2]  00 00
  can0  0B4   [8]  00 00 00 00 00 00 00 BC
  can0  0BA   [4]  06 01 00 C5
  can0  232   [4]  03 03 08 46
  can0  260   [8]  08 FF F4 00 00 00 00 65
  can0  0B0   [6]  00 00 00 00 11 08
  can0  0B2   [6]  00 00 00 00 11 08
  can0  2C1   [8]  08 03 18 03 26 D8 00 EF
  can0  7DF   [8]  02 01 0B 00 00 00 00 00
  can0  2C4   [8]  05 FE 00 1A 40 80 40 EB
  can0  0B4   [8]  00 00 00 00 00 00 00 BC
  can0  223   [8]  00 00 00 00 00 00 00 2D
  can0  262   [5]  20 00 00 00 89
  can0  0B0   [6]  00 00 00 00 11 09
  can0  0B2   [6]  00 00 00 00 11 09
  can0  224   [8]  00 00 00 00 00 00 00 00
  can0  2D0   [8]  0B B5 09 00 B0 9C 00 EF
  can0  442   [8]  40 02 00 00 02 00 00 00
  can0  2D5   [2]  00 00
  can0  260   [8]  08 FF F3 00 00 00 00 64
  can0  0B4   [8]  00 00 00 00 00 00 00 BC
  can0  0BA   [4]  06 00 00 C4
  can0  232   [4]  03 03 08 46
  can0  2C6   [8]  00 00 00 00 00 00 00 D0
  can0  0B0   [6]  00 00 00 00 11 0A
  can0  0B2   [6]  00 00 00 00 11 0A
  can0  262   [5]  20 00 00 00 89
  can0  2C4   [8]  05 FF 00 1A 40 80 40 EC
  can0  0B4   [8]  00 00 00 00 00 00 00 BC
  can0  223   [8]  00 00 00 00 00 00 00 2D
  can0  2C5   [4]  00 05 C0 90
  can0  38A   [5]  08 04 00 00 00
  can0  2C1   [8]  08 03 14 03 23 D8 00 E8
  can0  0B0   [6]  00 00 00 00 11 0B
  can0  0B2   [6]  00 00 00 00 11 0B
  can0  224   [8]  00 00 00 00 00 00 00 00
  can0  260   [8]  08 FF F3 00 00 00 00 64
  can0  2D5   [2]  00 00
  can0  0B4   [8]  00 00 00 00 00 00 00 BC
  can0  0BA   [4]  06 00 00 C4
  can0  232   [4]  03 03 08 46
  can0  2D0   [8]  0B B5 09 00 B0 9C 00 EF
  can0  262   [5]  20 00 00 00 89
  can0  0B0   [6]  00 00 00 00 11 0C
  can0  0B2   [6]  00 00 00 00 11 0C
  can0  621   [8]  11 00 00 00 00 00 00 00
  can0  2C4   [8]  06 02 00 1A 40 80 40 F0
  can0  2C6   [8]  00 00 00 00 00 00 00 D0
  can0  0B4   [8]  00 00 00 00 00 00 00 BC
  can0  223   [8]  00 00 00 00 00 00 00 2D
  can0  260   [8]  08 FF F3 00 00 00 00 64
  can0  0B0   [6]  00 00 00 00 11 0D
  can0  0B2   [6]  00 00 00 00 11 0D
  can0  224   [8]  00 00 00 00 00 00 00 00
  can0  2D5   [2]  00 00
  can0  2C1   [8]  08 03 12 03 25 D8 00 E8
  can0  0B4   [8]  00 00 00 00 00 00 00 BC
  can0  0BA   [4]  06 01 00 C5
  can0  232   [4]  03 03 08 46
  can0  262   [5]  20 00 00 00 89
  can0  622   [8]  12 00 00 00 00 00 00 00
  can0  0B0   [6]  00 00 00 00 11 0E
  can0  0B2   [6]  00 00 00 00 11 0E
  can0  3A0   [8]  00 00 00 00 00 00 00 00
  can0  2C4   [8]  06 05 00 1A 40 80 40 F3
  can0  260   [8]  08 FF F3 00 00 00 00 64
  can0  2D0   [8]  0B BA 09 00 B0 9C 00 F4
  can0  624   [8]  1A 00 00 49 49 00 00 00
  can0  2C5   [4]  00 05 C0 90
  can0  0B4   [8]  00 00 00 00 00 00 00 BC
  can0  223   [8]  00 00 00 00 00 00 00 2D
  can0  0B0   [6]  00 00 00 00 11 0F
  can0  0B2   [6]  00 00 00 00 11 0F
  can0  224   [8]  00 00 00 00 00 00 00 00
  can0  2C6   [8]  00 00 00 00 00 00 00 D0
  can0  2D5   [2]  00 00
  can0  630   [8]  17 00 00 00 00 00 00 00
  can0  262   [5]  20 00 00 00 89
  can0  0B4   [8]  00 00 00 00 00 00 00 BC
  can0  0BA   [4]  06 00 00 C4
  can0  232   [4]  03 03 08 46
  can0  620   [8]  10 00 00 00 30 40 00 50
  can0  260   [8]  08 FF F3 00 00 00 00 64
  can0  0B0   [6]  00 00 00 00 11 00
  can0  0B2   [6]  00 00 00 00 11 00
  can0  2C1   [8]  08 03 0D 03 23 D8 00 E1
  can0  4DD   [8]  1E 00 00 05 00 00 00 00
  can0  2C4   [8]  06 01 00 1A 40 80 40 EF
  can0  0B4   [8]  00 00 00 00 00 00 00 BC
  can0  223   [8]  00 00 00 00 00 00 00 2D
  can0  638   [8]  13 00 10 00 00 00 00 00
  can0  262   [5]  20 00 00 00 89
  can0  2D0   [8]  0B C0 09 00 B0 9C 00 FA
  can0  2D5   [2]  00 00
  can0  0B0   [6]  00 00 00 00 11 01
  can0  0B2   [6]  00 00 00 00 11 01
  can0  224   [8]  00 00 00 00 00 00 00 00
  can0  440   [8]  42 02 00 00 00 00 00 00
  can0  640   [8]  A8 00 00 00 01 89 00 00
  can0  0B4   [8]  00 00 00 00 00 00 00 BC
  can0  0BA   [4]  06 01 00 C5
  can0  232   [4]  03 03 08 46
  can0  2C6   [8]  00 00 00 00 00 00 00 D0
  can0  260   [8]  08 FF F3 00 00 00 00 64
  can0  0B0   [6]  00 00 00 00 11 02
  can0  0B2   [6]  00 00 00 00 11 02
  can0  2C4   [8]  05 FD 00 1A 40 80 40 EA
  can0  262   [5]  20 00 00 00 89
  can0  2C5   [4]  00 05 C0 90
  can0  0B4   [8]  00 00 00 00 00 00 00 BC
  can0  223   [8]  00 00 00 00 00 00 00 2D
  can0  2C1   [8]  08 03 12 03 20 D8 00 E3
  can0  2D5   [2]  00 00
  can0  0B0   [6]  00 00 00 00 11 03
  can0  0B2   [6]  00 00 00 00 11 03
  can0  224   [8]  00 00 00 00 00 00 00 00
  can0  3B3   [3]  05 FC 28
  can0  260   [8]  08 FF F3 00 00 00 00 64
  can0  0B4   [8]  00 00 00 00 00 00 00 BC
  can0  0BA   [4]  06 01 00 C5
  can0  232   [4]  03 03 08 46
  can0  2D0   [8]  0B BD 09 00 B0 9C 00 F7
  can0  0B0   [6]  00 00 00 00 11 04
  can0  0B2   [6]  00 00 00 00 11 04
  can0  262   [5]  20 00 00 00 89
  can0  2C4   [8]  05 FF 00 1A 40 80 40 EC
  can0  2C6   [8]  00 00 00 00 00 00 00 D0
  can0  0B4   [8]  00 00 00 00 00 00 00 BC
  can0  223   [8]  00 00 00 00 00 00 00 2D
  can0  2D5   [2]  00 00
  can0  260   [8]  08 FF F3 00 00 00 00 64
  can0  0B0   [6]  00 00 00 00 11 05
  can0  0B2   [6]  00 00 00 00 11 05
  can0  224   [8]  00 00 00 00 00 00 00 00
  can0  2C1   [8]  08 03 16 03 23 D8 00 EA
  can0  0B4   [8]  00 00 00 00 00 00 00 BC
  can0  0BA   [4]  06 01 00 C5
  can0  232   [4]  03 03 08 46
  can0  262   [5]  20 00 00 00 89
  can0  0B0   [6]  00 00 00 00 11 06
  can0  0B2   [6]  00 00 00 00 11 06
  can0  2C4   [8]  06 03 00 1A 40 80 40 F1
  can0  2D0   [8]  0B BB 09 00 B0 9C 00 F5
  can0  3A0   [8]  00 00 00 00 00 00 00 00
  can0  2C5   [4]  00 05 C0 90
  can0  0B4   [8]  00 00 00 00 00 00 00 BC
  can0  223   [8]  00 00 00 00 00 00 00 2D
  can0  260   [8]  08 FF F3 00 00 00 00 64
  can0  2D5   [2]  00 00
  can0  2C6   [8]  00 00 00 00 00 00 00 D0
  can0  0B0   [6]  00 00 00 00 11 07
  can0  0B2   [6]  00 00 00 00 11 07
  can0  224   [8]  00 00 00 00 00 00 00 00
  can0  262   [5]  20 00 00 00 89
  can0  0B4   [8]  00 00 00 00 00 00 00 BC
  can0  0BA   [4]  06 01 00 C5
  can0  232   [4]  03 03 08 46
  can0  2C1   [8]  08 03 05 03 19 D8 00 CF
  can0  0B0   [6]  00 00 00 00 11 08
  can0  0B2   [6]  00 00 00 00 11 08
  can0  2C4   [8]  06 00 00 1A 40 80 40 EE
  can0  260   [8]  08 FF F3 00 00 00 00 64
  can0  0B4   [8]  00 00 00 00 00 00 00 BC
  can0  223   [8]  00 00 00 00 00 00 00 2D
  can0  394   [1]  00
  can0  2D5   [2]  00 00
  can0  2D0   [8]  0B BE 09 00 B0 9C 00 F8
  can0  442   [8]  40 02 00 00 02 00 00 00
  can0  0B0   [6]  00 00 00 00 11 09
  can0  0B2   [6]  00 00 00 00 11 09
  can0  224   [8]  00 00 00 00 00 00 00 00
  can0  262   [5]  20 00 00 00 89
  can0  0B4   [8]  00 00 00 00 00 00 00 BC
  can0  0BA   [4]  06 01 00 C5
  can0  232   [4]  03 03 08 46
  can0  2C6   [8]  00 00 00 00 00 00 00 D0
  can0  260   [8]  08 FF F3 00 00 00 00 64
  can0  0B0   [6]  00 00 00 00 11 0A
  can0  0B2   [6]  00 00 00 00 11 0A
  can0  2C4   [8]  05 FF 00 1A 40 80 40 EC
  can0  2C5   [4]  00 05 C0 90
  can0  0B4   [8]  00 00 00 00 00 00 00 BC
  can0  223   [8]  00 00 00 00 00 00 00 2D
  can0  2C1   [8]  08 03 16 03 1F D8 00 E6
  can0  2D5   [2]  00 00
  can0  262   [5]  20 00 00 00 89
  can0  0B0   [6]  00 00 00 00 11 0B
  can0  0B2   [6]  00 00 00 00 11 0B
  can0  224   [8]  00 00 00 00 00 00 00 00
  can0  2D0   [8]  0B BB 09 00 B0 9C 00 F5
  can0  0B4   [8]  00 00 00 00 00 00 00 BC
  can0  0BA   [4]  06 01 00 C5
  can0  232   [4]  03 03 08 46
  can0  260   [8]  08 FF F3 00 00 00 00 64
  can0  2C4   [8]  06 00 00 1A 40 80 40 EE
  can0  0B0   [6]  00 00 00 00 11 0C
  can0  0B2   [6]  00 00 00 00 11 0C
  can0  2C6   [8]  00 00 00 00 00 00 00 D0
  can0  262   [5]  20 00 00 00 89
  can0  0B4   [8]  00 00 00 00 00 00 00 BC
  can0  223   [8]  00 00 00 00 00 00 00 2D
  can0  2D5   [2]  00 00
  can0  0B0   [6]  00 00 00 00 11 0D
  can0  0B2   [6]  00 00 00 00 11 0D
  can0  224   [8]  00 00 00 00 00 00 00 00
  can0  2C1   [8]  08 03 18 03 26 D8 00 EF
  can0  260   [8]  08 FF F3 00 00 00 00 64
  can0  0B4   [8]  00 00 00 00 00 00 00 BC
  can0  0BA   [4]  06 01 00 C5
  can0  232   [4]  03 03 08 46
  can0  2C4   [8]  06 02 00 1A 40 80 40 F0
  can0  0B0   [6]  00 00 00 00 11 0E
  can0  0B2   [6]  00 00 00 00 11 0E
  can0  262   [5]  20 00 00 00 89
  can0  2D0   [8]  0B BC 09 00 B0 9C 00 F6
  can0  2C5   [4]  00 05 C0 90
  can0  0B4   [8]  00 00 00 00 00 00 00 BC
  can0  223   [8]  00 00 00 00 00 00 00 2D
  can0  2D5   [2]  00 00
  can0  3A0   [8]  00 00 00 00 00 00 00 00
  can0  2C6   [8]  00 00 00 00 00 00 00 D0
  can0  260   [8]  08 FF F4 00 00 00 00 65
  can0  0B0   [6]  00 00 00 00 11 0F
  can0  0B2   [6]  00 00 00 00 11 0F
  can0  224   [8]  00 00 00 00 00 00 00 00
  can0  0B4   [8]  00 00 00 00 00 00 00 BC
  can0  0BA   [4]  06 01 00 C5
  can0  232   [4]  03 03 08 46
  can0  3B7   [8]  00 00 00 00 00 00 00 00
  can0  262   [5]  20 00 00 00 89
  can0  2C1   [8]  08 03 19 03 26 D8 00 F0
  can0  2C4   [8]  05 FC 00 1A 40 80 40 E9
  can0  0B0   [6]  00 00 00 00 11 00
  can0  0B2   [6]  00 00 00 00 11 00
  can0  0B4   [8]  00 00 00 00 00 00 00 BC
  can0  223   [8]  00 00 00 00 00 00 00 2D
  can0  260   [8]  08 FF F4 00 00 00 00 65
  can0  2D5   [2]  00 00
  can0  2D0   [8]  0B BB 09 00 B0 9C 00 F5
  can0  0B0   [6]  00 00 00 00 11 01
  can0  0B2   [6]  00 00 00 00 11 01
  can0  224   [8]  00 00 00 00 00 00 00 00
  can0  440   [8]  42 02 00 00 00 00 00 00
  can0  262   [5]  20 00 00 00 89
  can0  2C6   [8]  00 00 00 00 00 00 00 D0
  can0  0B4   [8]  00 00 00 00 00 00 00 BC
  can0  0BA   [4]  06 00 00 C4
  can0  232   [4]  03 03 08 46
  can0  2C4   [8]  05 F1 00 1A 40 80 40 DE
  can0  0B0   [6]  00 00 00 00 11 02
  can0  0B2   [6]  00 00 00 00 11 02
  can0  260   [8]  08 FF F4 00 00 00 00 65
  can0  2C1   [8]  08 03 1B 03 13 D8 00 DF
  can0  2C5   [4]  00 05 C0 90
  can0  0B4   [8]  00 00 00 00 00 00 00 BC
  can0  223   [8]  00 00 00 00 00 00 00 2D
  can0  2D5   [2]  00 00
  can0  0B0   [6]  00 00 00 00 11 03
  can0  0B2   [6]  00 00 00 00 11 03
  can0  224   [8]  00 00 00 00 00 00 00 00
  can0  262   [5]  20 00 00 00 89
  can0  2D0   [8]  0B B1 09 00 B0 9C 00 EB
  can0  0B4   [8]  00 00 00 00 00 00 00 BC
  can0  0BA   [4]  06 01 00 C5
  can0  232   [4]  03 03 08 46
  can0  3B1   [8]  00 00 02 2A A0 00 00 00
  can0  2C4   [8]  05 F6 00 1A 40 80 40 E3
  can0  260   [8]  08 FF F4 00 00 00 00 65
  can0  0B0   [6]  00 00 00 00 11 04
  can0  0B2   [6]  00 00 00 00 11 04
  can0  2C6   [8]  00 00 00 00 00 00 00 D0
  can0  2D5   [2]  00 00
  can0  0B4   [8]  00 00 00 00 00 00 00 BC
  can0  223   [8]  00 00 00 00 00 00 00 2D
  can0  262   [5]  20 00 00 00 89
  can0  0B0   [6]  00 00 00 00 11 05
  can0  0B2   [6]  00 00 00 00 11 05
  can0  224   [8]  00 00 00 00 00 00 00 00
  can0  2C1   [8]  08 03 14 03 12 D8 00 D7
  can0  7DF   [8]  02 01 10 00 00 00 00 00
  can0  0B4   [8]  00 00 00 00 00 00 00 BC
  can0  0BA   [4]  06 00 00 C4
  can0  232   [4]  03 03 08 46
  can0  260   [8]  08 FF F4 00 00 00 00 65
  can0  7E8   [8]  04 41 10 01 E4 00 00 00
  can0  2C4   [8]  05 FD 00 1A 40 80 40 EA
  can0  2D0   [8]  0B AE 09 00 B0 9C 00 E8
  can0  0B0   [6]  00 00 00 00 11 06
  can0  0B2   [6]  00 00 00 00 11 06
  can0  262   [5]  20 00 00 00 89
  can0  2C5   [4]  00 05 C0 90
  can0  2D5   [2]  00 00
  can0  0B4   [8]  00 00 00 00 00 00 00 BC
  can0  223   [8]  00 00 00 00 00 00 00 2D
  can0  2C6   [8]  00 00 00 00 00 00 00 D0
  can0  3A0   [8]  00 00 00 00 00 00 00 00
  can0  0B0   [6]  00 00 00 00 11 07
  can0  0B2   [6]  00 00 00 00 11 07
  can0  224   [8]  00 00 00 00 00 00 00 00
  can0  260   [8]  08 FF F4 00 00 00 00 65
  can0  0B4   [8]  00 00 00 00 00 00 00 BC
  can0  0BA   [4]  05 FF 00 C2
  can0  232   [4]  03 03 08 46
  can0  2C1   [8]  08 03 12 03 17 D8 00 DA
  can0  2C4   [8]  05 F9 00 1A 40 80 40 E6
  can0  262   [5]  20 00 00 00 89
  can0  0B0   [6]  00 00 00 00 11 08
  can0  0B2   [6]  00 00 00 00 11 08
  can0  620   [8]  10 00 00 00 30 40 00 50
  can0  2D5   [2]  00 00
  can0  0B4   [8]  00 00 00 00 00 00 00 BC
  can0  223   [8]  00 00 00 00 00 00 00 2D
  can0  2D0   [8]  0B B0 09 00 B0 9C 00 EA
  can0  442   [8]  40 02 00 00 02 00 00 00
  can0  260   [8]  08 FF F3 00 00 00 00 64
  can0  0B0   [6]  00 00 00 00 11 09
  can0  0B2   [6]  00 00 00 00 11 09
  can0  224   [8]  00 00 00 00 00 00 00 00
  can0  2C6   [8]  00 00 00 00 00 00 00 D0
  can0  0B4   [8]  00 00 00 00 00 00 00 BC
  can0  0BA   [4]  05 FF 00 C2
  can0  232   [4]  03 03 08 46
  can0  2C4   [8]  05 F7 00 1A 40 80 40 E4
  can0  262   [5]  20 00 00 00 89
  can0  0B0   [6]  00 00 00 00 11 0A
  can0  0B2   [6]  00 00 00 00 11 0A
  can0  2C1   [8]  08 03 13 03 11 D8 00 D5
  can0  2D5   [2]  00 00
  can0  2C5   [4]  00 05 C0 90
  can0  260   [8]  08 FF F3 00 00 00 00 64
  can0  0B4   [8]  00 00 00 00 00 00 00 BC
  can0  223   [8]  00 00 00 00 00 00 00 2D
  can0  0B0   [6]  00 00 00 00 11 0B
  can0  0B2   [6]  00 00 00 00 11 0B
  can0  224   [8]  00 00 00 00 00 00 00 00
  can0  2D0   [8]  0B AD 09 00 B0 9C 00 E7
  can0  262   [5]  20 00 00 00 89
  can0  0B4   [8]  00 00 00 00 00 00 00 BC
  can0  0BA   [4]  05 FF 00 C2
  can0  232   [4]  03 03 08 46
  can0  2C4   [8]  05 F6 00 1A 40 80 40 E3
  can0  2C6   [8]  00 00 00 00 00 00 00 D0
  can0  0B0   [6]  00 00 00 00 11 0C
  can0  0B2   [6]  00 00 00 00 11 0C
  can0  260   [8]  08 FF F3 00 00 00 00 64
  can0  2D5   [2]  00 00
  can0  0B4   [8]  00 00 00 00 00 00 00 BC
  can0  223   [8]  00 00 00 00 00 00 00 2D
  can0  262   [5]  20 00 00 00 89
  can0  2C1   [8]  08 03 12 03 13 D8 00 D6
  can0  0B0   [6]  00 00 00 00 11 0D
  can0  0B2   [6]  00 00 00 00 11 0D
  can0  224   [8]  00 00 00 00 00 00 00 00
  can0  0B4   [8]  00 00 00 00 00 00 00 BC
  can0  0BA   [4]  05 FE 00 C1
  can0  232   [4]  03 03 08 46
  can0  2C4   [8]  05 FB 00 1A 40 80 40 E8
  can0  260   [8]  08 FF F3 00 00 00 00 64
  can0  2D0   [8]  0B AA 09 00 B0 9C 00 E4
  can0  7DF   [8]  02 01 11 00 00 00 00 00
  can0  0B0   [6]  00 00 00 00 11 0E
  can0  0B2   [6]  00 00 00 00 11 0E
  can0  7E8   [8]  03 41 11 34 00 00 00 00
  can0  2D5   [2]  00 00
  can0  2C5   [4]  00 05 C0 90
  can0  0B4   [8]  00 00 00 00 00 00 00 BC
  can0  223   [8]  00 00 00 00 00 00 00 2D
  can0  2C6   [8]  00 00 00 00 00 00 00 D0
  can0  262   [5]  20 00 00 00 89
  can0  0B0   [6]  00 00 00 00 11 0F
  can0  0B2   [6]  00 00 00 00 11 0F
  can0  224   [8]  00 00 00 00 00 00 00 00
  can0  3A0   [8]  00 00 00 00 00 00 00 00
  can0  610   [8]  20 00 00 64 00 00 00 00
  can0  260   [8]  08 FF F3 00 00 00 00 64
  can0  0B4   [8]  00 00 00 00 00 00 00 BC
  can0  0BA   [4]  05 FE 00 C1
  can0  232   [4]  03 03 08 46
  can0  2C4   [8]  05 FB 00 1A 40 80 40 E8
  can0  2C1   [8]  08 03 0C 03 12 D8 00 CF
  can0  3B4   [8]  00 00 41 4C 80 00 00 00
  can0  0B0   [6]  00 00 00 00 11 00
  can0  0B2   [6]  00 00 00 00 11 00
  can0  2D5   [2]  00 00
  can0  262   [5]  20 00 00 00 89
  can0  0B4   [8]  00 00 00 00 00 00 00 BC
  can0  223   [8]  00 00 00 00 00 00 00 2D
  can0  2D0   [8]  0B AE 09 00 B0 9C 00 E8
  can0  440   [8]  42 02 00 00 00 00 00 00
  can0  0B0   [6]  00 00 00 00 11 01
  can0  0B2   [6]  00 00 00 00 11 01
  can0  224   [8]  00 00 00 00 00 00 00 00
  can0  260   [8]  08 FF F3 00 00 00 00 64
  can0  2C6   [8]  00 00 00 00 00 00 00 D0
  can0  2C4   [8]  05 F3 00 1A 40 80 40 E0
  can0  0B4   [8]  00 00 00 00 00 00 00 BC
  can0  0BA   [4]  05 FE 00 C1
  can0  232   [4]  03 03 08 46
  can0  394   [1]  00
  can0  262   [5]  20 00 00 00 89
  can0  0B0   [6]  00 00 00 00 11 02
  can0  0B2   [6]  00 00 00 00 11 02
  can0  2D5   [2]  00 00
  can0  2C1   [8]  08 03 10 03 07 D8 00 C8
  can0  2C5   [4]  00 05 C0 90
  can0  0B4   [8]  00 00 00 00 00 00 00 BC
  can0  223   [8]  00 00 00 00 00 00 00 2D
  can0  260   [8]  08 FF F3 00 00 00 00 64
  can0  0B0   [6]  00 00 00 00 11 03
  can0  0B2   [6]  00 00 00 00 11 03
  can0  224   [8]  00 00 00 00 00 00 00 00
  can0  2D0   [8]  0B AD 09 00 B0 9C 00 E7
  can0  2C4   [8]  05 EB 00 1A 40 80 40 D8
  can0  0B4   [8]  00 00 00 00 00 00 00 BC
  can0  0BA   [4]  05 FF 00 C2
  can0  232   [4]  03 03 08 46
  can0  262   [5]  20 00 00 00 89
  can0  2C6   [8]  00 00 00 00 00 00 00 D0
  can0  0B0   [6]  00 00 00 00 11 04
  can0  0B2   [6]  00 00 00 00 11 04
  can0  2D5   [2]  00 00
  can0  260   [8]  08 FF F3 00 00 00 00 64
  can0  0B4   [8]  00 00 00 00 00 00 00 BC
  can0  223   [8]  00 00 00 00 00 00 00 2D
  can0  2C1   [8]  08 03 25 03 0B D9 00 E2
  can0  0B0   [6]  00 00 00 00 11 05
  can0  0B2   [6]  00 00 00 00 11 05
  can0  224   [8]  00 00 00 00 00 00 00 00
  can0  262   [5]  20 00 00 00 89
  can0  2C4   [8]  05 EE 00 1A 40 80 40 DB
  can0  0B4   [8]  00 00 00 00 00 00 00 BC
  can0  0BA   [4]  05 FF 00 C2
  can0  232   [4]  03 03 08 46
  can0  2D0   [8]  0B A1 09 00 B0 9C 00 DB
  can0  0B0   [6]  00 00 00 00 11 06
  can0  0B2   [6]  00 00 00 00 11 06
  can0  2D5   [2]  00 00
  can0  260   [8]  08 FF F3 00 00 00 00 64
  can0  2C5   [4]  00 05 C0 90
  can0  7DF   [8]  02 01 0E 00 00 00 00 00
  can0  2C6   [8]  00 00 00 00 00 00 00 D0
  can0  0B4   [8]  00 00 00 00 00 00 00 BC
  can0  223   [8]  00 00 00 00 00 00 00 2D
  can0  7E8   [8]  03 41 0E 91 00 00 00 00
  can0  262   [5]  20 00 00 00 89
  can0  0B0   [6]  00 00 00 00 11 07
  can0  0B2   [6]  00 00 00 00 11 07
  can0  224   [8]  00 00 00 00 00 00 00 00
  can0  2C4   [8]  05 F5 00 1A 40 80 40 E2
  can0  2C1   [8]  08 03 12 03 0E D8 00 D1
  can0  0B4   [8]  00 00 00 00 00 00 00 BC
  can0  0BA   [4]  05 FF 00 C2
  can0  232   [4]  03 03 08 46
  can0  3A0   [8]  00 00 00 00 00 00 00 00
  can0  260   [8]  08 FF F3 00 00 00 00 64
  can0  2D5   [2]  00 00
  can0  0B0   [6]  00 00 00 00 11 08
  can0  0B2   [6]  00 00 00 00 11 08
  can0  2D0   [8]  0B 9E 09 00 B0 9C 00 D8
  can0  0B4   [8]  00 00 00 00 00 00 00 BC
  can0  223   [8]  00 00 00 00 00 00 00 2D
  can0  3B7   [8]  00 00 00 00 00 00 00 00
  can0  262   [5]  20 00 00 00 89
  can0  0B0   [6]  00 00 00 00 11 09
  can0  0B2   [6]  00 00 00 00 11 09
  can0  224   [8]  00 00 00 00 00 00 00 00
  can0  2C6   [8]  00 00 00 00 00 00 00 D0
  can0  442   [8]  40 02 00 00 02 00 00 00
  can0  2C4   [8]  05 F7 00 1A 40 80 40 E4
  can0  260   [8]  08 FF F3 00 00 00 00 64
  can0  0B4   [8]  00 00 00 00 00 00 00 BC
  can0  0BA   [4]  06 00 00 C4
  can0  232   [4]  03 03 08 46
  can0  2D5   [2]  00 00
  can0  0B0   [6]  00 00 00 00 11 0A
  can0  0B2   [6]  00 00 00 00 11 0A
  can0  2C1   [8]  08 03 0C 03 15 D8 00 D2
  can0  262   [5]  20 00 00 00 89
  can0  2C5   [4]  00 05 C0 90
  can0  0B4   [8]  00 00 00 00 00 00 00 BC
  can0  223   [8]  00 00 00 00 00 00 00 2D
  can0  4C8   [8]  09 00 01 06 00 00 00 00
  can0  0B0   [6]  00 00 00 00 11 0B
  can0  0B2   [6]  00 00 00 00 11 0B
  can0  224   [8]  00 00 00 00 00 00 00 00
  can0  260   [8]  08 FF F3 00 00 00 00 64
  can0  2D0   [8]  0B A2 09 00 B0 9C 00 DC
  can0  2C4   [8]  05 FD 00 1A 40 80 40 EA
  can0  4C1   [8]  01 00 09 08 00 00 00 00
  can0  0B4   [8]  00 00 00 00 00 00 00 BC
  can0  0BA   [4]  06 00 00 C4
  can0  232   [4]  03 03 08 46
  can0  2C6   [8]  00 00 00 00 00 00 00 D0
  can0  262   [5]  20 00 00 00 89
  can0  2D5   [2]  00 00
  can0  0B0   [6]  00 00 00 00 11 0C
  can0  0B2   [6]  00 00 00 00 11 0C
  can0  0B4   [8]  00 00 00 00 00 00 00 BC
  can0  223   [8]  00 00 00 00 00 00 00 2D
  can0  260   [8]  08 FF F3 00 00 00 00 64
  can0  2C1   [8]  08 03 06 03 1C D8 00 D3
  can0  0B0   [6]  00 00 00 00 11 0D
  can0  0B2   [6]  00 00 00 00 11 0D
  can0  224   [8]  00 00 00 00 00 00 00 00
  can0  2C4   [8]  06 00 00 1A 40 80 40 EE
  can0  0B4   [8]  00 00 00 00 00 00 00 BC
  can0  0BA   [4]  06 01 00 C5
  can0  232   [4]  03 03 08 46
  can0  262   [5]  20 00 00 00 89
  can0  3B3   [3]  05 FE 28
  can0  2D0   [8]  0B A9 09 00 B0 9C 00 E3
  can0  2D5   [2]  00 00
  can0  0B0   [6]  00 00 00 00 11 0E
  can0  0B2   [6]  00 00 00 00 11 0E
  can0  260   [8]  08 FF F5 00 00 00 00 66
  can0  2C5   [4]  00 05 C0 90
  can0  2C6   [8]  00 00 00 00 00 00 00 D0
  can0  0B4   [8]  00 00 00 00 00 00 00 BC
  can0  223   [8]  00 00 00 00 00 00 00 2D
  can0  7DF   [8]  02 01 06 00 00 00 00 00
  can0  0B0   [6]  00 00 00 00 11 0F
  can0  0B2   [6]  00 00 00 00 11 0F
  can0  224   [8]  00 00 00 00 00 00 00 00
  can0  7E8   [8]  03 41 06 75 00 00 00 00
  can0  2C4   [8]  05 F6 00 1A 40 80 40 E3
  can0  262   [5]  20 00 00 00 89
  can0  2C1   [8]  08 03 05 03 11 D8 00 C7
  can0  0B4   [8]  00 00 00 00 00 00 00 BC
  can0  0BA   [4]  06 00 00 C4
  can0  232   [4]  03 03 08 46
  can0  2D5   [2]  00 00
  can0  3A0   [8]  00 00 00 00 00 00 00 00
  can0  0B0   [6]  00 00 00 00 11 00
  can0  0B2   [6]  00 00 00 00 11 00
  can0  260   [8]  08 FF F5 00 00 00 00 66
  can0  2D0   [8]  0B AC 09 00 B0 9C 00 E6
  can0  0B4   [8]  00 00 00 00 00 00 00 BC
  can0  223   [8]  00 00 00 00 00 00 00 2D
  can0  262   [5]  20 00 00 00 89
  can0  2C6   [8]  00 00 00 00 00 00 00 D0
  can0  0B0   [6]  00 00 00 00 11 01
  can0  0B2   [6]  00 00 00 00 11 01
  can0  224   [8]  00 00 00 00 00 00 00 00
  can0  2C4   [8]  05 F8 00 1A 40 80 40 E5
  can0  620   [8]  10 00 00 00 30 40 00 50
  can0  440   [8]  42 02 00 00 00 00 00 00
  can0  0B4   [8]  00 00 00 00 00 00 00 BC
  can0  0BA   [4]  06 00 00 C4
  can0  232   [4]  03 03 08 46
  can0  4C3   [8]  04 00 12 07 00 00 00 00
  can0  260   [8]  08 FF F4 00 00 00 00 65
  can0  2D5   [2]  00 00
  can0  2C1   [8]  08 03 0B 03 09 D8 00 C5
  can0  0B0   [6]  00 00 00 00 11 02
  can0  0B2   [6]  00 00 00 00 11 02
  can0  2C5   [4]  00 05 C0 90
  can0  262   [5]  20 00 00 00 89
  can0  0B4   [8]  00 00 00 00 00 00 00 BC
  can0  223   [8]  00 00 00 00 00 00 00 2D
  can0  2D0   [8]  0B AD 09 00 B0 9C 00 E7
  can0  0B0   [6]  00 00 00 00 11 03
  can0  0B2   [6]  00 00 00 00 11 03
  can0  224   [8]  00 00 00 00 00 00 00 00
  can0  2C4   [8]  05 FC 00 1A 40 80 40 E9
  can0  260   [8]  08 FF F4 00 00 00 00 65
  can0  0B4   [8]  00 00 00 00 00 00 00 BC
  can0  0BA   [4]  06 01 00 C5
  can0  232   [4]  03 03 08 46
  can0  2C6   [8]  00 00 00 00 00 00 00 D0
  can0  2D5   [2]  00 00
  can0  0B0   [6]  00 00 00 00 11 04
  can0  0B2   [6]  00 00 00 00 11 04
  can0  262   [5]  20 00 00 00 89
  can0  0B4   [8]  00 00 00 00 00 00 00 BC
  can0  223   [8]  00 00 00 00 00 00 00 2D
  can0  2C1   [8]  08 02 FC 03 0A D7 00 B5
  can0  2C4   [8]  05 EE 00 1A 40 80 40 DB
  can0  260   [8]  08 FF F3 00 00 00 00 64
  can0  0B0   [6]  00 00 00 00 11 05
  can0  0B2   [6]  00 00 00 00 11 05
  can0  224   [8]  00 00 00 00 00 00 00 00
  can0  0B4   [8]  00 00 00 00 00 00 00 BC
  can0  0BA   [4]  06 01 00 C5
  can0  232   [4]  03 03 08 46
  can0  2D0   [8]  0B AC 09 00 B0 9C 00 E6
  can0  2D5   [2]  00 00
  can0  262   [5]  20 00 00 00 89
  can0  0B0   [6]  00 00 00 00 11 06
  can0  0B2   [6]  00 00 00 00 11 06
  can0  398   [2]  02 05
  can0  2C6   [8]  00 00 00 00 00 00 00 D0
  can0  2C5   [4]  00 05 C0 90
  can0  0B4   [8]  00 00 00 00 00 00 00 BC
  can0  223   [8]  00 00 00 00 00 00 00 2D
  can0  260   [8]  08 FF F3 00 00 00 00 64
  can0  2C4   [8]  05 F5 00 1A 40 80 40 E2
  can0  0B0   [6]  00 00 00 00 11 07
  can0  0B2   [6]  00 00 00 00 11 07
  can0  224   [8]  00 00 00 00 00 00 00 00
  can0  2C1   [8]  08 03 20 03 0D D9 00 DF
  can0  7DF   [8]  02 01 07 00 00 00 00 00
  can0  262   [5]  20 00 00 00 89
  can0  0B4   [8]  00 00 00 00 00 00 00 BC
  can0  0BA   [4]  06 00 00 C4
  can0  232   [4]  03 03 08 46
  can0  7E8   [8]  03 41 07 88 00 00 00 00
  can0  2D5   [2]  00 00
  can0  0B0   [6]  00 00 00 00 11 08
  can0  0B2   [6]  00 00 00 00 11 08
  can0  3A0   [8]  00 00 00 00 00 00 00 00
  can0  2D0   [8]  0B A6 09 00 B0 9C 00 E0
  can0  260   [8]  08 FF F3 00 00 00 00 64
  can0  0B4   [8]  00 00 00 00 00 00 00 BC
  can0  223   [8]  00 00 00 00 00 00 00 2D
  can0  2C4   [8]  05 F6 00 1A 40 80 40 E3
  can0  2C6   [8]  00 00 00 00 00 00 00 D0
  can0  0B0   [6]  00 00 00 00 11 09
  can0  0B2   [6]  00 00 00 00 11 09
  can0  224   [8]  00 00 00 00 00 00 00 00
  can0  262   [5]  20 00 00 00 89
  can0  0B4   [8]  00 00 00 00 00 00 00 BC
  can0  0BA   [4]  06 02 00 C6
  can0  232   [4]  03 03 08 46
  can0  2D5   [2]  00 00
  can0  442   [8]  40 02 00 00 02 00 00 00
  can0  2C1   [8]  08 03 10 03 16 D8 00 D7
  can0  260   [8]  08 FF F3 00 00 00 00 64
  can0  0B0   [6]  00 00 00 00 11 0A
  can0  0B2   [6]  00 00 00 00 11 0A
  can0  2C5   [4]  00 05 C0 90
  can0  394   [1]  00
  can0  0B4   [8]  00 00 00 00 00 00 00 BC
  can0  223   [8]  00 00 00 00 00 00 00 2D
  can0  4DC   [8]  1D 00 01 07 00 00 00 00
  can0  262   [5]  20 00 00 00 89
  can0  2C4   [8]  05 EE 00 1A 40 80 40 DB
  can0  2D0   [8]  0B A5 09 00 B0 9C 00 DF
  can0  0B0   [6]  00 00 00 00 11 0B
  can0  0B2   [6]  00 00 00 00 11 0B
  can0  224   [8]  00 00 00 00 00 00 00 00
  can0  0B4   [8]  00 00 00 00 00 00 00 BC
  can0  0BA   [4]  06 01 00 C5
  can0  232   [4]  03 03 08 46
  can0  2C6   [8]  00 00 00 00 00 00 00 D0
  can0  2D5   [2]  00 00
  can0  260   [8]  08 FF F3 00 00 00 00 64
  can0  0B0   [6]  00 00 00 00 11 0C
  can0  0B2   [6]  00 00 00 00 11 0C
  can0  262   [5]  20 00 00 00 89
  can0  0B4   [8]  00 00 00 00 00 00 00 BC
  can0  223   [8]  00 00 00 00 00 00 00 2D
  can0  2C1   [8]  08 03 2A 03 17 D9 00 F3
  can0  2C4   [8]  05 EA 00 1A 40 80 40 D7
  can0  0B0   [6]  00 00 00 00 11 0D
  can0  0B2   [6]  00 00 00 00 11 0D
  can0  224   [8]  00 00 00 00 00 00 00 00
  can0  260   [8]  08 FF F3 00 00 00 00 64
  can0  2D0   [8]  0B 9A 09 00 B0 9C 00 D4
  can0  2D5   [2]  00 00
  can0  0B4   [8]  00 00 00 00 00 00 00 BC
  can0  0BA   [4]  06 00 00 C4
  can0  232   [4]  03 03 08 46
  can0  3B0   [5]  00 00 00 48 00
  can0  0B0   [6]  00 00 00 00 11 0E
  can0  0B2   [6]  00 00 00 00 11 0E
  can0  262   [5]  20 00 00 00 89
  can0  2C6   [8]  00 00 00 00 00 00 00 D0
  can0  2C5   [4]  00 05 C0 90
  can0  0B4   [8]  00 00 00 00 00 00 00 BC
  can0  223   [8]  00 00 00 00 00 00 00 2D
  can0  2C4   [8]  05 F5 00 1A 40 80 40 E2
  can0  260   [8]  08 FF F3 00 00 00 00 64
  can0  0B0   [6]  00 00 00 00 11 0F
  can0  0B2   [6]  00 00 00 00 11 0F
  can0  224   [8]  00 00 00 00 00 00 00 00
  can0  2C1   [8]  08 03 25 03 26 D9 00 FD
  can0  2D5   [2]  00 00
  can0  0B4   [8]  00 00 00 00 00 00 00 BC
  can0  0BA   [4]  06 02 00 C6
  can0  232   [4]  03 03 08 46
  can0  262   [5]  20 00 00 00 89
  can0  7DF   [8]  02 01 15 00 00 00 00 00
  can0  0B0   [6]  00 00 00 00 11 00
  can0  0B2   [6]  00 00 00 00 11 00
  can0  2D0   [8]  0B 9D 09 00 B0 9C 00 D7
  can0  7E8   [8]  04 41 15 00 FF 00 00 00
  can0  3A0   [8]  00 00 00 00 00 00 00 00
  can0  0B4   [8]  00 00 00 00 00 00 00 BC
  can0  223   [8]  00 00 00 00 00 00 00 2D
  can0  260   [8]  08 FF F3 00 00 00 00 64
  can0  2C4   [8]  05 F6 00 1A 40 80 40 E3
  can0  2C6   [8]  00 00 00 00 00 00 00 D0
  can0  0B0   [6]  00 00 00 00 11 01
  can0  0B2   [6]  00 00 00 00 11 01
  can0  224   [8]  00 00 00 00 00 00 00 00
  can0  2D5   [2]  00 00
  can0  262   [5]  20 00 00 00 89
  can0  0B4   [8]  00 00 00 00 00 00 00 BC
  can0  0BA   [4]  06 01 00 C5
  can0  232   [4]  03 03 08 46
  can0  3B7   [8]  00 00 00 00 00 00 00 00
  can0  440   [8]  42 02 00 00 00 00 00 00
  can0  2C1   [8]  08 03 11 03 1F D8 00 E1
  can0  0B0   [6]  00 00 00 00 11 02
  can0  0B2   [6]  00 00 00 00 11 02
  can0  260   [8]  08 FF F3 00 00 00 00 64
  can0  2C5   [4]  00 05 C0 90
  can0  0B4   [8]  00 00 00 00 00 00 00 BC
  can0  223   [8]  00 00 00 00 00 00 00 2D
  can0  2C4   [8]  05 F3 00 1A 40 80 40 E0
  can0  2D0   [8]  0B A1 09 00 B0 9C 00 DB
  can0  380   [8]  00 20 00 00 00 00 27 00
  can0  0B0   [6]  00 00 00 00 11 03
  can0  0B2   [6]  00 00 00 00 11 03
  can0  224   [8]  00 00 00 00 00 00 00 00
  can0  262   [5]  20 00 00 00 89
  can0  2D5   [2]  00 00
  can0  2C6   [8]  00 00 00 00 00 00 00 D0
  can0  0B4   [8]  00 00 00 00 00 00 00 BC
  can0  0BA   [4]  05 FF 00 C2
  can0  232   [4]  03 03 08 46
  can0  260   [8]  08 FF F3 00 00 00 00 64
  can0  0B0   [6]  00 00 00 00 11 04
  can0  0B2   [6]  00 00 00 00 11 04
  can0  2C1   [8]  08 03 0F 03 1A D8 00 DA
  can0  0B4   [8]  00 00 00 00 00 00 00 BC
  can0  223   [8]  00 00 00 00 00 00 00 2D
  can0  2C4   [8]  05 F0 00 1A 40 80 40 DD
  can0  262   [5]  20 00 00 00 89
  can0  0B0   [6]  00 00 00 00 11 05
  can0  0B2   [6]  00 00 00 00 11 05
  can0  224   [8]  00 00 00 00 00 00 00 00
  can0  2D5   [2]  00 00
  can0  2D0   [8]  0B A1 09 00 B0 9C 00 DB
  can0  3A1   [8]  00 00 00 00 00 00 00 00
  can0  0B4   [8]  00 00 00 00 00 00 00 BC
  can0  0BA   [4]  06 01 00 C5
  can0  232   [4]  03 03 08 46
  can0  260   [8]  08 FF F3 00 00 00 00 64
  can0  0B0   [6]  00 00 00 00 11 06
  can0  0B2   [6]  00 00 00 00 11 06
  can0  2C6   [8]  00 00 00 00 00 00 00 D0
  can0  2C5   [4]  00 05 C0 90
  can0  262   [5]  20 00 00 00 89
  can0  0B4   [8]  00 00 00 00 00 00 00 BC
  can0  223   [8]  00 00 00 00 00 00 00 2D
  can0  2C4   [8]  05 EC 00 1A 40 80 40 D9
  can0  0B0   [6]  00 00 00 00 11 07
  can0  0B2   [6]  00 00 00 00 11 07
  can0  224   [8]  00 00 00 00 00 00 00 00
  can0  2C1   [8]  08 03 18 03 18 D8 00 E1
  can0  260   [8]  08 FF F3 00 00 00 00 64
  can0  2D5   [2]  00 00
  can0  0B4   [8]  00 00 00 00 00 00 00 BC
  can0  0BA   [4]  06 01 00 C5
  can0  232   [4]  03 03 08 46
  can0  2D0   [8]  0B 9C 09 00 B0 9C 00 D6
  can0  262   [5]  20 00 00 00 89
  can0  0B0   [6]  00 00 00 00 11 08
  can0  0B2   [6]  00 00 00 00 11 08
  can0  2C4   [8]  05 F4 00 1A 40 80 40 E1
  can0  0B4   [8]  00 00 00 00 00 00 00 BC
  can0  223   [8]  00 00 00 00 00 00 00 2D
  can0  2C6   [8]  00 00 00 00 00 00 00 D0
  can0  3A0   [8]  00 00 00 00 00 00 00 00
  can0  7DF   [8]  02 01 1F 00 00 00 00 00
  can0  610   [8]  20 00 00 64 00 00 00 00
  can0  7E8   [8]  04 41 1F 00 22 00 00 00
  can0  260   [8]  08 FF F4 00 00 00 00 65
  can0  0B0   [6]  00 00 00 00 11 09
  can0  0B2   [6]  00 00 00 00 11 09
  can0  224   [8]  00 00 00 00 00 00 00 00
  can0  2D5   [2]  00 00
  can0  442   [8]  40 02 00 00 02 00 00 00
  can0  0B4   [8]  00 00 00 00 00 00 00 BC
  can0  0BA   [4]  05 FE 00 C1
  can0  232   [4]  03 03 08 46
  can0  611   [8]  21 00 00 10 00 03 C1 4F
  can0  262   [5]  20 00 00 00 89
  can0  2C1   [8]  08 03 1B 03 2A D8 00 F6
  can0  620   [8]  10 00 00 00 30 40 00 50
  can0  0B0   [6]  00 00 00 00 11 0A
  can0  0B2   [6]  00 00 00 00 11 0A
  can0  2C5   [4]  00 05 C0 90
  can0  2C4   [8]  05 F7 00 1A 40 80 40 E4
  can0  260   [8]  08 FF F4 00 00 00 00 65
  can0  0B4   [8]  00 00 00 00 00 00 00 BC
  can0  223   [8]  00 00 00 00 00 00 00 2D
  can0  2D0   [8]  0B 9C 09 00 B0 9C 00 D6
  can0  0B0   [6]  00 00 00 00 11 0B
  can0  0B2   [6]  00 00 00 00 11 0B
  can0  224   [8]  00 00 00 00 00 00 00 00
  can0  2D5   [2]  00 00
  can0  2C6   [8]  00 00 00 00 00 00 00 D0
  can0  262   [5]  20 00 00 00 89
  can0  0B4   [8]  00 00 00 00 00 00 00 BC
  can0  0BA   [4]  05 FF 00 C2
  can0  232   [4]  03 03 08 46
  can0  0B0   [6]  00 00 00 00 11 0C
  can0  0B2   [6]  00 00 00 00 11 0C
  can0  260   [8]  08 FF F3 00 00 00 00 64
  can0  2C1   [8]  08 03 1F 03 27 D8 00 F7
  can0  2C4   [8]  05 F3 00 1A 40 80 40 E0
  can0  0B4   [8]  00 00 00 00 00 00 00 BC
  can0  223   [8]  00 00 00 00 00 00 00 2D
  can0  262   [5]  20 00 00 00 89
  can0  0B0   [6]  00 00 00 00 11 0D
  can0  0B2   [6]  00 00 00 00 11 0D
  can0  224   [8]  00 00 00 00 00 00 00 00
  can0  2D5   [2]  00 00
  can0  2D0   [8]  0B A0 09 00 B0 9C 00 DA
  can0  0B4   [8]  00 00 00 00 00 00 00 BC
  can0  0BA   [4]  05 FF 00 C2
  can0  232   [4]  03 03 08 46
  can0  260   [8]  08 FF F5 00 00 00 00 66
  can0  2C6   [8]  00 00 00 00 00 00 00 D0
  can0  0B0   [6]  00 00 00 00 11 0E
  can0  0B2   [6]  00 00 00 00 11 0E
  can0  2C5   [4]  00 05 C0 90
  can0  2C4   [8]  05 F3 00 1A 40 80 40 E0
  can0  0B4   [8]  00 00 00 00 00 00 00 BC
  can0  223   [8]  00 00 00 00 00 00 00 2D
  can0  262   [5]  20 00 00 00 89
  can0  2C1   [8]  08 03 1F 03 2C D8 00 FC
  can0  2D5   [2]  00 00
  can0  0B0   [6]  00 00 00 00 11 0F
  can0  0B2   [6]  00 00 00 00 11 0F
  can0  224   [8]  00 00 00 00 00 00 00 00
  can0  621   [8]  11 00 00 00 00 00 00 00
  can0  260   [8]  08 FF F5 00 00 00 00 66
  can0  0B4   [8]  00 00 00 00 00 00 00 BC
  can0  0BA   [4]  05 FF 00 C2
  can0  232   [4]  03 03 08 46
  can0  2D0   [8]  0B 9F 09 00 B0 9C 00 D9
  can0  0B0   [6]  00 00 00 00 11 00
  can0  0B2   [6]  00 00 00 00 11 00
  can0  262   [5]  20 00 00 00 89
  can0  2C4   [8]  05 FE 00 1A 40 80 40 EB
  can0  0B4   [8]  00 00 00 00 00 00 00 BC
  can0  223   [8]  00 00 00 00 00 00 00 2D
  can0  2C6   [8]  00 00 00 00 00 00 00 D0
  can0  622   [8]  12 00 00 00 00 00 00 00
  can0  3A0   [8]  00 00 00 00 00 00 00 00
  can0  2D5   [2]  00 00
  can0  0B0   [6]  00 00 00 00 11 01
  can0  0B2   [6]  00 00 00 00 11 01
  can0  224   [8]  00 00 00 00 00 00 00 00
  can0  260   [8]  08 FF F4 00 00 00 00 65
  can0  7DF   [8]  02 01 2F 00 00 00 00 00
  can0  624   [8]  1A 00 00 49 49 00 00 00
  can0  440   [8]  42 02 00 00 00 00 00 00
  can0  0B4   [8]  00 00 00 00 00 00 00 BC
  can0  0BA   [4]  05 FF 00 C2
  can0  232   [4]  03 03 08 46
  can0  2C1   [8]  08 03 1C 03 36 D8 00 03
  can0  262   [5]  20 00 00 00 89
  can0  0B0   [6]  00 00 00 00 11 02
  can0  0B2   [6]  00 00 00 00 11 02
  can0  630   [8]  17 00 00 00 00 00 00 00
  can0  2C4   [8]  05 F9 00 1A 40 80 40 E6
  can0  2C5   [4]  00 05 C0 90
  can0  2D0   [8]  0B A6 09 00 B0 9C 00 E0
  can0  0B4   [8]  00 00 00 00 00 00 00 BC
  can0  223   [8]  00 00 00 00 00 00 00 2D
  can0  260   [8]  08 FF F3 00 00 00 00 64
  can0  2D5   [2]  00 00
  can0  0B0   [6]  00 00 00 00 11 03
  can0  0B2   [6]  00 00 00 00 11 03
  can0  224   [8]  00 00 00 00 00 00 00 00
  can0  638   [8]  13 00 10 00 00 00 00 00
  can0  394   [1]  00
  can0  2C6   [8]  00 00 00 00 00 00 00 D0
  can0  0B4   [8]  00 00 00 00 00 00 00 BC
  can0  0BA   [4]  05 FE 00 C1
  can0  232   [4]  03 03 08 46
  can0  262   [5]  20 00 00 00 89
  can0  4DD   [8]  1E 00 00 05 00 00 00 00
  can0  0B0   [6]  00 00 00 00 11 04
  can0  0B2   [6]  00 00 00 00 11 04
  can0  2C1   [8]  08 03 20 03 33 D9 00 05
  can0  2C4   [8]  05 FB 00 1A 40 80 40 E8
  can0  640   [8]  A8 00 00 00 01 8A 00 00
  can0  260   [8]  08 FF F3 00 00 00 00 64
  can0  0B4   [8]  00 00 00 00 00 00 00 BC
  can0  223   [8]  00 00 00 00 00 00 00 2D
  can0  2D5   [2]  00 00
  can0  0B0   [6]  00 00 00 00 11 05
  can0  0B2   [6]  00 00 00 00 11 05
  can0  224   [8]  00 00 00 00 00 00 00 00
  can0  2D0   [8]  0B AC 09 00 B0 9C 00 E6
  can0  262   [5]  20 00 00 00 89
  can0  0B4   [8]  00 00 00 00 00 00 00 BC
  can0  0BA   [4]  06 00 00 C4
  can0  232   [4]  03 03 08 46
  can0  2C6   [8]  00 00 00 00 00 00 00 D0
  can0  0B0   [6]  00 00 00 00 11 06
  can0  0B2   [6]  00 00 00 00 11 06
  can0  260   [8]  08 FF F3 00 00 00 00 64
  can0  2C4   [8]  05 FC 00 1A 40 80 40 E9
  can0  2C5   [4]  00 05 C0 90
  can0  0B4   [8]  00 00 00 00 00 00 00 BC
  can0  223   [8]  00 00 00 00 00 00 00 2D
  can0  2C1   [8]  08 03 1C 03 34 D8 00 01
  can0  2D5   [2]  00 00
  can0  262   [5]  20 00 00 00 89
  can0  0B0   [6]  00 00 00 00 11 07
  can0  0B2   [6]  00 00 00 00 11 07
  can0  224   [8]  00 00 00 00 00 00 00 00
  can0  0B4   [8]  00 00 00 00 00 00 00 BC
  can0  0BA   [4]  06 00 00 C4
  can0  232   [4]  03 03 08 46
  can0  260   [8]  08 FF F3 00 00 00 00 64
  can0  2D0   [8]  0B AD 09 00 B0 9C 00 E7
  can0  0B0   [6]  00 00 00 00 11 08
  can0  0B2   [6]  00 00 00 00 11 08
  can0  3B3   [3]  05 FD 28
  can0  2C4   [8]  06 00 00 1A 40 80 40 EE
  can0  2C6   [8]  00 00 00 00 00 00 00 D0
  can0  0B4   [8]  00 00 00 00 00 00 00 BC
  can0  223   [8]  00 00 00 00 00 00 00 2D
  can0  262   [5]  20 00 00 00 89
  can0  2D5   [2]  00 00
  can0  0B0   [6]  00 00 00 00 11 09
  can0  0B2   [6]  00 00 00 00 11 09
  can0  224   [8]  00 00 00 00 00 00 00 00
  can0  3A0   [8]  00 00 00 00 00 00 00 00
  can0  442   [8]  40 02 00 00 02 00 00 00
  can0  260   [8]  08 FF F3 00 00 00 00 64
  can0  2C1   [8]  08 03 13 03 30 D8 00 F4
  can0  0B4   [8]  00 00 00 00 00 00 00 BC
  can0  0BA   [4]  05 FF 00 C2
  can0  232   [4]  03 03 08 46
  can0  38A   [5]  08 04 00 00 00
  can0  0B0   [6]  00 00 00 00 11 0A
  can0  0B2   [6]  00 00 00 00 11 0A
  can0  2C4   [8]  05 FE 00 1A 40 80 40 EB
  can0  262   [5]  20 00 00 00 89
  can0  2C5   [4]  00 05 C0 90
  can0  2D0   [8]  0B B3 09 00 B0 9C 00 ED
  can0  0B4   [8]  00 00 00 00 00 00 00 BC
  can0  223   [8]  00 00 00 00 00 00 00 2D
  can0  3B7   [8]  00 00 00 00 00 00 00 00
  can0  2D5   [2]  00 00
  can0  0B0   [6]  00 00 00 00 11 0B
  can0  0B2   [6]  00 00 00 00 11 0B
  can0  224   [8]  00 00 00 00 00 00 00 00
  can0  260   [8]  08 FF F3 00 00 00 00 64
  can0  2C6   [8]  00 00 00 00 00 00 00 D0
  can0  0B4   [8]  00 00 00 00 00 00 00 BC
  can0  0BA   [4]  05 FF 00 C2
  can0  232   [4]  03 03 08 46
  can0  262   [5]  20 00 00 00 89
  can0  2C4   [8]  05 FC 00 1A 40 80 40 E9
  can0  0B0   [6]  00 00 00 00 11 0C
  can0  0B2   [6]  00 00 00 00 11 0C
  can0  2C1   [8]  08 03 18 03 28 D8 00 F1
  can0  0B4   [8]  00 00 00 00 00 00 00 BC
  can0  223   [8]  00 00 00 00 00 00 00 2D
  can0  2D5   [2]  00 00
  can0  260   [8]  08 FF F3 00 00 00 00 64
  can0  2D0   [8]  0B B4 09 00 B0 9C 00 EE
  can0  0B0   [6]  00 00 00 00 11 0D
  can0  0B2   [6]  00 00 00 00 11 0D
  can0  224   [8]  00 00 00 00 00 00 00 00
  can0  262   [5]  20 00 00 00 89
  can0  0B4   [8]  00 00 00 00 00 00 00 BC
  can0  0BA   [4]  06 01 00 C5
  can0  232   [4]  03 03 08 46
  can0  2C6   [8]  00 00 00 00 00 00 00 D0
  can0  2C4   [8]  05 F8 00 1A 40 80 40 E5
  can0  0B0   [6]  00 00 00 00 11 0E
  can0  0B2   [6]  00 00 00 00 11 0E
  can0  2C5   [4]  00 05 C0 90
  can0  260   [8]  08 FF F3 00 00 00 00 64
  can0  0B4   [8]  00 00 00 00 00 00 00 BC
  can0  223   [8]  00 00 00 00 00 00 00 2D
  can0  2D5   [2]  00 00
  can0  2C1   [8]  08 03 1C 03 2C D8 00 F9
  can0  0B0   [6]  00 00 00 00 11 0F
  can0  0B2   [6]  00 00 00 00 11 0F
  can0  224   [8]  00 00 00 00 00 00 00 00
  can0  262   [5]  20 00 00 00 89
  can0  0B4   [8]  00 00 00 00 00 00 00 BC
  can0  0BA   [4]  06 00 00 C4
  can0  232   [4]  03 03 08 46
  can0  2D0   [8]  0B B0 09 00 B0 9C 00 EA
  can0  2C4   [8]  05 F7 00 1A 40 80 40 E4
  can0  260   [8]  08 FF F3 00 00 00 00 64
  can0  0B0   [6]  00 00 00 00 11 00
  can0  0B2   [6]  00 00 00 00 11 00
  can0  2C6   [8]  00 00 00 00 00 00 00 D0
  can0  0B4   [8]  00 00 00 00 00 00 00 BC
  can0  223   [8]  00 00 00 00 00 00 00 2D
  can0  2D5   [2]  00 00
  can0  262   [5]  20 00 00 00 89
  can0  0B0   [6]  00 00 00 00 11 01
  can0  0B2   [6]  00 00 00 00 11 01
  can0  224   [8]  00 00 00 00 00 00 00 00
  can0  440   [8]  42 02 00 00 00 00 00 00
  can0  2C1   [8]  08 03 1F 03 2C D8 00 FC
  can0  3A0   [8]  00 00 00 00 00 00 00 00
  can0  0B4   [8]  00 00 00 00 00 00 00 BC
  can0  0BA   [4]  06 00 00 C4
  can0  232   [4]  03 03 08 46
  can0  260   [8]  08 FF F3 00 00 00 00 64
  can0  2C4   [8]  05 FA 00 1A 40 80 40 E7
  can0  0B0   [6]  00 00 00 00 11 02
  can0  0B2   [6]  00 00 00 00 11 02
  can0  2C5   [4]  00 05 C0 90
  can0  2D0   [8]  0B AE 09 00 B0 9C 00 E8
  can0  262   [5]  20 00 00 00 89
  can0  0B4   [8]  00 00 00 00 00 00 00 BC
  can0  223   [8]  00 00 00 00 00 00 00 2D
  can0  2D5   [2]  00 00
  can0  620   [8]  10 00 00 00 30 40 00 50
  can0  2C6   [8]  00 00 00 00 00 00 00 D0
  can0  0B0   [6]  00 00 00 00 11 03
  can0  0B2   [6]  00 00 00 00 11 03
  can0  224   [8]  00 00 00 00 00 00 00 00
  can0  260   [8]  08 FF F3 00 00 00 00 64
  can0  0B4   [8]  00 00 00 00 00 00 00 BC
  can0  0BA   [4]  06 01 00 C5
  can0  232   [4]  03 03 08 46
  can0  2C4   [8]  05 FA 00 1A 40 80 40 E7
  can0  2C1   [8]  08 03 0F 03 1C D8 00 DC
  can0  0B0   [6]  00 00 00 00 11 04
  can0  0B2   [6]  00 00 00 00 11 04
  can0  262   [5]  20 00 00 00 89
  can0  2D5   [2]  00 00
  can0  0B4   [8]  00 00 00 00 00 00 00 BC
  can0  223   [8]  00 00 00 00 00 00 00 2D
  can0  2D0   [8]  0B AC 09 00 B0 9C 00 E6
  can0  260   [8]  08 FF F3 00 00 00 00 64
  can0  0B0   [6]  00 00 00 00 11 05
  can0  0B2   [6]  00 00 00 00 11 05
  can0  224   [8]  00 00 00 00 00 00 00 00
  can0  0B4   [8]  00 00 00 00 00 00 00 BC
  can0  0BA   [4]  06 01 00 C5
  can0  232   [4]  03 03 08 46
  can0  2C6   [8]  00 00 00 00 00 00 00 D0
  can0  2C4   [8]  05 FE 00 1A 40 80 40 EB
  can0  262   [5]  20 00 00 00 89
  can0  0B0   [6]  00 00 00 00 11 06
  can0  0B2   [6]  00 00 00 00 11 06
  can0  2C5   [4]  00 05 C0 90
  can0  2D5   [2]  00 00
  can0  3B1   [8]  00 00 02 2A A0 00 00 00
  can0  0B4   [8]  00 00 00 00 00 00 00 BC
  can0  223   [8]  00 00 00 00 00 00 00 2D
  can0  2C1   [8]  08 03 0D 03 22 D8 00 E0
  can0  260   [8]  08 FF F3 00 00 00 00 64
  can0  0B0   [6]  00 00 00 00 11 07
  can0  0B2   [6]  00 00 00 00 11 07
  can0  224   [8]  00 00 00 00 00 00 00 00
  can0  262   [5]  20 00 00 00 89
  can0  0B4   [8]  00 00 00 00 00 00 00 BC
  can0  0BA   [4]  06 01 00 C5
  can0  232   [4]  03 03 08 46
  can0  2D0   [8]  0B B0 09 00 B0 9C 00 EA
  can0  2C4   [8]  06 02 00 1A 40 80 40 F0
  can0  0B0   [6]  00 00 00 00 11 08
  can0  0B2   [6]  00 00 00 00 11 08
  can0  2C6   [8]  00 00 00 00 00 00 00 D0
  can0  260   [8]  08 FF F4 00 00 00 00 65
  can0  2D5   [2]  00 00
  can0  0B4   [8]  00 00 00 00 00 00 00 BC
  can0  223   [8]  00 00 00 00 00 00 00 2D
  can0  442   [8]  40 02 00 00 02 00 00 00
  can0  0B0   [6]  00 00 00 00 11 09
  can0  0B2   [6]  00 00 00 00 11 09
  can0  224   [8]  00 00 00 00 00 00 00 00
  can0  262   [5]  20 00 00 00 89
  can0  2C1   [8]  08 03 06 03 22 D8 00 D9
  can0  0B4   [8]  00 00 00 00 00 00 00 BC
  can0  0BA   [4]  06 01 00 C5
  can0  232   [4]  03 03 08 46
  can0  2C4   [8]  06 0A 00 1A 40 80 40 F8
  can0  3A0   [8]  00 00 00 00 00 00 00 00
  can0  260   [8]  08 FF F5 00 00 00 00 66
  can0  0B0   [6]  00 00 00 00 11 0A
  can0  0B2   [6]  00 00 00 00 11 0A
  can0  2C5   [4]  00 05 C0 90
  can0  2D0   [8]  0B B9 09 00 B0 9C 00 F3
  can0  2D5   [2]  00 00
  can0  0B4   [8]  00 00 00 00 00 00 00 BC
  can0  223   [8]  00 00 00 00 00 00 00 2D
  can0  262   [5]  20 00 00 00 89
  can0  2C6   [8]  00 00 00 00 00 00 00 D0
  can0  0B0   [6]  00 00 00 00 11 0B
  can0  0B2   [6]  00 00 00 00 11 0B
  can0  224   [8]  00 00 00 00 00 00 00 00
  can0  0B4   [8]  00 00 00 00 00 00 00 BC
  can0  0BA   [4]  06 01 00 C5
  can0  232   [4]  03 03 08 46
  can0  260   [8]  08 FF F3 00 00 00 00 64
  can0  2C4   [8]  06 0E 00 1A 40 80 40 FC
  can0  2C1   [8]  08 03 05 03 22 D8 00 D8
  can0  394   [1]  00
  can0  0B0   [6]  00 00 00 00 11 0C
  can0  0B2   [6]  00 00 00 00 11 0C
  can0  2D5   [2]  00 00
  can0  262   [5]  20 00 00 00 89
  can0  0B4   [8]  00 00 00 00 00 00 00 BC
  can0  223   [8]  00 00 00 00 00 00 00 2D
  can0  2D0   [8]  0B C4 09 00 B0 9C 00 FE
  can0  0B0   [6]  00 00 00 00 11 0D
  can0  0B2   [6]  00 00 00 00 11 0D
  can0  224   [8]  00 00 00 00 00 00 00 00
  can0  260   [8]  08 FF F4 00 00 00 00 65
  can0  2C6   [8]  00 00 00 00 00 00 00 D0
  can0  0B4   [8]  00 00 00 00 00 00 00 BC
  can0  0BA   [4]  06 00 00 C4
  can0  232   [4]  03 03 08 46
  can0  2C4   [8]  06 02 00 1A 40 80 40 F0
  can0  0B0   [6]  00 00 00 00 11 0E
  can0  0B2   [6]  00 00 00 00 11 0E
  can0  262   [5]  20 00 00 00 89
  can0  2C5   [4]  00 05 C0 90
  can0  2D5   [2]  00 00
  can0  7DF   [8]  02 01 0C 00 00 00 00 00
  can0  2C1   [8]  08 03 2E 03 1C D9 00 FC
  can0  7E8   [8]  04 41 0C 12 D2 00 00 00
  can0  0B4   [8]  00 00 00 00 00 00 00 BC
  can0  223   [8]  00 00 00 00 00 00 00 2D
  can0  260   [8]  08 FF F4 00 00 00 00 65
  can0  0B0   [6]  00 00 00 00 11 0F
  can0  0B2   [6]  00 00 00 00 11 0F
  can0  224   [8]  00 00 00 00 00 00 00 00
  can0  2D0   [8]  0B C6 09 00 B0 9C 00 00
  can0  2C4   [8]  06 06 00 1A 40 80 40 F4
  can0  0B4   [8]  00 00 00 00 00 00 00 BC
  can0  0BA   [4]  06 01 00 C5
  can0  232   [4]  03 03 08 46
  can0  262   [5]  20 00 00 00 89
  can0  0B0   [6]  00 00 00 00 11 00
  can0  0B2   [6]  00 00 00 00 11 00
  can0  2C6   [8]  00 00 00 00 00 00 00 D0
  can0  2D5   [2]  00 00
  can0  0B4   [8]  00 00 00 00 00 00 00 BC
  can0  223   [8]  00 00 00 00 00 00 00 2D
  can0  260   [8]  08 FF F4 00 00 00 00 65
  can0  440   [8]  42 02 00 00 00 00 00 00
  can0  0B0   [6]  00 00 00 00 11 01
  can0  0B2   [6]  00 00 00 00 11 01
  can0  224   [8]  00 00 00 00 00 00 00 00
  can0  2C1   [8]  08 02 F9 03 12 D7 00 BA
  can0  262   [5]  20 00 00 00 89
  can0  2C4   [8]  06 0F 00 1A 40 80 40 FD
  can0  0B4   [8]  00 00 00 00 00 00 00 BC
  can0  0BA   [4]  06 01 00 C5
  can0  232   [4]  03 03 08 46
  can0  0B0   [6]  00 00 00 00 11 02
  can0  0B2   [6]  00 00 00 00 11 02
  can0  2D0   [8]  0B C6 09 00 B0 9C 00 00
  can0  3A0   [8]  00 00 00 00 00 00 00 00
  can0  610   [8]  20 00 00 64 00 00 00 00
  can0  2C5   [4]  00 05 C0 90
  can0  2D5   [2]  00 00
  can0  260   [8]  08 FF F4 00 00 00 00 65
  can0  0B4   [8]  00 00 00 00 00 00 00 BC
  can0  223   [8]  00 00 00 00 00 00 00 2D
  can0  2C6   [8]  00 00 00 00 00 00 00 D0
  can0  262   [5]  20 00 00 00 89
  can0  0B0   [6]  00 00 00 00 11 03
  can0  0B2   [6]  00 00 00 00 11 03
  can0  224   [8]  00 00 00 00 00 00 00 00
  can0  2C4   [8]  06 01 00 1A 40 80 40 EF
  can0  0B4   [8]  00 00 00 00 00 00 00 BC
  can0  0BA   [4]  06 01 00 C5
  can0  232   [4]  03 03 08 46
  can0  3B7   [8]  00 00 00 00 00 00 00 00
  can0  2C1   [8]  08 02 EC 02 FF D7 00 99
  can0  260   [8]  08 FF F3 00 00 00 00 64
  can0  0B0   [6]  00 00 00 00 11 04
  can0  0B2   [6]  00 00 00 00 11 04
  can0  2D5   [2]  00 00
  can0  0B4   [8]  00 00 00 00 00 00 00 BC
  can0  223   [8]  00 00 00 00 00 00 00 2D
  can0  3B4   [8]  00 00 41 4C 80 00 00 00
  can0  262   [5]  20 00 00 00 89
  can0  2D0   [8]  0B CB 09 00 B0 9C 00 05
  can0  0B0   [6]  00 00 00 00 11 05
  can0  0B2   [6]  00 00 00 00 11 05
  can0  224   [8]  00 00 00 00 00 00 00 00
  can0  2C4   [8]  05 FE 00 1A 40 80 40 EB
  can0  2C6   [8]  00 00 00 00 00 00 00 D0
  can0  0B4   [8]  00 00 00 00 00 00 00 BC
  can0  0BA   [4]  06 00 00 C4
  can0  232   [4]  03 03 08 46
  can0  260   [8]  08 FF F3 00 00 00 00 64
  can0  0B0   [6]  00 00 00 00 11 06
  can0  0B2   [6]  00 00 00 00 11 06
  can0  2D5   [2]  00 00
  can0  2C5   [4]  00 05 C0 90
  can0  262   [5]  20 00 00 00 89
  can0  2C1   [8]  08 02 FF 03 07 D7 00 B5
  can0  0B4   [8]  00 00 00 00 00 00 00 BC
  can0  223   [8]  00 00 00 00 00 00 00 2D
  can0  4C1   [8]  01 00 09 08 00 00 00 00
  can0  7DF   [8]  02 01 0D 00 00 00 00 00
  can0  7E8   [8]  03 41 0D 00 00 00 00 00
  can0  0B0   [6]  00 00 00 00 11 07
  can0  0B2   [6]  00 00 00 00 11 07
  can0  224   [8]  00 00 00 00 00 00 00 00
  can0  260   [8]  08 FF F3 00 00 00 00 64
  can0  2C4   [8]  05 FE 00 1A 40 80 40 EB
  can0  2D0   [8]  0B C8 09 00 B0 9C 00 02
  can0  0B4   [8]  00 00 00 00 00 00 00 BC
  can0  0BA   [4]  06 01 00 C5
  can0  232   [4]  03 03 08 46
  can0  262   [5]  20 00 00 00 89
  can0  2C6   [8]  00 00 00 00 00 00 00 D0
  can0  0B0   [6]  00 00 00 00 11 08
  can0  0B2   [6]  00 00 00 00 11 08
  can0  2D5   [2]  00 00
  can0  0B4   [8]  00 00 00 00 00 00 00 BC
  can0  223   [8]  00 00 00 00 00 00 00 2D
  can0  442   [8]  40 02 00 00 02 00 00 00
  can0  260   [8]  08 FF F3 00 00 00 00 64
  can0  2C1   [8]  08 03 0D 03 1A D8 00 D8
  can0  0B0   [6]  00 00 00 00 11 09
  can0  0B2   [6]  00 00 00 00 11 09
  can0  224   [8]  00 00 00 00 00 00 00 00
  can0  2C4   [8]  06 00 00 1A 40 80 40 EE
  can0  0B4   [8]  00 00 00 00 00 00 00 BC
  can0  0BA   [4]  06 01 00 C5
  can0  232   [4]  03 03 08 46
  can0  262   [5]  20 00 00 00 89
  can0  2D0   [8]  0B C0 09 00 B0 9C 00 FA
  can0  2D5   [2]  00 00
  can0  0B0   [6]  00 00 00 00 11 0A
  can0  0B2   [6]  00 00 00 00 11 0A
  can0  2C5   [4]  00 05 C0 90
  can0  3A0   [8]  00 00 00 00 00 00 00 00
  can0  260   [8]  08 FF F3 00 00 00 00 64
  can0  0B4   [8]  00 00 00 00 00 00 00 BC
  can0  223   [8]  00 00 00 00 00 00 00 2D
  can0  2C6   [8]  00 00 00 00 00 00 00 D0
  can0  0B0   [6]  00 00 00 00 11 0B
  can0  0B2   [6]  00 00 00 00 11 0B
  can0  224   [8]  00 00 00 00 00 00 00 00
  can0  2C4   [8]  06 03 00 1A 40 80 40 F1
  can0  262   [5]  20 00 00 00 89
  can0  0B4   [8]  00 00 00 00 00 00 00 BC
  can0  0BA   [4]  05 FF 00 C2
  can0  232   [4]  03 03 08 46
  can0  2C1   [8]  08 03 03 03 10 D8 00 C4
  can0  4C8   [8]  09 00 01 06 00 00 00 00
  can0  620   [8]  10 00 00 00 30 40 00 50
  can0  2D5   [2]  00 00
  can0  0B0   [6]  00 00 00 00 11 0C
  can0  0B2   [6]  00 00 00 00 11 0C
  can0  260   [8]  08 FF F3 00 00 00 00 64
  can0  0B4   [8]  00 00 00 00 00 00 00 BC
  can0  223   [8]  00 00 00 00 00 00 00 2D
  can0  2D0   [8]  0B BF 09 00 B0 9C 00 F9
  can0  262   [5]  20 00 00 00 89
  can0  0B0   [6]  00 00 00 00 11 0D
  can0  0B2   [6]  00 00 00 00 11 0D
  can0  224   [8]  00 00 00 00 00 00 00 00
  can0  2C4   [8]  06 01 00 1A 40 80 40 EF
  can0  2C6   [8]  00 00 00 00 00 00 00 D0
  can0  0B4   [8]  00 00 00 00 00 00 00 BC
  can0  0BA   [4]  06 01 00 C5
  can0  232   [4]  03 03 08 46
  can0  260   [8]  08 FF F3 00 00 00 00 64
  can0  2D5   [2]  00 00
  can0  0B0   [6]  00 00 00 00 11 0E
  can0  0B2   [6]  00 00 00 00 11 0E
  can0  2C5   [4]  00 05 C0 90
  can0  2C1   [8]  08 03 0C 03 18 D8 00 D5
  can0  0B4   [8]  00 00 00 00 00 00 00 BC
  can0  223   [8]  00 00 00 00 00 00 00 2D
  can0  262   [5]  20 00 00 00 89
  can0  0B0   [6]  00 00 00 00 11 0F
  can0  0B2   [6]  00 00 00 00 11 0F
  can0  224   [8]  00 00 00 00 00 00 00 00
  can0  4C3   [8]  04 00 12 07 00 00 00 00
  can0  2C4   [8]  05 FD 00 1A 40 80 40 EA
  can0  2D0   [8]  0B BE 09 00 B0 9C 00 F8
  can0  7DF   [8]  02 01 04 00 00 00 00 00
  can0  260   [8]  08 FF F3 00 00 00 00 64
  can0  7E8   [8]  03 41 04 8C 00 00 00 00
  can0  0B4   [8]  00 00 00 00 00 00 00 BC
  can0  0BA   [4]  06 00 00 C4
  can0  232   [4]  03 03 08 46
  can0  2D5   [2]  00 00
  can0  2C6   [8]  00 00 00 00 00 00 00 D0
  can0  0B0   [6]  00 00 00 00 11 00
  can0  0B2   [6]  00 00 00 00 11 00
  can0  262   [5]  20 00 00 00 89
  can0  0B4   [8]  00 00 00 00 00 00 00 BC
  can0  223   [8]  00 00 00 00 00 00 00 2D
  can0  440   [8]  42 02 00 00 00 00 00 00
  can0  2C1   [8]  08 03 19 03 1F D8 00 E9
  can0  0B0   [6]  00 00 00 00 11 01
  can0  0B2   [6]  00 00 00 00 11 01
  can0  224   [8]  00 00 00 00 00 00 00 00
  can0  2C4   [8]  05 F9 00 1A 40 80 40 E6
  can0  260   [8]  08 FF F3 00 00 00 00 64
  can0  0B4   [8]  00 00 00 00 00 00 00 BC
  can0  0BA   [4]  05 FF 00 C2
  can0  232   [4]  03 03 08 46
  can0  2D5   [2]  00 00
  can0  2D0   [8]  0B BA 09 00 B0 9C 00 F4
  can0  262   [5]  20 00 00 00 89
  can0  0B0   [6]  00 00 00 00 11 02
  can0  0B2   [6]  00 00 00 00 11 02
  can0  2C5   [4]  00 05 C0 90
  can0  3B3   [3]  05 F7 28
  can0  2C6   [8]  00 00 00 00 00 00 00 D0
  can0  0B4   [8]  00 00 00 00 00 00 00 BC
  can0  223   [8]  00 00 00 00 00 00 00 2D
  can0  3A0   [8]  00 00 00 00 00 00 00 00
  can0  260   [8]  08 FF F3 00 00 00 00 64
  can0  0B0   [6]  00 00 00 00 11 03
  can0  0B2   [6]  00 00 00 00 11 03
  can0  224   [8]  00 00 00 00 00 00 00 00
  can0  2C4   [8]  05 F8 00 1A 40 80 40 E5
  can0  0B4   [8]  00 00 00 00 00 00 00 BC
  can0  0BA   [4]  06 00 00 C4
  can0  232   [4]  03 03 08 46
  can0  2C1   [8]  08 03 18 03 14 D8 00 DD
  can0  262   [5]  20 00 00 00 89
  can0  2D5   [2]  00 00
  can0  0B0   [6]  00 00 00 00 11 04
  can0  0B2   [6]  00 00 00 00 11 04
  can0  260   [8]  08 FF F3 00 00 00 00 64
  can0  2D0   [8]  0B B2 09 00 B0 9C 00 EC
  can0  0B4   [8]  00 00 00 00 00 00 00 BC
  can0  223   [8]  00 00 00 00 00 00 00 2D
  can0  394   [1]  00
  can0  2C4   [8]  05 F1 00 1A 40 80 40 DE
  can0  0B0   [6]  00 00 00 00 11 05
  can0  0B2   [6]  00 00 00 00 11 05
  can0  224   [8]  00 00 00 00 00 00 00 00
  can0  2C6   [8]  00 00 00 00 00 00 00 D0
  can0  262   [5]  20 00 00 00 89
  can0  0B4   [8]  00 00 00 00 00 00 00 BC
  can0  0BA   [4]  05 FF 00 C2
  can0  232   [4]  03 03 08 46
  can0  2D5   [2]  00 00
  can0  0B0   [6]  00 00 00 00 11 06
  can0  0B2   [6]  00 00 00 00 11 06
  can0  260   [8]  08 FF F4 00 00 00 00 65
  can0  2C5   [4]  00 05 C0 90
  can0  2C1   [8]  08 03 1E 03 0F D8 00 DE
  can0  0B4   [8]  00 00 00 00 00 00 00 BC
  can0  223   [8]  00 00 00 00 00 00 00 2D
  can0  262   [5]  20 00 00 00 89
  can0  2C4   [8]  05 EB 00 1A 40 80 40 D8
  can0  0B0   [6]  00 00 00 00 11 07
  can0  0B2   [6]  00 00 00 00 11 07
  can0  224   [8]  00 00 00 00 00 00 00 00
  can0  2D0   [8]  0B A8 09 00 B0 9C 00 E2
  can0  0B4   [8]  00 00 00 00 00 00 00 BC
  can0  0BA   [4]  05 FF 00 C2
  can0  232   [4]  03 03 08 46
  can0  2D5   [2]  00 00
  can0  260   [8]  08 FF F5 00 00 00 00 66
  can0  2C6   [8]  00 00 00 00 00 00 00 D0
  can0  7DF   [8]  02 01 05 00 00 00 00 00
  can0  7E8   [8]  03 41 05 48 00 00 00 00
  can0  0B0   [6]  00 00 00 00 11 08
  can0  0B2   [6]  00 00 00 00 11 08
  can0  442   [8]  40 02 00 00 02 00 00 00
  can0  0B4   [8]  00 00 00 00 00 00 00 BC
  can0  223   [8]  00 00 00 00 00 00 00 2D
  can0  262   [5]  20 00 00 00 89
  can0  2C1   [8]  08 03 2A 03 01 D9 00 DD
  can0  2C4   [8]  05 EC 00 1A 40 80 40 D9
  can0  0B0   [6]  00 00 00 00 11 09
  can0  0B2   [6]  00 00 00 00 11 09
  can0  224   [8]  00 00 00 00 00 00 00 00
  can0  398   [2]  02 01
  can0  260   [8]  08 FF F4 00 00 00 00 65
  can0  0B4   [8]  00 00 00 00 00 00 00 BC
  can0  0BA   [4]  05 FF 00 C2
  can0  232   [4]  03 03 08 46
  can0  2D5   [2]  00 00
  can0  2D0   [8]  0B 9E 09 00 B0 9C 00 D8
  can0  0B0   [6]  00 00 00 00 11 0A
  can0  0B2   [6]  00 00 00 00 11 0A
  can0  2C5   [4]  00 05 C0 90
  can0  262   [5]  20 00 00 00 89
  can0  2C6   [8]  00 00 00 00 00 00 00 D0
  can0  0B4   [8]  00 00 00 00 00 00 00 BC
  can0  223   [8]  00 00 00 00 00 00 00 2D
  can0  2C4   [8]  05 F1 00 1A 40 80 40 DE
  can0  3A0   [8]  00 00 00 00 00 00 00 00
  can0  260   [8]  08 FF F4 00 00 00 00 65
  can0  0B0   [6]  00 00 00 00 11 0B
  can0  0B2   [6]  00 00 00 00 11 0B
  can0  224   [8]  00 00 00 00 00 00 00 00
  can0  2C1   [8]  08 03 1C 03 0E D8 00 DB
  can0  2D5   [2]  00 00
  can0  0B4   [8]  00 00 00 00 00 00 00 BC
  can0  0BA   [4]  05 FF 00 C2
  can0  232   [4]  03 03 08 46
  can0  262   [5]  20 00 00 00 89
  can0  0B0   [6]  00 00 00 00 11 0C
  can0  0B2   [6]  00 00 00 00 11 0C
  can0  2D0   [8]  0B 99 09 00 B0 9C 00 D3
  can0  0B4   [8]  00 00 00 00 00 00 00 BC
  can0  223   [8]  00 00 00 00 00 00 00 2D
  can0  3B7   [8]  00 00 00 00 00 00 00 00
  can0  260   [8]  08 FF F3 00 00 00 00 64
  can0  2C4   [8]  05 E7 00 1A 40 80 40 D4
  can0  0B0   [6]  00 00 00 00 11 0D
  can0  0B2   [6]  00 00 00 00 11 0D
  can0  224   [8]  00 00 00 00 00 00 00 00
  can0  2C6   [8]  00 00 00 00 00 00 00 D0
  can0  3D6   [7]  00 00 00 00 00 00 00
  can0  4DC   [8]  1D 00 01 07 00 00 00 00
  can0  2D5   [2]  00 00
  can0  262   [5]  20 00 00 00 89
  can0  0B4   [8]  00 00 00 00 00 00 00 BC
  can0  0BA   [4]  05 FE 00 C1
  can0  232   [4]  03 03 08 46
  can0  0B0   [6]  00 00 00 00 11 0E
  can0  0B2   [6]  00 00 00 00 11 0E
  can0  2C1   [8]  08 03 2D 03 0C D9 00 EB
  can0  2C5   [4]  00 05 C0 90
  can0  260   [8]  08 FF F3 00 00 00 00 64
  can0  0B4   [8]  00 00 00 00 00 00 00 BC
  can0  223   [8]  00 00 00 00 00 00 00 2D
  can0  2C4   [8]  05 E1 00 1A 40 80 40 CE
  can0  2D0   [8]  0B 8F 09 00 B0 9C 00 C9
  can0  0B0   [6]  00 00 00 00 11 0F
  can0  0B2   [6]  00 00 00 00 11 0F
  can0  224   [8]  00 00 00 00 00 00 00 00
  can0  262   [5]  20 00 00 00 89
  can0  2D5   [2]  00 00
  can0  0B4   [8]  00 00 00 00 00 00 00 BC
  can0  0BA   [4]  05 FF 00 C2
  can0  232   [4]  03 03 08 46
  can0  2C6   [8]  00 00 00 00 00 00 00 D0
  can0  260   [8]  08 FF F3 00 00 00 00 64
  can0  0B0   [6]  00 00 00 00 11 00
  can0  0B2   [6]  00 00 00 00 11 00
  can0  7DF   [8]  02 01 0F 00 00 00 00 00
  can0  7E8   [8]  03 41 0F 42 00 00 00 00
  can0  0B4   [8]  00 00 00 00 00 00 00 BC
  can0  223   [8]  00 00 00 00 00 00 00 2D
  can0  440   [8]  42 02 00 00 00 00 00 00
  can0  2C1   [8]  08 03 3D 03 10 D9 00 FF
  can0  2C4   [8]  05 E3 00 1A 40 80 40 D0
  can0  3B0   [5]  00 00 00 48 00
  can0  262   [5]  20 00 00 00 89
  can0  0B0   [6]  00 00 00 00 11 01
  can0  0B2   [6]  00 00 00 00 11 01
  can0  224   [8]  00 00 00 00 00 00 00 00
  can0  2D5   [2]  00 00
  can0  0B4   [8]  00 00 00 00 00 00 00 BC
  can0  0BA   [4]  06 00 00 C4
  can0  232   [4]  03 03 08 46
  can0  2D0   [8]  0B 87 09 00 B0 9C 00 C1
  can0  260   [8]  08 FF F3 00 00 00 00 64
  can0  0B0   [6]  00 00 00 00 11 02
  can0  0B2   [6]  00 00 00 00 11 02
  can0  2C5   [4]  00 05 C0 90
  can0  2C6   [8]  00 00 00 00 00 00 00 D0
  can0  262   [5]  20 00 00 00 89
  can0  0B4   [8]  00 00 00 00 00 00 00 BC
  can0  223   [8]  00 00 00 00 00 00 00 2D
  can0  2C4   [8]  05 F4 00 1A 40 80 40 E1
  can0  0B0   [6]  00 00 00 00 11 03
  can0  0B2   [6]  00 00 00 00 11 03
  can0  224   [8]  00 00 00 00 00 00 00 00
  can0  3A0   [8]  00 00 00 00 00 00 00 00
  can0  260   [8]  08 FF F3 00 00 00 00 64
  can0  2C1   [8]  08 03 1E 03 15 D8 00 E4
  can0  2D5   [2]  00 00
  can0  0B4   [8]  00 00 00 00 00 00 00 BC
  can0  0BA   [4]  06 00 00 C4
  can0  232   [4]  03 03 08 46
  can0  0B0   [6]  00 00 00 00 11 04
  can0  0B2   [6]  00 00 00 00 11 04
  can0  262   [5]  20 00 00 00 89
  can0  2D0   [8]  0B 8C 09 00 B0 9C 00 C6
  can0  0B4   [8]  00 00 00 00 00 00 00 BC
  can0  223   [8]  00 00 00 00 00 00 00 2D
  can0  2C4   [8]  05 F4 00 1A 40 80 40 E1
  can0  620   [8]  10 00 00 00 30 40 00 50
  can0  2C6   [8]  00 00 00 00 00 00 00 D0
  can0  260   [8]  08 FF F3 00 00 00 00 64
  can0  0B0   [6]  00 00 00 00 11 05
  can0  0B2   [6]  00 00 00 00 11 05
  can0  224   [8]  00 00 00 00 00 00 00 00
  can0  2D5   [2]  00 00
  can0  0B4   [8]  00 00 00 00 00 00 00 BC
  can0  0BA   [4]  06 00 00 C4
  can0  232   [4]  03 03 08 46
  can0  380   [8]  00 20 00 00 00 00 27 00
  can0  262   [5]  20 00 00 00 89
  can0  2C1   [8]  08 03 1D 03 14 D8 00 E2
  can0  2C5   [4]  00 05 C0 90
  can0  0B0   [6]  00 00 00 00 11 06
  can0  0B2   [6]  00 00 00 00 11 06
  can0  2C4   [8]  05 EA 00 1A 40 80 40 D7
  can0  0B4   [8]  00 00 00 00 00 00 00 BC
  can0  223   [8]  00 00 00 00 00 00 00 2D
  can0  260   [8]  08 FF F3 00 00 00 00 64
  can0  2D0   [8]  0B 90 09 00 B0 9C 00 CA
  can0  0B0   [6]  00 00 00 00 11 07
  can0  0B2   [6]  00 00 00 00 11 07
  can0  224   [8]  00 00 00 00 00 00 00 00
  can0  2D5   [2]  00 00
  can0  262   [5]  20 00 00 00 89
  can0  0B4   [8]  00 00 00 00 00 00 00 BC
  can0  0BA   [4]  06 01 00 C5
  can0  232   [4]  03 03 08 46
  can0  2C6   [8]  00 00 00 00 00 00 00 D0
  can0  0B0   [6]  00 00 00 00 11 08
  can0  0B2   [6]  00 00 00 00 11 08
  can0  442   [8]  40 02 00 00 02 00 00 00
  can0  3A1   [8]  00 00 00 00 00 00 00 00
  can0  260   [8]  08 FF F3 00 00 00 00 64
  can0  2C4   [8]  05 E9 00 1A 40 80 40 D6
  can0  0B4   [8]  00 00 00 00 00 00 00 BC
  can0  223   [8]  00 00 00 00 00 00 00 2D
  can0  2C1   [8]  08 03 3B 03 15 D9 00 02
  can0  7DF   [8]  02 01 0B 00 00 00 00 00
  can0  0B0   [6]  00 00 00 00 11 09
  can0  0B2   [6]  00 00 00 00 11 09
  can0  224   [8]  00 00 00 00 00 00 00 00
  can0  262   [5]  20 00 00 00 89
  can0  2D5   [2]  00 00
  can0  2D0   [8]  0B 91 09 00 B0 9C 00 CB
  can0  0B4   [8]  00 00 00 00 00 00 00 BC
  can0  0BA   [4]  06 01 00 C5
  can0  232   [4]  03 03 08 46
  can0  260   [8]  08 FF F3 00 00 00 00 64
  can0  2C5   [4]  00 05 C0 90
  can0  0B0   [6]  00 00 00 00 11 0A
  can0  0B2   [6]  00 00 00 00 11 0A
  can0  2C6   [8]  00 00 00 00 00 00 00 D0
  can0  2C4   [8]  05 F1 00 1A 40 80 40 DE
  can0  0B4   [8]  00 00 00 00 00 00 00 BC
  can0  223   [8]  00 00 00 00 00 00 00 2D
  can0  262   [5]  20 00 00 00 89
  can0  0B0   [6]  00 00 00 00 11 0B
  can0  0B2   [6]  00 00 00 00 11 0B
  can0  224   [8]  00 00 00 00 00 00 00 00
  can0  2D5   [2]  00 00
  can0  2C1   [8]  08 03 1F 03 16 D8 00 E6
  can0  3A0   [8]  00 00 00 00 00 00 00 00
  can0  0B4   [8]  00 00 00 00 00 00 00 BC
  can0  0BA   [4]  06 01 00 C5
  can0  232   [4]  03 03 08 46
  can0  260   [8]  08 FF F3 00 00 00 00 64
  can0  610   [8]  20 00 00 64 00 00 00 00
  can0  0B0   [6]  00 00 00 00 11 0C
  can0  0B2   [6]  00 00 00 00 11 0C
  can0  2D0   [8]  0B 91 09 00 B0 9C 00 CB
  can0  2C4   [8]  05 F5 00 1A 40 80 40 E2
  can0  262   [5]  20 00 00 00 89
  can0  0B4   [8]  00 00 00 00 00 00 00 BC
  can0  223   [8]  00 00 00 00 00 00 00 2D
  can0  611   [8]  21 00 00 10 00 03 C1 4F
  can0  2C6   [8]  00 00 00 00 00 00 00 D0
  can0  0B0   [6]  00 00 00 00 11 0D
  can0  0B2   [6]  00 00 00 00 11 0D
  can0  224   [8]  00 00 00 00 00 00 00 00
  can0  2D5   [2]  00 00
  can0  260   [8]  08 FF F3 00 00 00 00 64
  can0  0B4   [8]  00 00 00 00 00 00 00 BC
  can0  0BA   [4]  06 01 00 C5
  can0  232   [4]  03 03 08 46
  can0  394   [1]  00
  can0  2C1   [8]  08 03 13 03 10 D8 00 D4
  can0  2C5   [4]  00 05 C0 90
  can0  0B0   [6]  00 00 00 00 11 0E
  can0  0B2   [6]  00 00 00 00 11 0E
  can0  262   [5]  20 00 00 00 89
  can0  2C4   [8]  05 F5 00 1A 40 80 40 E2
  can0  0B4   [8]  00 00 00 00 00 00 00 BC
  can0  223   [8]  00 00 00 00 00 00 00 2D
  can0  2D0   [8]  0B 9A 09 00 B0 9C 00 D4
  can0  260   [8]  08 FF F3 00 00 00 00 64
  can0  2D5   [2]  00 00
  can0  0B0   [6]  00 00 00 00 11 0F
  can0  0B2   [6]  00 00 00 00 11 0F
  can0  224   [8]  00 00 00 00 00 00 00 00
  can0  2C6   [8]  00 00 00 00 00 00 00 D0
  can0  0B4   [8]  00 00 00 00 00 00 00 BC
  can0  0BA   [4]  06 01 00 C5
  can0  232   [4]  03 03 08 46
  can0  262   [5]  20 00 00 00 89
  can0  0B0   [6]  00 00 00 00 11 00
  can0  0B2   [6]  00 00 00 00 11 00
  can0  2C4   [8]  05 F5 00 1A 40 80 40 E2
  can0  440   [8]  42 02 00 00 00 00 00 00
  can0  2C1   [8]  08 03 18 03 11 D8 00 DA
  can0  0B4   [8]  00 00 00 00 00 00 00 BC
  can0  223   [8]  00 00 00 00 00 00 00 2D
  can0  260   [8]  08 FF F3 00 00 00 00 64
  can0  2D5   [2]  00 00
  can0  0B0   [6]  00 00 00 00 11 01
  can0  0B2   [6]  00 00 00 00 11 01
  can0  224   [8]  00 00 00 00 00 00 00 00
  can0  262   [5]  20 00 00 00 89
  can0  2D0   [8]  0B 9E 09 00 B0 9C 00 D8
  can0  0B4   [8]  00 00 00 00 00 00 00 BC
  can0  0BA   [4]  06 02 00 C6
  can0  232   [4]  03 03 08 46
  can0  2C5   [4]  00 05 C0 90
  can0  0B0   [6]  00 00 00 00 11 02
  can0  0B2   [6]  00 00 00 00 11 02
  can0  2C6   [8]  00 00 00 00 00 00 00 D0
  can0  260   [8]  08 FF F4 00 00 00 00 65
  can0  2C4   [8]  05 F6 00 1A 40 80 40 E3
  can0  621   [8]  11 00 00 00 00 00 00 00
  can0  0B4   [8]  00 00 00 00 00 00 00 BC
  can0  223   [8]  00 00 00 00 00 00 00 2D
  can0  2D5   [2]  00 00
  can0  262   [5]  20 00 00 00 89
  can0  0B0   [6]  00 00 00 00 11 03
  can0  0B2   [6]  00 00 00 00 11 03
  can0  224   [8]  00 00 00 00 00 00 00 00
  can0  2C1   [8]  08 03 12 03 0F D8 00 D2
  can0  0B4   [8]  00 00 00 00 00 00 00 BC
  can0  0BA   [4]  06 01 00 C5
  can0  232   [4]  03 03 08 46
  can0  622   [8]  12 00 00 00 00 00 00 00
  can0  3A0   [8]  00 00 00 00 00 00 00 00
  can0  260   [8]  08 FF F4 00 00 00 00 65
  can0  2D0   [8]  0B A3 09 00 B0 9C 00 DD
  can0  0B0   [6]  00 00 00 00 11 04
  can0  0B2   [6]  00 00 00 00 11 04
  can0  2C4   [8]  05 F6 00 1A 40 80 40 E3
  can0  624   [8]  1A 00 00 49 49 00 00 00
  can0  0B4   [8]  00 00 00 00 00 00 00 BC
  can0  223   [8]  00 00 00 00 00 00 00 2D
  can0  262   [5]  20 00 00 00 89
  can0  2C6   [8]  00 00 00 00 00 00 00 D0
  can0  2D5   [2]  00 00
  can0  0B0   [6]  00 00 00 00 11 05
  can0  0B2   [6]  00 00 00 00 11 05
  can0  224   [8]  00 00 00 00 00 00 00 00
  can0  630   [8]  17 00 00 00 00 00 00 00
  can0  260   [8]  08 FF F4 00 00 00 00 65
  can0  0B4   [8]  00 00 00 00 00 00 00 BC
  can0  0BA   [4]  06 00 00 C4
  can0  232   [4]  03 03 08 46
  can0  3B7   [8]  00 00 00 00 00 00 00 00
  can0  2C1   [8]  08 03 1F 03 1D D8 00 ED
  can0  2C5   [4]  00 05 C0 90
  can0  0B0   [6]  00 00 00 00 11 06
  can0  0B2   [6]  00 00 00 00 11 06
  can0  2C4   [8]  05 EF 00 1A 40 80 40 DC
  can0  638   [8]  13 00 10 00 00 00 00 00
  can0  262   [5]  20 00 00 00 89
  can0  0B4   [8]  00 00 00 00 00 00 00 BC
  can0  223   [8]  00 00 00 00 00 00 00 2D
  can0  2D0   [8]  0B A5 09 00 B0 9C 00 DF
  can0  2D5   [2]  00 00
  can0  0B0   [6]  00 00 00 00 11 07
  can0  0B2   [6]  00 00 00 00 11 07
  can0  224   [8]  00 00 00 00 00 00 00 00
  can0  640   [8]  A8 00 00 00 01 88 00 00
  can0  260   [8]  08 FF F4 00 00 00 00 65
  can0  2C6   [8]  00 00 00 00 00 00 00 D0
  can0  4DD   [8]  1E 00 00 05 00 00 00 00
  can0  0B4   [8]  00 00 00 00 00 00 00 BC
  can0  0BA   [4]  06 01 00 C5
  can0  232   [4]  03 03 08 46
  can0  442   [8]  40 02 00 00 02 00 00 00
  can0  262   [5]  20 00 00 00 89
  can0  0B0   [6]  00 00 00 00 11 08
  can0  0B2   [6]  00 00 00 00 11 08
  can0  2C4   [8]  05 EB 00 1A 40 80 40 D8
  can0  2C1   [8]  08 03 24 03 12 D9 00 E8
  can0  0B4   [8]  00 00 00 00 00 00 00 BC
  can0  223   [8]  00 00 00 00 00 00 00 2D
  can0  2D5   [2]  00 00
  can0  260   [8]  08 FF F5 00 00 00 00 66
  can0  0B0   [6]  00 00 00 00 11 09
  can0  0B2   [6]  00 00 00 00 11 09
  can0  224   [8]  00 00 00 00 00 00 00 00
  can0  2D0   [8]  0B A0 09 00 B0 9C 00 DA
  can0  0B4   [8]  00 00 00 00 00 00 00 BC
  can0  0BA   [4]  06 01 00 C5
  can0  232   [4]  03 03 08 46
  can0  262   [5]  20 00 00 00 89
  can0  2C5   [4]  00 05 C0 90
  can0  2C6   [8]  00 00 00 00 00 00 00 D0
  can0  2C4   [8]  05 E8 00 1A 40 80 40 D5
  can0  0B0   [6]  00 00 00 00 11 0A
  can0  0B2   [6]  00 00 00 00 11 0A
  can0  260   [8]  08 FF F4 00 00 00 00 65
  can0  0B4   [8]  00 00 00 00 00 00 00 BC
  can0  223   [8]  00 00 00 00 00 00 00 2D
  can0  2D5   [2]  00 00
  can0  2C1   [8]  08 03 22 03 0B D9 00 DF
  can0  0B0   [6]  00 00 00 00 11 0B
  can0  0B2   [6]  00 00 00 00 11 0B
  can0  224   [8]  00 00 00 00 00 00 00 00
  can0  262   [5]  20 00 00 00 89
  can0  0B4   [8]  00 00 00 00 00 00 00 BC
  can0  0BA   [4]  05 FF 00 C2
  can0  232   [4]  03 03 08 46
  can0  2D0   [8]  0B 98 09 00 B0 9C 00 D2
  can0  2C4   [8]  05 F1 00 1A 40 80 40 DE
  can0  0B0   [6]  00 00 00 00 11 0C
  can0  0B2   [6]  00 00 00 00 11 0C
  can0  3A0   [8]  00 00 00 00 00 00 00 00
  can0  260   [8]  08 FF F3 00 00 00 00 64
  can0  0B4   [8]  00 00 00 00 00 00 00 BC
  can0  223   [8]  00 00 00 00 00 00 00 2D
  can0  2C6   [8]  00 00 00 00 00 00 00 D0
  can0  2D5   [2]  00 00
  can0  3B3   [3]  05 F3 28
  can0  262   [5]  20 00 00 00 89
  can0  0B0   [6]  00 00 00 00 11 0D
  can0  0B2   [6]  00 00 00 00 11 0D
  can0  224   [8]  00 00 00 00 00 00 00 00
  can0  0B4   [8]  00 00 00 00 00 00 00 BC
  can0  0BA   [4]  05 FF 00 C2
  can0  232   [4]  03 03 08 46
  can0  2C1   [8]  08 03 1E 03 17 D8 00 E6
  can0  620   [8]  10 00 00 00 30 40 00 50
  can0  260   [8]  08 FF F3 00 00 00 00 64
  can0  2C4   [8]  05 F4 00 1A 40 80 40 E1
  can0  2C5   [4]  00 05 C0 90
  can0  0B0   [6]  00 00 00 00 11 0E
  can0  0B2   [6]  00 00 00 00 11 0E
  can0  2D0   [8]  0B 99 09 00 B0 9C 00 D3
  can0  0B4   [8]  00 00 00 00 00 00 00 BC
  can0  223   [8]  00 00 00 00 00 00 00 2D
  can0  262   [5]  20 00 00 00 89
  can0  2D5   [2]  00 00
  can0  0B0   [6]  00 00 00 00 11 0F
  can0  0B2   [6]  00 00 00 00 11 0F
  can0  224   [8]  00 00 00 00 00 00 00 00
  can0  2C6   [8]  00 00 00 00 00 00 00 D0
  can0  260   [8]  08 FF F3 00 00 00 00 64
  can0  0B4   [8]  00 00 00 00 00 00 00 BC
  can0  0BA   [4]  05 FF 00 C2
  can0  232   [4]  03 03 08 46
  can0  2C4   [8]  05 EE 00 1A 40 80 40 DB
  can0  0B0   [6]  00 00 00 00 11 00
  can0  0B2   [6]  00 00 00 00 11 00
  can0  440   [8]  42 02 00 00 00 00 00 00
  can0  2C1   [8]  08 03 23 03 19 D9 00 EE
  can0  262   [5]  20 00 00 00 89
  can0  0B4   [8]  00 00 00 00 00 00 00 BC
  can0  223   [8]  00 00 00 00 00 00 00 2D
  can0  2D5   [2]  00 00
  can0  0B0   [6]  00 00 00 00 11 01
  can0  0B2   [6]  00 00 00 00 11 01
  can0  224   [8]  00 00 00 00 00 00 00 00
  can0  260   [8]  08 FF F3 00 00 00 00 64
  can0  2D0   [8]  0B 9A 09 00 B0 9C 00 D4
  can0  0B4   [8]  00 00 00 00 00 00 00 BC
  can0  0BA   [4]  05 FE 00 C1
  can0  232   [4]  03 03 08 46
  can0  2C4   [8]  05 F1 00 1A 40 80 40 DE
  can0  2C6   [8]  00 00 00 00 00 00 00 D0
  can0  262   [5]  20 00 00 00 89
  can0  2C5   [4]  00 05 C0 90
  can0  0B0   [6]  00 00 00 00 11 02
  can0  0B2   [6]  00 00 00 00 11 02
  can0  2D5   [2]  00 00
  can0  0B4   [8]  00 00 00 00 00 00 00 BC
  can0  223   [8]  00 00 00 00 00 00 00 2D
  can0  260   [8]  08 FF F3 00 00 00 00 64
  can0  2C1   [8]  08 03 15 03 0B D8 00 D1
  can0  0B0   [6]  00 00 00 00 11 03
  can0  0B2   [6]  00 00 00 00 11 03
  can0  224   [8]  00 00 00 00 00 00 00 00
  can0  262   [5]  20 00 00 00 89
  can0  0B4   [8]  00 00 00 00 00 00 00 BC
  can0  0BA   [4]  05 FF 00 C2
  can0  232   [4]  03 03 08 46
  can0  2C4   [8]  05 F3 00 1A 40 80 40 E0
  can0  2D0   [8]  0B 9B 09 00 B0 9C 00 D5
  can0  0B0   [6]  00 00 00 00 11 04
  can0  0B2   [6]  00 00 00 00 11 04
  can0  3A0   [8]  00 00 00 00 00 00 00 00
  can0  260   [8]  08 FF F3 00 00 00 00 64
  can0  2C6   [8]  00 00 00 00 00 00 00 D0
  can0  2D5   [2]  00 00
  can0  0B4   [8]  00 00 00 00 00 00 00 BC
  can0  223   [8]  00 00 00 00 00 00 00 2D
  can0  0B0   [6]  00 00 00 00 11 05
  can0  0B2   [6]  00 00 00 00 11 05
  can0  224   [8]  00 00 00 00 00 00 00 00
  can0  262   [5]  20 00 00 00 89
  can0  2C1   [8]  08 03 11 03 0D D8 00 CF
  can0  0B4   [8]  00 00 00 00 00 00 00 BC
  can0  0BA   [4]  05 FF 00 C2
  can0  232   [4]  03 03 08 46
  can0  2C4   [8]  05 F6 00 1A 40 80 40 E3
  can0  7DF   [8]  02 01 10 00 00 00 00 00
  can0  2C5   [4]  00 05 C0 90
  can0  260   [8]  08 FF F3 00 00 00 00 64
  can0  0B0   [6]  00 00 00 00 11 06
  can0  0B2   [6]  00 00 00 00 11 06
  can0  7E8   [8]  04 41 10 01 E4 00 00 00
  can0  2D0   [8]  0B 9F 09 00 B0 9C 00 D9
  can0  2D5   [2]  00 00
  can0  394   [1]  00
  can0  0B4   [8]  00 00 00 00 00 00 00 BC
  can0  223   [8]  00 00 00 00 00 00 00 2D
  can0  262   [5]  20 00 00 00 89
  can0  0B0   [6]  00 00 00 00 11 07
  can0  0B2   [6]  00 00 00 00 11 07
  can0  224   [8]  00 00 00 00 00 00 00 00
  can0  2C6   [8]  00 00 00 00 00 00 00 D0
  can0  0B4   [8]  00 00 00 00 00 00 00 BC
  can0  0BA   [4]  05 FE 00 C1
  can0  232   [4]  03 03 08 46
  can0  442   [8]  40 02 00 00 02 00 00 00
  can0  260   [8]  08 FF F3 00 00 00 00 64
  can0  2C4   [8]  05 F5 00 1A 40 80 40 E2
  can0  0B0   [6]  00 00 00 00 11 08
  can0  0B2   [6]  00 00 00 00 11 08
  can0  2C1   [8]  08 03 13 03 0F D8 00 D3
  can0  2D5   [2]  00 00
  can0  262   [5]  20 00 00 00 89
  can0  0B4   [8]  00 00 00 00 00 00 00 BC
  can0  223   [8]  00 00 00 00 00 00 00 2D
  can0  0B0   [6]  00 00 00 00 11 09
  can0  0B2   [6]  00 00 00 00 11 09
  can0  224   [8]  00 00 00 00 00 00 00 00
  can0  2D0   [8]  0B A1 09 00 B0 9C 00 DB
  can0  3B1   [8]  00 00 02 2A A0 00 00 00
  can0  260   [8]  08 FF F3 00 00 00 00 64
  can0  38A   [5]  08 04 00 00 00
  can0  0B4   [8]  00 00 00 00 00 00 00 BC
  can0  0BA   [4]  05 FF 00 C2
  can0  232   [4]  03 03 08 46
  can0  2C4   [8]  05 F2 00 1A 40 80 40 DF
  can0  2C6   [8]  00 00 00 00 00 00 00 D0
  can0  2C5   [4]  00 05 C0 90
  can0  0B0   [6]  00 00 00 00 11 0A
  can0  0B2   [6]  00 00 00 00 11 0A
  can0  262   [5]  20 00 00 00 89
  can0  2D5   [2]  00 00
  can0  0B4   [8]  00 00 00 00 00 00 00 BC
  can0  223   [8]  00 00 00 00 00 00 00 2D
  can0  2C1   [8]  08 03 14 03 0E D8 00 D3
  can0  260   [8]  08 FF F3 00 00 00 00 64
  can0  0B0   [6]  00 00 00 00 11 0B
  can0  0B2   [6]  00 00 00 00 11 0B
  can0  224   [8]  00 00 00 00 00 00 00 00
  can0  0B4   [8]  00 00 00 00 00 00 00 BC
  can0  0BA   [4]  06 00 00 C4
  can0  232   [4]  03 03 08 46
  can0  2C4   [8]  05 F5 00 1A 40 80 40 E2
  can0  2D0   [8]  0B A2 09 00 B0 9C 00 DC
  can0  262   [5]  20 00 00 00 89
  can0  0B0   [6]  00 00 00 00 11 0C
  can0  0B2   [6]  00 00 00 00 11 0C
  can0  2D5   [2]  00 00
  can0  2C6   [8]  00 00 00 00 00 00 00 D0
  can0  0B4   [8]  00 00 00 00 00 00 00 BC
  can0  223   [8]  00 00 00 00 00 00 00 2D
  can0  3A0   [8]  00 00 00 00 00 00 00 00
  can0  260   [8]  08 FF F3 00 00 00 00 64
  can0  0B0   [6]  00 00 00 00 11 0D
  can0  0B2   [6]  00 00 00 00 11 0D
  can0  224   [8]  00 00 00 00 00 00 00 00
  can0  2C1   [8]  08 03 10 03 13 D8 00 D4
  can0  262   [5]  20 00 00 00 89
  can0  2C4   [8]  05 F6 00 1A 40 80 40 E3
  can0  0B4   [8]  00 00 00 00 00 00 00 BC
  can0  0BA   [4]  05 FE 00 C1
  can0  232   [4]  03 03 08 46
  can0  2C5   [4]  00 05 C0 90
  can0  0B0   [6]  00 00 00 00 11 0E
  can0  0B2   [6]  00 00 00 00 11 0E
  can0  2D5   [2]  00 00
  can0  260   [8]  08 FF F3 00 00 00 00 64
  can0  2D0   [8]  0B A3 09 00 B0 9C 00 DD
  can0  7DF   [8]  02 01 11 00 00 00 00 00
  can0  0B4   [8]  00 00 00 00 00 00 00 BC
  can0  223   [8]  00 00 00 00 00 00 00 2D
  can0  3B7   [8]  00 00 00 00 00 00 00 00
  can0  7E8   [8]  03 41 11 34 00 00 00 00
  can0  2C6   [8]  00 00 00 00 00 00 00 D0
  can0  0B0   [6]  00 00 00 00 11 0F
  can0  0B2   [6]  00 00 00 00 11 0F
  can0  224   [8]  00 00 00 00 00 00 00 00
  can0  262   [5]  20 00 00 00 89
  can0  2C4   [8]  05 EB 00 1A 40 80 40 D8
  can0  0B4   [8]  00 00 00 00 00 00 00 BC
  can0  0BA   [4]  05 FF 00 C2
  can0  232   [4]  03 03 08 46
  can0  440   [8]  42 02 00 00 00 00 00 00
  can0  260   [8]  08 FF F4 00 00 00 00 65
  can0  2C1   [8]  08 03 25 03 14 D9 00 EB
  can0  0B0   [6]  00 00 00 00 11 00
  can0  0B2   [6]  00 00 00 00 11 00
  can0  2D5   [2]  00 00
  can0  0B4   [8]  00 00 00 00 00 00 00 BC
  can0  223   [8]  00 00 00 00 00 00 00 2D
  can0  262   [5]  20 00 00 00 89
  can0  2D0   [8]  0B 9C 09 00 B0 9C 00 D6
  can0  0B0   [6]  00 00 00 00 11 01
  can0  0B2   [6]  00 00 00 00 11 01
  can0  224   [8]  00 00 00 00 00 00 00 00
  can0  2C4   [8]  05 E6 00 1A 40 80 40 D3
  can0  0B4   [8]  00 00 00 00 00 00 00 BC
  can0  0BA   [4]  05 FF 00 C2
  can0  232   [4]  03 03 08 46
  can0  2C6   [8]  00 00 00 00 00 00 00 D0
  can0  260   [8]  08 FF F5 00 00 00 00 66
  can0  2C5   [4]  00 05 C0 90
  can0  4C1   [8]  01 00 09 08 00 00 00 00
  can0  0B0   [6]  00 00 00 00 11 02
  can0  0B2   [6]  00 00 00 00 11 02
  can0  2D5   [2]  00 00
  can0  262   [5]  20 00 00 00 89
  can0  0B4   [8]  00 00 00 00 00 00 00 BC
  can0  223   [8]  00 00 00 00 00 00 00 2D
  can0  2C1   [8]  08 03 3C 03 01 D9 00 EF
  can0  0B0   [6]  00 00 00 00 11 03
  can0  0B2   [6]  00 00 00 00 11 03
  can0  224   [8]  00 00 00 00 00 00 00 00
  can0  260   [8]  08 FF F4 00 00 00 00 65
  can0  2C4   [8]  05 E4 00 1A 40 80 40 D1
  can0  0B4   [8]  00 00 00 00 00 00 00 BC
  can0  0BA   [4]  06 01 00 C5
  can0  232   [4]  03 03 08 46
  can0  2D0   [8]  0B 96 09 00 B0 9C 00 D0
  can0  0B0   [6]  00 00 00 00 11 04
  can0  0B2   [6]  00 00 00 00 11 04
  can0  2D5   [2]  00 00
  can0  262   [5]  20 00 00 00 89
  can0  2C6   [8]  00 00 00 00 00 00 00 D0
  can0  0B4   [8]  00 00 00 00 00 00 00 BC
  can0  223   [8]  00 00 00 00 00 00 00 2D
  can0  3A0   [8]  00 00 00 00 00 00 00 00
  can0  260   [8]  08 FF F5 00 00 00 00 66
  can0  610   [8]  20 00 00 64 00 00 00 00
  can0  0B0   [6]  00 00 00 00 11 05
  can0  0B2   [6]  00 00 00 00 11 05
  can0  224   [8]  00 00 00 00 00 00 00 00
  can0  2C1   [8]  08 03 14 02 F6 D8 00 BA
  can0  2C4   [8]  05 E4 00 1A 40 80 40 D1
  can0  0B4   [8]  00 00 00 00 00 00 00 BC
  can0  0BA   [4]  06 01 00 C5
  can0  232   [4]  03 03 08 46
  can0  262   [5]  20 00 00 00 89
  can0  2C5   [4]  00 05 C0 90
  can0  2D5   [2]  00 00
  can0  0B0   [6]  00 00 00 00 11 06
  can0  0B2   [6]  00 00 00 00 11 06
  can0  2D0   [8]  0B 8D 09 00 B0 9C 00 C7
  can0  620   [8]  10 00 00 00 30 40 00 50
  can0  0B4   [8]  00 00 00 00 00 00 00 BC
  can0  223   [8]  00 00 00 00 00 00 00 2D
  can0  260   [8]  08 FF F4 00 00 00 00 65
  can0  2C6   [8]  00 00 00 00 00 00 00 D0
  can0  7DF   [8]  02 01 0E 00 00 00 00 00
  can0  0B0   [6]  00 00 00 00 11 07
  can0  0B2   [6]  00 00 00 00 11 07
  can0  224   [8]  00 00 00 00 00 00 00 00
  can0  2C4   [8]  05 DF 00 1A 40 80 40 CC
  can0  7E8   [8]  03 41 0E 91 00 00 00 00
  can0  442   [8]  40 02 00 00 02 00 00 00
  can0  262   [5]  20 00 00 00 89
  can0  0B4   [8]  00 00 00 00 00 00 00 BC
  can0  0BA   [4]  05 FF 00 C2
  can0  232   [4]  03 03 08 46
  can0  2C1   [8]  08 03 22 02 F8 D9 00 CB
  can0  2D5   [2]  00 00
  can0  0B0   [6]  00 00 00 00 11 08
  can0  0B2   [6]  00 00 00 00 11 08
  can0  260   [8]  08 FF F3 00 00 00 00 64
  can0  0B4   [8]  00 00 00 00 00 00 00 BC
  can0  223   [8]  00 00 00 00 00 00 00 2D
  can0  2D0   [8]  0B 84 09 00 B0 9C 00 BE
  can0  262   [5]  20 00 00 00 89
  can0  0B0   [6]  00 00 00 00 11 09
  can0  0B2   [6]  00 00 00 00 11 09
  can0  224   [8]  00 00 00 00 00 00 00 00
  can0  2C4   [8]  05 DC 00 1A 40 80 40 C9
  can0  3B4   [8]  00 00 41 4C 80 00 00 00
  can0  2C6   [8]  00 00 00 00 00 00 00 D0
  can0  0B4   [8]  00 00 00 00 00 00 00 BC
  can0  0BA   [4]  06 01 00 C5
  can0  232   [4]  03 03 08 46
  can0  2C5   [4]  00 05 C0 90
  can0  260   [8]  08 FF F4 00 00 00 00 65
  can0  2D5   [2]  00 00
  can0  0B0   [6]  00 00 00 00 11 0A
  can0  0B2   [6]  00 00 00 00 11 0A
  can0  2C1   [8]  08 03 1C 02 FE D8 00 CA
  can0  0B4   [8]  00 00 00 00 00 00 00 BC
  can0  223   [8]  00 00 00 00 00 00 00 2D
  can0  262   [5]  20 00 00 00 89
  can0  0B0   [6]  00 00 00 00 11 0B
  can0  0B2   [6]  00 00 00 00 11 0B
  can0  224   [8]  00 00 00 00 00 00 00 00
  can0  2C4   [8]  05 E4 00 1A 40 80 40 D1
  can0  2D0   [8]  0B 7C 09 00 B0 9C 00 B6
  can0  0B4   [8]  00 00 00 00 00 00 00 BC
  can0  0BA   [4]  06 02 00 C6
  can0  232   [4]  03 03 08 46
  can0  260   [8]  08 FF F3 00 00 00 00 64
  can0  2D5   [2]  00 00
  can0  0B0   [6]  00 00 00 00 11 0C
  can0  0B2   [6]  00 00 00 00 11 0C
  can0  2C6   [8]  00 00 00 00 00 00 00 D0
  can0  262   [5]  20 00 00 00 89
  can0  0B4   [8]  00 00 00 00 00 00 00 BC
  can0  223   [8]  00 00 00 00 00 00 00 2D
  can0  4C3   [8]  04 00 12 07 00 00 00 00
  can0  4C8   [8]  09 00 01 06 00 00 00 00
  can0  0B0   [6]  00 00 00 00 11 0D
  can0  0B2   [6]  00 00 00 00 11 0D
  can0  224   [8]  00 00 00 00 00 00 00 00
  can0  2C1   [8]  08 03 0E 02 FC D8 00 BA
  can0  2C4   [8]  05 EB 00 1A 40 80 40 D8
  can0  260   [8]  08 FF F3 00 00 00 00 64
  can0  3A0   [8]  00 00 00 00 00 00 00 00
  can0  0B4   [8]  00 00 00 00 00 00 00 BC
  can0  0BA   [4]  06 01 00 C5
  can0  232   [4]  03 03 08 46
  can0  2C5   [4]  00 05 C0 90
  can0  2D5   [2]  00 00
  can0  262   [5]  20 00 00 00 89
  can0  0B0   [6]  00 00 00 00 11 0E
  can0  0B2   [6]  00 00 00 00 11 0E
  can0  2D0   [8]  0B 7C 09 00 B0 9C 00 B6
  can0  0B4   [8]  00 00 00 00 00 00 00 BC
  can0  223   [8]  00 00 00 00 00 00 00 2D
  can0  2C6   [8]  00 00 00 00 00 00 00 D0
  can0  260   [8]  08 FF F3 00 00 00 00 64
  can0  0B0   [6]  00 00 00 00 11 0F
  can0  0B2   [6]  00 00 00 00 11 0F
  can0  224   [8]  00 00 00 00 00 00 00 00
  can0  2C4   [8]  05 EF 00 1A 40 80 40 DC
  can0  394   [1]  00
  can0  0B4   [8]  00 00 00 00 00 00 00 BC
  can0  0BA   [4]  06 00 00 C4
  can0  232   [4]  03 03 08 46
  can0  440   [8]  42 02 00 00 00 00 00 00
  can0  262   [5]  20 00 00 00 89
  can0  7DF   [8]  02 01 06 00 00 00 00 00
  can0  2C1   [8]  08 03 10 03 08 D8 00 C9
  can0  2D5   [2]  00 00
  can0  7E8   [8]  03 41 06 76 00 00 00 00
  can0  0B0   [6]  00 00 00 00 11 00
  can0  0B2   [6]  00 00 00 00 11 00
  can0  260   [8]  08 FF F3 00 00 00 00 64
  can0  0B4   [8]  00 00 00 00 00 00 00 BC
  can0  223   [8]  00 00 00 00 00 00 00 2D
  can0  2D0   [8]  0B 84 09 00 B0 9C 00 BE
  can0  2C4   [8]  05 E4 00 1A 40 80 40 D1
  can0  0B0   [6]  00 00 00 00 11 01
  can0  0B2   [6]  00 00 00 00 11 01
  can0  224   [8]  00 00 00 00 00 00 00 00
  can0  262   [5]  20 00 00 00 89
  can0  2C6   [8]  00 00 00 00 00 00 00 D0
  can0  0B4   [8]  00 00 00 00 00 00 00 BC
  can0  0BA   [4]  06 01 00 C5
  can0  232   [4]  03 03 08 46
  can0  2D5   [2]  00 00
  can0  2C5   [4]  00 05 C0 90
  can0  0B0   [6]  00 00 00 00 11 02
  can0  0B2   [6]  00 00 00 00 11 02
  can0  260   [8]  08 FF F3 00 00 00 00 64
  can0  2C1   [8]  08 03 16 02 FF D8 00 C5
  can0  0B4   [8]  00 00 00 00 00 00 00 BC
  can0  223   [8]  00 00 00 00 00 00 00 2D
  can0  262   [5]  20 00 00 00 89
  can0  2C4   [8]  05 DE 00 1A 40 80 40 CB
  can0  0B0   [6]  00 00 00 00 11 03
  can0  0B2   [6]  00 00 00 00 11 03
  can0  224   [8]  00 00 00 00 00 00 00 00
  can0  2D0   [8]  0B 84 09 00 B0 9C 00 BE
  can0  0B4   [8]  00 00 00 00 00 00 00 BC
  can0  0BA   [4]  06 01 00 C5
  can0  232   [4]  03 03 08 46
  can0  2D5   [2]  00 00
  can0  260   [8]  08 FF F3 00 00 00 00 64
  can0  2C6   [8]  00 00 00 00 00 00 00 D0
  can0  0B0   [6]  00 00 00 00 11 04
  can0  0B2   [6]  00 00 00 00 11 04
  can0  0B4   [8]  00 00 00 00 00 00 00 BC
  can0  223   [8]  00 00 00 00 00 00 00 2D
  can0  262   [5]  20 00 00 00 89
  can0  2C4   [8]  05 DE 00 1A 40 80 40 CB
  can0  2C1   [8]  08 03 32 02 FB D9 00 DE
  can0  0B0   [6]  00 00 00 00 11 05
  can0  0B2   [6]  00 00 00 00 11 05
  can0  224   [8]  00 00 00 00 00 00 00 00
  can0  3A0   [8]  00 00 00 00 00 00 00 00
  can0  260   [8]  08 FF F3 00 00 00 00 64
  can0  0B4   [8]  00 00 00 00 00 00 00 BC
  can0  0BA   [4]  06 00 00 C4
  can0  232   [4]  03 03 08 46
  can0  2D5   [2]  00 00
  can0  2C5   [4]  00 05 C0 90
  can0  2D0   [8]  0B 7E 09 00 B0 9C 00 B8
  can0  0B0   [6]  00 00 00 00 11 06
  can0  0B2   [6]  00 00 00 00 11 06
  can0  262   [5]  20 00 00 00 89
  can0  0B4   [8]  00 00 00 00 00 00 00 BC
  can0  223   [8]  00 00 00 00 00 00 00 2D
  can0  2C6   [8]  00 00 00 00 00 00 00 D0
  can0  2C4   [8]  05 DF 00 1A 40 80 40 CC
  can0  0B0   [6]  00 00 00 00 11 07
  can0  0B2   [6]  00 00 00 00 11 07
  can0  224   [8]  00 00 00 00 00 00 00 00
  can0  260   [8]  08 FF F3 00 00 00 00 64
  can0  442   [8]  40 02 00 00 02 00 00 00
  can0  3B3   [3]  05 DE 28
  can0  0B4   [8]  00 00 00 00 00 00 00 BC
  can0  0BA   [4]  06 00 00 C4
  can0  232   [4]  03 03 08 46
  can0  2D5   [2]  00 00
  can0  3B7   [8]  00 00 00 00 00 00 00 00
  can0  2C1   [8]  08 03 19 02 FC D8 00 C5
  can0  262   [5]  20 00 00 00 89
  can0  0B0   [6]  00 00 00 00 11 08
  can0  0B2   [6]  00 00 00 00 11 08
  can0  7DF   [8]  02 01 07 00 00 00 00 00
  can0  7E8   [8]  03 41 07 88 00 00 00 00
  can0  0B4   [8]  00 00 00 00 00 00 00 BC
  can0  223   [8]  00 00 00 00 00 00 00 2D
  can0  2D0   [8]  0B 79 09 00 B0 9C 00 B3
  can0  260   [8]  08 FF F3 00 00 00 00 64
  can0  2C4   [8]  05 DA 00 1A 40 80 40 C7
  can0  0B0   [6]  00 00 00 00 11 09
  can0  0B2   [6]  00 00 00 00 11 09
  can0  224   [8]  00 00 00 00 00 00 00 00
  can0  2C6   [8]  00 00 00 00 00 00 00 D0
  can0  2D5   [2]  00 00
  can0  0B4   [8]  00 00 00 00 00 00 00 BC
  can0  0BA   [4]  05 FE 00 C1
  can0  232   [4]  03 03 08 46
  can0  262   [5]  20 00 00 00 89
  can0  2C5   [4]  00 05 C0 90
  can0  0B0   [6]  00 00 00 00 11 0A
  can0  0B2   [6]  00 00 00 00 11 0A
  can0  2C1   [8]  08 03 1D 02 FC D8 00 C9
  can0  260   [8]  08 FF F3 00 00 00 00 64
  can0  0B4   [8]  00 00 00 00 00 00 00 BC
  can0  223   [8]  00 00 00 00 00 00 00 2D
  can0  2C4   [8]  05 DA 00 1A 40 80 40 C7
  can0  0B0   [6]  00 00 00 00 11 0B
  can0  0B2   [6]  00 00 00 00 11 0B
  can0  224   [8]  00 00 00 00 00 00 00 00
  can0  2D0   [8]  0B 74 09 00 B0 9C 00 AE
  can0  262   [5]  20 00 00 00 89
  can0  2D5   [2]  00 00
  can0  0B4   [8]  00 00 00 00 00 00 00 BC
  can0  0BA   [4]  05 FF 00 C2
  can0  232   [4]  03 03 08 46
  can0  2C6   [8]  00 00 00 00 00 00 00 D0
  can0  0B0   [6]  00 00 00 00 11 0C
  can0  0B2   [6]  00 00 00 00 11 0C
  can0  260   [8]  08 FF F3 00 00 00 00 64
  can0  0B4   [8]  00 00 00 00 00 00 00 BC
  can0  223   [8]  00 00 00 00 00 00 00 2D
  can0  2C4   [8]  05 E0 00 1A 40 80 40 CD
  can0  262   [5]  20 00 00 00 89
  can0  2C1   [8]  08 03 13 02 FD D8 00 C0
  can0  0B0   [6]  00 00 00 00 11 0D
  can0  0B2   [6]  00 00 00 00 11 0D
  can0  224   [8]  00 00 00 00 00 00 00 00
  can0  398   [2]  01 FF
  can0  2D5   [2]  00 00
  can0  0B4   [8]  00 00 00 00 00 00 00 BC
  can0  0BA   [4]  05 FF 00 C2
  can0  232   [4]  03 03 08 46
  can0  260   [8]  08 FF F4 00 00 00 00 65
  can0  2C5   [4]  00 05 C0 90
  can0  2D0   [8]  0B 74 09 00 B0 9C 00 AE
  can0  3A0   [8]  00 00 00 00 00 00 00 00
  can0  0B0   [6]  00 00 00 00 11 0E
  can0  0B2   [6]  00 00 00 00 11 0E
  can0  2C6   [8]  00 00 00 00 00 00 00 D0
  can0  0B4   [8]  00 00 00 00 00 00 00 BC
  can0  223   [8]  00 00 00 00 00 00 00 2D
  can0  262   [5]  20 00 00 00 89
  can0  2C4   [8]  05 E6 00 1A 40 80 40 D3
  can0  0B0   [6]  00 00 00 00 11 0F
  can0  0B2   [6]  00 00 00 00 11 0F
  can0  224   [8]  00 00 00 00 00 00 00 00
  can0  2D5   [2]  00 00
  can0  260   [8]  08 FF F5 00 00 00 00 66
  can0  440   [8]  42 02 00 00 00 00 00 00
  can0  620   [8]  10 00 00 00 30 40 00 50
  can0  0B4   [8]  00 00 00 00 00 00 00 BC
  can0  0BA   [4]  05 FE 00 C1
  can0  232   [4]  03 03 08 46
  can0  2C1   [8]  08 03 13 03 0A D8 00 CE
  can0  0B0   [6]  00 00 00 00 11 00
  can0  0B2   [6]  00 00 00 00 11 00
  can0  262   [5]  20 00 00 00 89
  can0  4DC   [8]  1D 00 01 07 00 00 00 00
  can0  2D0   [8]  0B 79 09 00 B0 9C 00 B3
  can0  0B4   [8]  00 00 00 00 00 00 00 BC
  can0  223   [8]  00 00 00 00 00 00 00 2D
  can0  2C4   [8]  05 E3 00 1A 40 80 40 D0
  can0  7DF   [8]  02 01 15 00 00 00 00 00
  can0  7E8   [8]  04 41 15 00 FF 00 00 00
  can0  260   [8]  08 FF F4 00 00 00 00 65
  can0  0B0   [6]  00 00 00 00 11 01
  can0  0B2   [6]  00 00 00 00 11 01
  can0  224   [8]  00 00 00 00 00 00 00 00
  can0  2C6   [8]  00 00 00 00 00 00 00 D0
  can0  2D5   [2]  00 00
  can0  0B4   [8]  00 00 00 00 00 00 00 BC
  can0  0BA   [4]  05 FF 00 C2
  can0  232   [4]  03 03 08 46
  can0  2C5   [4]  00 05 C0 90
  can0  262   [5]  20 00 00 00 89
  can0  0B0   [6]  00 00 00 00 11 02
  can0  0B2   [6]  00 00 00 00 11 02
  can0  2C1   [8]  08 03 21 03 15 D9 00 E8
  can0  0B4   [8]  00 00 00 00 00 00 00 BC
  can0  223   [8]  00 00 00 00 00 00 00 2D
  can0  2C4   [8]  05 E4 00 1A 40 80 40 D1
  can0  260   [8]  08 FF F4 00 00 00 00 65
  can0  0B0   [6]  00 00 00 00 11 03
  can0  0B2   [6]  00 00 00 00 11 03
  can0  224   [8]  00 00 00 00 00 00 00 00
  can0  2D0   [8]  0B 7B 09 00 B0 9C 00 B5
  can0  2D5   [2]  00 00
  can0  262   [5]  20 00 00 00 89
  can0  0B4   [8]  00 00 00 00 00 00 00 BC
  can0  0BA   [4]  06 00 00 C4
  can0  232   [4]  03 03 08 46
  can0  3B0   [5]  00 00 00 48 00
  can0  2C6   [8]  00 00 00 00 00 00 00 D0
  can0  0B0   [6]  00 00 00 00 11 04
  can0  0B2   [6]  00 00 00 00 11 04
  can0  260   [8]  08 FF F4 00 00 00 00 65
  can0  0B4   [8]  00 00 00 00 00 00 00 BC
  can0  223   [8]  00 00 00 00 00 00 00 2D
  can0  2C4   [8]  05 E4 00 1A 40 80 40 D1
  can0  2C1   [8]  08 03 10 03 07 D8 00 C8
  can0  0B0   [6]  00 00 00 00 11 05
  can0  0B2   [6]  00 00 00 00 11 05
  can0  224   [8]  00 00 00 00 00 00 00 00
  can0  262   [5]  20 00 00 00 89
  can0  2D5   [2]  00 00
  can0  0B4   [8]  00 00 00 00 00 00 00 BC
  can0  0BA   [4]  06 00 00 C4
  can0  232   [4]  03 03 08 46
  can0  2C5   [4]  00 05 C0 90
  can0  2D0   [8]  0B 80 09 00 B0 9C 00 BA
  can0  260   [8]  08 FF F4 00 00 00 00 65
  can0  3A0   [8]  00 00 00 00 00 00 00 00
  can0  0B0   [6]  00 00 00 00 11 06
  can0  0B2   [6]  00 00 00 00 11 06
  can0  2C6   [8]  00 00 00 00 00 00 00 D0
  can0  2C4   [8]  05 EB 00 1A 40 80 40 D8
  can0  0B4   [8]  00 00 00 00 00 00 00 BC
  can0  223   [8]  00 00 00 00 00 00 00 2D
  can0  262   [5]  20 00 00 00 89
  can0  0B0   [6]  00 00 00 00 11 07
  can0  0B2   [6]  00 00 00 00 11 07
  can0  224   [8]  00 00 00 00 00 00 00 00
  can0  2D5   [2]  00 00
  can0  2C1   [8]  08 03 0C 03 14 D8 00 D1
  can0  0B4   [8]  00 00 00 00 00 00 00 BC
  can0  0BA   [4]  06 00 00 C4
  can0  232   [4]  03 03 08 46
  can0  260   [8]  08 FF F4 00 00 00 00 65
  can0  442   [8]  40 02 00 00 02 00 00 00
  can0  0B0   [6]  00 00 00 00 11 08
  can0  0B2   [6]  00 00 00 00 11 08
  can0  394   [1]  00
  can0  2D0   [8]  0B 88 09 00 B0 9C 00 C2
  can0  2C4   [8]  05 ED 00 1A 40 80 40 DA
  can0  262   [5]  20 00 00 00 89
  can0  380   [8]  00 20 00 00 00 00 27 00
  can0  0B4   [8]  00 00 00 00 00 00 00 BC
  can0  223   [8]  00 00 00 00 00 00 00 2D
  can0  2C6   [8]  00 00 00 00 00 00 00 D0
  can0  0B0   [6]  00 00 00 00 11 09
  can0  0B2   [6]  00 00 00 00 11 09
  can0  224   [8]  00 00 00 00 00 00 00 00
  can0  2D5   [2]  00 00
  can0  7DF   [8]  02 01 1F 00 00 00 00 00
  can0  7E8   [8]  04 41 1F 00 24 00 00 00
  can0  260   [8]  08 FF F3 00 00 00 00 64
  can0  0B4   [8]  00 00 00 00 00 00 00 BC
  can0  0BA   [4]  06 00 00 C4
  can0  232   [4]  03 03 08 46
  can0  2C5   [4]  00 05 C0 90
  can0  0B0   [6]  00 00 00 00 11 0A
  can0  0B2   [6]  00 00 00 00 11 0A
  can0  2C1   [8]  08 03 16 03 17 D8 00 DE
  can0  262   [5]  20 00 00 00 89
  can0  2C4   [8]  05 EE 00 1A 40 80 40 DB
  can0  0B4   [8]  00 00 00 00 00 00 00 BC
  can0  223   [8]  00 00 00 00 00 00 00 2D
  can0  260   [8]  08 FF F3 00 00 00 00 64
  can0  2D0   [8]  0B 8E 09 00 B0 9C 00 C8
  can0  3A1   [8]  00 00 00 00 00 00 00 00
  can0  0B0   [6]  00 00 00 00 11 0B
  can0  0B2   [6]  00 00 00 00 11 0B
  can0  224   [8]  00 00 00 00 00 00 00 00
  can0  2D5   [2]  00 00
  can0  0B4   [8]  00 00 00 00 00 00 00 BC
  can0  0BA   [4]  06 00 00 C4
  can0  232   [4]  03 03 08 46
  can0  2C6   [8]  00 00 00 00 00 00 00 D0
  can0  262   [5]  20 00 00 00 89
  can0  0B0   [6]  00 00 00 00 11 0C
  can0  0B2   [6]  00 00 00 00 11 0C
  can0  2C4   [8]  05 F2 00 1A 40 80 40 DF
  can0  0B4   [8]  00 00 00 00 00 00 00 BC
  can0  223   [8]  00 00 00 00 00 00 00 2D
  can0  260   [8]  08 FF F3 00 00 00 00 64
  can0  2C1   [8]  08 03 0D 03 15 D8 00 D3
  can0  2D5   [2]  00 00
  can0  0B0   [6]  00 00 00 00 11 0D
  can0  0B2   [6]  00 00 00 00 11 0D
  can0  224   [8]  00 00 00 00 00 00 00 00
  can0  262   [5]  20 00 00 00 89
  can0  0B4   [8]  00 00 00 00 00 00 00 BC
  can0  0BA   [4]  06 00 00 C4
  can0  232   [4]  03 03 08 46
  can0  2D0   [8]  0B 92 09 00 B0 9C 00 CC
  can0  2C5   [4]  00 05 C0 90
  can0  0B0   [6]  00 00 00 00 11 0E
  can0  0B2   [6]  00 00 00 00 11 0E
  can0  260   [8]  08 FF F3 00 00 00 00 64
  can0  2C4   [8]  05 FA 00 1A 40 80 40 E7
  can0  2C6   [8]  00 00 00 00 00 00 00 D0
  can0  3A0   [8]  00 00 00 00 00 00 00 00
  can0  610   [8]  20 00 00 64 00 00 00 00
  can0  0B4   [8]  00 00 00 00 00 00 00 BC
  can0  223   [8]  00 00 00 00 00 00 00 2D
  can0  2D5   [2]  00 00
  can0  0B0   [6]  00 00 00 00 11 0F
  can0  0B2   [6]  00 00 00 00 11 0F
  can0  224   [8]  00 00 00 00 00 00 00 00
  can0  262   [5]  20 00 00 00 89
  can0  611   [8]  21 00 00 10 00 03 C1 4F
  can0  2C1   [8]  08 02 FD 03 17 D7 00 C3
  can0  0B4   [8]  00 00 00 00 00 00 00 BC
  can0  0BA   [4]  06 00 00 C4
  can0  232   [4]  03 03 08 46
  can0  260   [8]  08 FF F3 00 00 00 00 64
  can0  440   [8]  42 02 00 00 00 00 00 00
  can0  0B0   [6]  00 00 00 00 11 00
  can0  0B2   [6]  00 00 00 00 11 00
  can0  2C4   [8]  05 FF 00 1A 40 80 40 EC
  can0  2D0   [8]  0B 9C 09 00 B0 9C 00 D6
  can0  0B4   [8]  00 00 00 00 00 00 00 BC
  can0  223   [8]  00 00 00 00 00 00 00 2D
  can0  3B7   [8]  00 00 00 00 00 00 00 00
  can0  262   [5]  20 00 00 00 89
  can0  2C6   [8]  00 00 00 00 00 00 00 D0
  can0  2D5   [2]  00 00
  can0  0B0   [6]  00 00 00 00 11 01
  can0  0B2   [6]  00 00 00 00 11 01
  can0  224   [8]  00 00 00 00 00 00 00 00
  can0  0B4   [8]  00 00 00 00 00 00 00 BC
  can0  0BA   [4]  06 01 00 C5
  can0  232   [4]  03 03 08 46
  can0  260   [8]  08 FF F3 00 00 00 00 64
  can0  7DF   [8]  02 01 2F 00 00 00 00 00
  can0  2C5   [4]  00 05 C0 90
  can0  2C1   [8]  08 02 F9 03 0F D7 00 B7
  can0  0B0   [6]  00 00 00 00 11 02
  can0  0B2   [6]  00 00 00 00 11 02
  can0  2C4   [8]  05 F8 00 1A 40 80 40 E5
  can0  262   [5]  20 00 00 00 89
  can0  0B4   [8]  00 00 00 00 00 00 00 BC
  can0  223   [8]  00 00 00 00 00 00 00 2D
  can0  2D0   [8]  0B A8 09 00 B0 9C 00 E2
  can0  2D5   [2]  00 00
  can0  0B0   [6]  00 00 00 00 11 03
  can0  0B2   [6]  00 00 00 00 11 03
  can0  224   [8]  00 00 00 00 00 00 00 00
  can0  260   [8]  08 FF F3 00 00 00 00 64
  can0  0B4   [8]  00 00 00 00 00 00 00 BC
  can0  0BA   [4]  06 01 00 C5
  can0  232   [4]  03 03 08 46
  can0  2C6   [8]  00 00 00 00 00 00 00 D0
  can0  0B0   [6]  00 00 00 00 11 04
  can0  0B2   [6]  00 00 00 00 11 04
  can0  262   [5]  20 00 00 00 89
  can0  2C4   [8]  05 F6 00 1A 40 80 40 E3
  can0  0B4   [8]  00 00 00 00 00 00 00 BC
  can0  223   [8]  00 00 00 00 00 00 00 2D
  can0  2C1   [8]  08 03 16 03 0C D8 00 D3
  can0  2D5   [2]  00 00
  can0  260   [8]  08 FF F3 00 00 00 00 64
  can0  0B0   [6]  00 00 00 00 11 05
  can0  0B2   [6]  00 00 00 00 11 05
  can0  224   [8]  00 00 00 00 00 00 00 00
  can0  621   [8]  11 00 00 00 00 00 00 00
  can0  2D0   [8]  0B AA 09 00 B0 9C 00 E4
  can0  0B4   [8]  00 00 00 00 00 00 00 BC
  can0  0BA   [4]  06 01 00 C5
  can0  232   [4]  03 03 08 46
  can0  2C5   [4]  00 05 C0 90
  can0  262   [5]  20 00 00 00 89
  can0  0B0   [6]  00 00 00 00 11 06
  can0  0B2   [6]  00 00 00 00 11 06
  can0  2C4   [8]  05 F6 00 1A 40 80 40 E3
  can0  2C6   [8]  00 00 00 00 00 00 00 D0
  can0  0B4   [8]  00 00 00 00 00 00 00 BC
  can0  223   [8]  00 00 00 00 00 00 00 2D
  can0  260   [8]  08 FF F3 00 00 00 00 64
  can0  3A0   [8]  00 00 00 00 00 00 00 00
  can0  622   [8]  12 00 00 00 00 00 00 00
  can0  2D5   [2]  00 00
  can0  0B0   [6]  00 00 00 00 11 07
  can0  0B2   [6]  00 00 00 00 11 07
  can0  224   [8]  00 00 00 00 00 00 00 00
  can0  2C1   [8]  08 03 0F 03 12 D8 00 D2
  can0  262   [5]  20 00 00 00 89
  can0  624   [8]  1A 00 00 49 49 00 00 00
  can0  0B4   [8]  00 00 00 00 00 00 00 BC
  can0  0BA   [4]  06 01 00 C5
  can0  232   [4]  03 03 08 46
  can0  0B0   [6]  00 00 00 00 11 08
  can0  0B2   [6]  00 00 00 00 11 08
  can0  2C4   [8]  05 F3 00 1A 40 80 40 E0
  can0  2D0   [8]  0B AA 09 00 B0 9C 00 E4
  can0  630   [8]  17 00 00 00 00 00 00 00
  can0  260   [8]  08 FF F3 00 00 00 00 64
  can0  442   [8]  40 02 00 00 02 00 00 00
  can0  0B4   [8]  00 00 00 00 00 00 00 BC
  can0  223   [8]  00 00 00 00 00 00 00 2D
  can0  2D5   [2]  00 00
  can0  2C6   [8]  00 00 00 00 00 00 00 D0
  can0  620   [8]  10 00 00 00 30 40 00 50
  can0  262   [5]  20 00 00 00 89
  can0  0B0   [6]  00 00 00 00 11 09
  can0  0B2   [6]  00 00 00 00 11 09
  can0  224   [8]  00 00 00 00 00 00 00 00
  can0  0B4   [8]  00 00 00 00 00 00 00 BC
  can0  0BA   [4]  06 01 00 C5
  can0  232   [4]  03 03 08 46
  can0  2C5   [4]  00 05 C0 90
  can0  638   [8]  13 00 10 00 00 00 00 00
  can0  2C1   [8]  08 03 10 03 10 D8 00 D1
  can0  260   [8]  08 FF F4 00 00 00 00 65
  can0  640   [8]  A8 00 00 00 01 88 00 00
  can0  2C4   [8]  05 EE 00 1A 40 80 40 DB
  can0  0B0   [6]  00 00 00 00 11 0A
  can0  0B2   [6]  00 00 00 00 11 0A
  can0  0B4   [8]  00 00 00 00 00 00 00 BC
  can0  223   [8]  00 00 00 00 00 00 00 2D
  can0  262   [5]  20 00 00 00 89
  can0  2D5   [2]  00 00
  can0  2D0   [8]  0B A5 09 00 B0 9C 00 DF
  can0  0B0   [6]  00 00 00 00 11 0B
  can0  0B2   [6]  00 00 00 00 11 0B
  can0  224   [8]  00 00 00 00 00 00 00 00
  can0  4DD   [8]  1E 00 00 05 00 00 00 00
  can0  2C6   [8]  00 00 00 00 00 00 00 D0
  can0  260   [8]  08 FF F4 00 00 00 00 65
  can0  0B4   [8]  00 00 00 00 00 00 00 BC
  can0  0BA   [4]  06 01 00 C5
  can0  232   [4]  03 03 08 46
  can0  2C4   [8]  05 EB 00 1A 40 80 40 D8
  can0  0B0   [6]  00 00 00 00 11 0C
  can0  0B2   [6]  00 00 00 00 11 0C
  can0  262   [5]  20 00 00 00 89
  can0  2C1   [8]  08 03 11 03 0A D8 00 CC
  can0  0B4   [8]  00 00 00 00 00 00 00 BC
  can0  223   [8]  00 00 00 00 00 00 00 2D
  can0  2D5   [2]  00 00
  can0  0B0   [6]  00 00 00 00 11 0D
  can0  0B2   [6]  00 00 00 00 11 0D
  can0  224   [8]  00 00 00 00 00 00 00 00
  can0  260   [8]  08 FF F5 00 00 00 00 66
  can0  2D0   [8]  0B 9D 09 00 B0 9C 00 D7
  can0  0B4   [8]  00 00 00 00 00 00 00 BC
  can0  0BA   [4]  06 01 00 C5
  can0  232   [4]  03 03 08 46
  can0  2C5   [4]  00 05 C0 90
  can0  2C4   [8]  05 ED 00 1A 40 80 40 DA
  can0  262   [5]  20 00 00 00 89
  can0  0B0   [6]  00 00 00 00 11 0E
  can0  0B2   [6]  00 00 00 00 11 0E
  can0  2C6   [8]  00 00 00 00 00 00 00 D0
  can0  0B4   [8]  00 00 00 00 00 00 00 BC
  can0  223   [8]  00 00 00 00 00 00 00 2D
  can0  2D5   [2]  00 00
  can0  260   [8]  08 FF F5 00 00 00 00 66
  can0  3A0   [8]  00 00 00 00 00 00 00 00
  can0  0B0   [6]  00 00 00 00 11 0F
  can0  0B2   [6]  00 00 00 00 11 0F
  can0  224   [8]  00 00 00 00 00 00 00 00
  can0  2C1   [8]  08 03 09 03 04 D8 00 BE
  can0  0B4   [8]  00 00 00 00 00 00 00 BC
  can0  0BA   [4]  06 00 00 C4
  can0  232   [4]  03 03 08 46
  can0  262   [5]  20 00 00 00 89
  can0  2C4   [8]  05 F2 00 1A 40 80 40 DF
  can0  2D0   [8]  0B 9A 09 00 B0 9C 00 D4
  can0  0B0   [6]  00 00 00 00 11 00
  can0  0B2   [6]  00 00 00 00 11 00
  can0  440   [8]  42 02 00 00 00 00 00 00
  can0  260   [8]  08 FF F4 00 00 00 00 65
  can0  2D5   [2]  00 00
  can0  0B4   [8]  00 00 00 00 00 00 00 BC
  can0  223   [8]  00 00 00 00 00 00 00 2D
  can0  2C6   [8]  00 00 00 00 00 00 00 D0
  can0  394   [1]  00
  can0  0B0   [6]  00 00 00 00 11 01
  can0  0B2   [6]  00 00 00 00 11 01
  can0  224   [8]  00 00 00 00 00 00 00 00
  can0  262   [5]  20 00 00 00 89
  can0  0B4   [8]  00 00 00 00 00 00 00 BC
  can0  0BA   [4]  06 00 00 C4
  can0  232   [4]  03 03 08 46
  can0  2C5   [4]  00 05 C0 90
  can0  3B3   [3]  05 F8 28
  can0  2C1   [8]  08 03 06 03 13 D8 00 CA
  can0  2C4   [8]  05 FB 00 1A 40 80 40 E8
  can0  0B0   [6]  00 00 00 00 11 02
  can0  0B2   [6]  00 00 00 00 11 02
  can0  260   [8]  08 FF F3 00 00 00 00 64
  can0  2D5   [2]  00 00
  can0  0B4   [8]  00 00 00 00 00 00 00 BC
  can0  223   [8]  00 00 00 00 00 00 00 2D
  can0  2D0   [8]  0B 9D 09 00 B0 9C 00 D7
  can0  262   [5]  20 00 00 00 89
  can0  0B0   [6]  00 00 00 00 11 03
  can0  0B2   [6]  00 00 00 00 11 03
  can0  224   [8]  00 00 00 00 00 00 00 00
  can0  2C6   [8]  00 00 00 00 00 00 00 D0
  can0  0B4   [8]  00 00 00 00 00 00 00 BC
  can0  0BA   [4]  06 00 00 C4
  can0  232   [4]  03 03 08 46
  can0  2C4   [8]  05 EC 00 1A 40 80 40 D9
  can0  260   [8]  08 FF F3 00 00 00 00 64
  can0  0B0   [6]  00 00 00 00 11 04
  can0  0B2   [6]  00 00 00 00 11 04
  can0  2C1   [8]  08 03 03 03 01 D8 00 B5
  can0  2D5   [2]  00 00
  can0  0B4   [8]  00 00 00 00 00 00 00 BC
  can0  223   [8]  00 00 00 00 00 00 00 2D
  can0  262   [5]  20 00 00 00 89
  can0  0B0   [6]  00 00 00 00 11 05
  can0  0B2   [6]  00 00 00 00 11 05
  can0  224   [8]  00 00 00 00 00 00 00 00
  can0  2D0   [8]  0B 9E 09 00 B0 9C 00 D8
  can0  260   [8]  08 FF F3 00 00 00 00 64
  can0  0B4   [8]  00 00 00 00 00 00 00 BC
  can0  0BA   [4]  05 FF 00 C2
  can0  232   [4]  03 03 08 46
  can0  2C5   [4]  00 05 C0 90
  can0  2C4   [8]  05 EE 00 1A 40 80 40 DB
  can0  2C6   [8]  00 00 00 00 00 00 00 D0
  can0  0B0   [6]  00 00 00 00 11 06
  can0  0B2   [6]  00 00 00 00 11 06
  can0  262   [5]  20 00 00 00 89
  can0  2D5   [2]  00 00
  can0  0B4   [8]  00 00 00 00 00 00 00 BC
  can0  223   [8]  00 00 00 00 00 00 00 2D
  can0  2C1   [8]  08 03 1F 02 FB D8 00 CA
  can0  0B0   [6]  00 00 00 00 11 07
  can0  0B2   [6]  00 00 00 00 11 07
  can0  224   [8]  00 00 00 00 00 00 00 00
  can0  260   [8]  08 FF F3 00 00 00 00 64
  can0  3A0   [8]  00 00 00 00 00 00 00 00
  can0  0B4   [8]  00 00 00 00 00 00 00 BC
  can0  0BA   [4]  05 FF 00 C2
  can0  232   [4]  03 03 08 46
  can0  2C4   [8]  05 F4 00 1A 40 80 40 E1
  can0  2D0   [8]  0B 9B 09 00 B0 9C 00 D5
  can0  262   [5]  20 00 00 00 89
  can0  442   [8]  40 02 00 00 02 00 00 00
  can0  0B0   [6]  00 00 00 00 11 08
  can0  0B2   [6]  00 00 00 00 11 08
  can0  2D5   [2]  00 00
  can0  0B4   [8]  00 00 00 00 00 00 00 BC
  can0  223   [8]  00 00 00 00 00 00 00 2D
  can0  2C6   [8]  00 00 00 00 00 00 00 D0
  can0  260   [8]  08 FF F3 00 00 00 00 64
  can0  0B0   [6]  00 00 00 00 11 09
  can0  0B2   [6]  00 00 00 00 11 09
  can0  224   [8]  00 00 00 00 00 00 00 00
  can0  0B4   [8]  00 00 00 00 00 00 00 BC
  can0  0BA   [4]  05 FF 00 C2
  can0  232   [4]  03 03 08 46
  can0  262   [5]  20 00 00 00 89
  can0  2C1   [8]  08 03 0E 03 15 D8 00 D4
  can0  2C4   [8]  05 F2 00 1A 40 80 40 DF
  can0  2C5   [4]  00 05 C0 90
  can0  3B7   [8]  00 00 00 00 00 00 00 00
  can0  0B0   [6]  00 00 00 00 11 0A
  can0  0B2   [6]  00 00 00 00 11 0A
  can0  2D5   [2]  00 00
  can0  260   [8]  08 FF F3 00 00 00 00 64
  can0  2D0   [8]  0B 9D 09 00 B0 9C 00 D7
  can0  0B4   [8]  00 00 00 00 00 00 00 BC
  can0  223   [8]  00 00 00 00 00 00 00 2D
  can0  0B0   [6]  00 00 00 00 11 0B
  can0  0B2   [6]  00 00 00 00 11 0B
  can0  224   [8]  00 00 00 00 00 00 00 00
  can0  2C6   [8]  00 00 00 00 00 00 00 D0
  can0  262   [5]  20 00 00 00 89
  can0  0B4   [8]  00 00 00 00 00 00 00 BC
  can0  0BA   [4]  05 FD 00 C0
  can0  232   [4]  03 03 08 46
  can0  2C4   [8]  05 EB 00 1A 40 80 40 D8
  can0  3B1   [8]  00 00 02 2A A0 00 00 00
  can0  0B0   [6]  00 00 00 00 11 0C
  can0  0B2   [6]  00 00 00 00 11 0C
  can0  260   [8]  08 FF F3 00 00 00 00 64
  can0  2C1   [8]  08 03 23 03 15 D9 00 EA
  can0  2D5   [2]  00 00
  can0  0B4   [8]  00 00 00 00 00 00 00 BC
  can0  223   [8]  00 00 00 00 00 00 00 2D
  can0  262   [5]  20 00 00 00 89
  can0  0B0   [6]  00 00 00 00 11 0D
  can0  0B2   [6]  00 00 00 00 11 0D
  can0  224   [8]  00 00 00 00 00 00 00 00
  can0  2D0   [8]  0B 98 09 00 B0 9C 00 D2
  can0  4C1   [8]  01 00 09 08 00 00 00 00
  can0  2C4   [8]  05 E7 00 1A 40 80 40 D4
  can0  0B4   [8]  00 00 00 00 00 00 00 BC
  can0  0BA   [4]  05 FF 00 C2
  can0  232   [4]  03 03 08 46
  can0  2C5   [4]  00 05 C0 90
  can0  260   [8]  08 FF F3 00 00 00 00 64
  can0  2C6   [8]  00 00 00 00 00 00 00 D0
  can0  0B0   [6]  00 00 00 00 11 0E
  can0  0B2   [6]  00 00 00 00 11 0E
  can0  2D5   [2]  00 00
  can0  262   [5]  20 00 00 00 89
  can0  0B4   [8]  00 00 00 00 00 00 00 BC
  can0  223   [8]  00 00 00 00 00 00 00 2D
  can0  7DF   [8]  02 01 0C 00 00 00 00 00
  can0  2C1   [8]  08 03 36 03 13 D9 00 FB
  can0  7E8   [8]  04 41 0C 12 81 00 00 00
  can0  0B0   [6]  00 00 00 00 11 0F
  can0  0B2   [6]  00 00 00 00 11 0F
  can0  224   [8]  00 00 00 00 00 00 00 00
  can0  260   [8]  08 FF F3 00 00 00 00 64
  can0  3A0   [8]  00 00 00 00 00 00 00 00
  can0  2C4   [8]  05 EF 00 1A 40 80 40 DC
  can0  0B4   [8]  00 00 00 00 00 00 00 BC
  can0  0BA   [4]  06 00 00 C4
  can0  232   [4]  03 03 08 46
  can0  2D0   [8]  0B 93 09 00 B0 9C 00 CD
  can0  440   [8]  42 02 00 00 00 00 00 00
  can0  0B0   [6]  00 00 00 00 11 00
  can0  0B2   [6]  00 00 00 00 11 00
  can0  2D5   [2]  00 00
  can0  262   [5]  20 00 00 00 89
  can0  2C6   [8]  00 00 00 00 00 00 00 D0
  can0  0B4   [8]  00 00 00 00 00 00 00 BC
  can0  223   [8]  00 00 00 00 00 00 00 2D
  can0  260   [8]  08 FF F3 00 00 00 00 64
  can0  0B0   [6]  00 00 00 00 11 01
  can0  0B2   [6]  00 00 00 00 11 01
  can0  224   [8]  00 00 00 00 00 00 00 00
  can0  620   [8]  10 00 00 00 30 40 00 50
  can0  2C4   [8]  05 ED 00 1A 40 80 40 DA
  can0  2C1   [8]  08 03 13 03 13 D8 00 D7
  can0  0B4   [8]  00 00 00 00 00 00 00 BC
  can0  0BA   [4]  05 FF 00 C2
  can0  232   [4]  03 03 08 46
  can0  2C5   [4]  00 05 C0 90
  can0  262   [5]  20 00 00 00 89
  can0  0B0   [6]  00 00 00 00 11 02
  can0  0B2   [6]  00 00 00 00 11 02
  can0  2D5   [2]  00 00
  can0  2D0   [8]  0B 96 09 00 B0 9C 00 D0
  can0  0B4   [8]  00 00 00 00 00 00 00 BC
  can0  223   [8]  00 00 00 00 00 00 00 2D
  can0  260   [8]  08 FF F3 00 00 00 00 64
  can0  0B0   [6]  00 00 00 00 11 03
  can0  0B2   [6]  00 00 00 00 11 03
  can0  224   [8]  00 00 00 00 00 00 00 00
  can0  2C6   [8]  00 00 00 00 00 00 00 D0
  can0  2C4   [8]  05 E4 00 1A 40 80 40 D1
  can0  262   [5]  20 00 00 00 89
  can0  0B4   [8]  00 00 00 00 00 00 00 BC
  can0  0BA   [4]  05 FE 00 C1
  can0  232   [4]  03 03 08 46
  can0  2D5   [2]  00 00
  can0  0B0   [6]  00 00 00 00 11 04
  can0  0B2   [6]  00 00 00 00 11 04
  can0  2C1   [8]  08 03 22 03 06 D9 00 DA
  can0  260   [8]  08 FF F3 00 00 00 00 64
  can0  0B4   [8]  00 00 00 00 00 00 00 BC
  can0  223   [8]  00 00 00 00 00 00 00 2D
  can0  0B0   [6]  00 00 00 00 11 05
  can0  0B2   [6]  00 00 00 00 11 05
  can0  224   [8]  00 00 00 00 00 00 00 00
  can0  2D0   [8]  0B 8E 09 00 B0 9C 00 C8
  can0  262   [5]  20 00 00 00 89
  can0  2C4   [8]  05 DF 00 1A 40 80 40 CC
  can0  0B4   [8]  00 00 00 00 00 00 00 BC
  can0  0BA   [4]  06 00 00 C4
  can0  232   [4]  03 03 08 46
  can0  2C5   [4]  00 05 C0 90
  can0  2C6   [8]  00 00 00 00 00 00 00 D0
  can0  260   [8]  08 FF F3 00 00 00 00 64
  can0  2D5   [2]  00 00
  can0  0B0   [6]  00 00 00 00 11 06
  can0  0B2   [6]  00 00 00 00 11 06
  can0  0B4   [8]  00 00 00 00 00 00 00 BC
  can0  223   [8]  00 00 00 00 00 00 00 2D
  can0  2C1   [8]  08 03 29 03 00 D9 00 DB
  can0  262   [5]  20 00 00 00 89
  can0  0B0   [6]  00 00 00 00 11 07
  can0  0B2   [6]  00 00 00 00 11 07
  can0  224   [8]  00 00 00 00 00 00 00 00
  can0  2C4   [8]  05 E6 00 1A 40 80 40 D3
  can0  7DF   [8]  02 01 0D 00 00 00 00 00
  can0  7E8   [8]  03 41 0D 00 00 00 00 00
  can0  0B4   [8]  00 00 00 00 00 00 00 BC
  can0  0BA   [4]  06 01 00 C5
  can0  232   [4]  03 03 08 46
  can0  260   [8]  08 FF F4 00 00 00 00 65
  can0  2D0   [8]  0B 89 09 00 B0 9C 00 C3
  can0  3A0   [8]  00 00 00 00 00 00 00 00
  can0  442   [8]  40 02 00 00 02 00 00 00
  can0  610   [8]  20 00 00 64 00 00 00 00
  can0  2D5   [2]  00 00
  can0  0B0   [6]  00 00 00 00 11 08
  can0  0B2   [6]  00 00 00 00 11 08
  can0  2C6   [8]  00 00 00 00 00 00 00 D0
  can0  262   [5]  20 00 00 00 89
  can0  0B4   [8]  00 00 00 00 00 00 00 BC
  can0  223   [8]  00 00 00 00 00 00 00 2D
  can0  38A   [5]  08 04 00 00 00
  can0  0B0   [6]  00 00 00 00 11 09
  can0  0B2   [6]  00 00 00 00 11 09
  can0  224   [8]  00 00 00 00 00 00 00 00
  can0  2C4   [8]  05 E7 00 1A 40 80 40 D4
  can0  260   [8]  08 FF F5 00 00 00 00 66
  can0  2C1   [8]  08 03 1F 03 0A D8 00 DA
  can0  0B4   [8]  00 00 00 00 00 00 00 BC
  can0  0BA   [4]  06 00 00 C4
  can0  232   [4]  03 03 08 46
  can0  2C5   [4]  00 05 C0 90
  can0  394   [1]  00
  can0  2D5   [2]  00 00
  can0  0B0   [6]  00 00 00 00 11 0A
  can0  0B2   [6]  00 00 00 00 11 0A
  can0  4C3   [8]  04 00 12 07 00 00 00 00
  can0  262   [5]  20 00 00 00 89
  can0  2D0   [8]  0B 88 09 00 B0 9C 00 C2
  can0  0B4   [8]  00 00 00 00 00 00 00 BC
  can0  223   [8]  00 00 00 00 00 00 00 2D
  can0  260   [8]  08 FF F5 00 00 00 00 66
  can0  2C6   [8]  00 00 00 00 00 00 00 D0
  can0  0B0   [6]  00 00 00 00 11 0B
  can0  0B2   [6]  00 00 00 00 11 0B
  can0  224   [8]  00 00 00 00 00 00 00 00
  can0  2C4   [8]  05 DF 00 1A 40 80 40 CC
  can0  0B4   [8]  00 00 00 00 00 00 00 BC
  can0  0BA   [4]  06 00 00 C4
  can0  232   [4]  03 03 08 46
  can0  262   [5]  20 00 00 00 89
  can0  2D5   [2]  00 00
  can0  2C1   [8]  08 03 31 03 0D D9 00 F0
  can0  0B0   [6]  00 00 00 00 11 0C
  can0  0B2   [6]  00 00 00 00 11 0C
  can0  0B4   [8]  00 00 00 00 00 00 00 BC
  can0  223   [8]  00 00 00 00 00 00 00 2D
  can0  260   [8]  08 FF F5 00 00 00 00 66
  can0  2D0   [8]  0B 82 09 00 B0 9C 00 BC
  can0  0B0   [6]  00 00 00 00 11 0D
  can0  0B2   [6]  00 00 00 00 11 0D
  can0  224   [8]  00 00 00 00 00 00 00 00
  can0  2C4   [8]  05 D5 00 1A 40 80 40 C2
  can0  262   [5]  20 00 00 00 89
  can0  2C5   [4]  00 05 C0 90
  can0  0B4   [8]  00 00 00 00 00 00 00 BC
  can0  0BA   [4]  06 01 00 C5
  can0  232   [4]  03 03 08 46
  can0  2C6   [8]  00 00 00 00 00 00 00 D0
  can0  2D5   [2]  00 00
  can0  4C8   [8]  09 00 01 06 00 00 00 00
  can0  0B0   [6]  00 00 00 00 11 0E
  can0  0B2   [6]  00 00 00 00 11 0E
  can0  3B4   [8]  00 00 42 4C 80 00 00 00
  can0  260   [8]  08 FF F4 00 00 00 00 65
  can0  0B4   [8]  00 00 00 00 00 00 00 BC
  can0  223   [8]  00 00 00 00 00 00 00 2D
  can0  2C1   [8]  08 03 51 03 17 DA 00 1B
  can0  0B0   [6]  00 00 00 00 11 0F
  can0  0B2   [6]  00 00 00 00 11 0F
  can0  224   [8]  00 00 00 00 00 00 00 00
  can0  262   [5]  20 00 00 00 89
  can0  2C4   [8]  05 DD 00 1A 40 80 40 CA
  can0  0B4   [8]  00 00 00 00 00 00 00 BC
  can0  0BA   [4]  06 01 00 C5
  can0  232   [4]  03 03 08 46
  can0  2D0   [8]  0B 79 09 00 B0 9C 00 B3
  can0  440   [8]  42 02 00 00 00 00 00 00
  can0  2D5   [2]  00 00
  can0  7DF   [8]  02 01 04 00 00 00 00 00
  can0  260   [8]  08 FF F3 00 00 00 00 64
  can0  3A0   [8]  00 00 00 00 00 00 00 00
  can0  0B0   [6]  00 00 00 00 11 00
  can0  0B2   [6]  00 00 00 00 11 00
  can0  2C6   [8]  00 00 00 00 00 00 00 D0
  can0  7E8   [8]  03 41 04 8D 00 00 00 00
  can0  0B4   [8]  00 00 00 00 00 00 00 BC
  can0  223   [8]  00 00 00 00 00 00 00 2D
  can0  262   [5]  20 00 00 00 89
  can0  2C4   [8]  05 E6 00 1A 40 80 40 D3
  can0  0B0   [6]  00 00 00 00 11 01
  can0  0B2   [6]  00 00 00 00 11 01
  can0  224   [8]  00 00 00 00 00 00 00 00
  can0  2C1   [8]  08 03 2F 03 19 D9 00 FA
  can0  2C5   [4]  00 05 C0 90
  can0  0B4   [8]  00 00 00 00 00 00 00 BC
  can0  0BA   [4]  06 00 00 C4
  can0  232   [4]  03 03 08 46
  can0  260   [8]  08 FF F3 00 00 00 00 64
  can0  2D5   [2]  00 00
  can0  0B0   [6]  00 00 00 00 11 02
  can0  0B2   [6]  00 00 00 00 11 02
  can0  2D0   [8]  0B 76 09 00 B0 9C 00 B0
  can0  262   [5]  20 00 00 00 89
  can0  0B4   [8]  00 00 00 00 00 00 00 BC
  can0  223   [8]  00 00 00 00 00 00 00 2D
  can0  3B7   [8]  00 00 00 00 00 00 00 00
  can0  2C6   [8]  00 00 00 00 00 00 00 D0
  can0  2C4   [8]  05 E3 00 1A 40 80 40 D0
  can0  0B0   [6]  00 00 00 00 11 03
  can0  0B2   [6]  00 00 00 00 11 03
  can0  224   [8]  00 00 00 00 00 00 00 00
  can0  260   [8]  08 FF F3 00 00 00 00 64
  can0  0B4   [8]  00 00 00 00 00 00 00 BC
  can0  0BA   [4]  06 01 00 C5
  can0  232   [4]  03 03 08 46
  can0  2D5   [2]  00 00
  can0  2C1   [8]  08 03 34 03 1F D9 00 05
  can0  262   [5]  20 00 00 00 89
  can0  0B0   [6]  00 00 00 00 11 04
  can0  0B2   [6]  00 00 00 00 11 04
  can0  0B4   [8]  00 00 00 00 00 00 00 BC
  can0  223   [8]  00 00 00 00 00 00 00 2D
  can0  2D0   [8]  0B 7A 09 00 B0 9C 00 B4
  can0  260   [8]  08 FF F3 00 00 00 00 64
  can0  2C4   [8]  05 DC 00 1A 40 80 40 C9
  can0  0B0   [6]  00 00 00 00 11 05
  can0  0B2   [6]  00 00 00 00 11 05
  can0  224   [8]  00 00 00 00 00 00 00 00
  can0  2C5   [4]  00 05 C0 90
  can0  2C6   [8]  00 00 00 00 00 00 00 D0
  can0  0B4   [8]  00 00 00 00 00 00 00 BC
  can0  0BA   [4]  06 01 00 C5
  can0  232   [4]  03 03 08 46
  can0  2D5   [2]  00 00
  can0  262   [5]  20 00 00 00 89
  can0  0B0   [6]  00 00 00 00 11 06
  can0  0B2   [6]  00 00 00 00 11 06
  can0  260   [8]  08 FF F3 00 00 00 00 64
  can0  2C1   [8]  08 03 3A 03 0E D9 00 FA
  can0  0B4   [8]  00 00 00 00 00 00 00 BC
  can0  223   [8]  00 00 00 00 00 00 00 2D
  can0  2C4   [8]  05 D9 00 1A 40 80 40 C6
  can0  0B0   [6]  00 00 00 00 11 07
  can0  0B2   [6]  00 00 00 00 11 07
  can0  224   [8]  00 00 00 00 00 00 00 00
  can0  262   [5]  20 00 00 00 89
  can0  2D0   [8]  0B 76 09 00 B0 9C 00 B0
  can0  442   [8]  40 02 00 00 02 00 00 00
  can0  2D5   [2]  00 00
  can0  0B4   [8]  00 00 00 00 00 00 00 BC
  can0  0BA   [4]  06 00 00 C4
  can0  232   [4]  03 03 08 46
  can0  0B0   [6]  00 00 00 00 11 08
  can0  0B2   [6]  00 00 00 00 11 08
  can0  2C6   [8]  00 00 00 00 00 00 00 D0
  can0  260   [8]  08 FF F3 00 00 00 00 64
  can0  3A0   [8]  00 00 00 00 00 00 00 00
  can0  0B4   [8]  00 00 00 00 00 00 00 BC
  can0  223   [8]  00 00 00 00 00 00 00 2D
  can0  7DF   [8]  02 01 05 00 00 00 00 00
  can0  7E8   [8]  03 41 05 48 00 00 00 00
  can0  2C4   [8]  05 D9 00 1A 40 80 40 C6
  can0  262   [5]  20 00 00 00 89
  can0  0B0   [6]  00 00 00 00 11 09
  can0  0B2   [6]  00 00 00 00 11 09
  can0  224   [8]  00 00 00 00 00 00 00 00
  can0  2C1   [8]  08 03 43 03 07 DA 00 FD
  can0  2C5   [4]  00 05 C0 90
  can0  2D5   [2]  00 00
  can0  0B4   [8]  00 00 00 00 00 00 00 BC
  can0  0BA   [4]  06 00 00 C4
  can0  232   [4]  03 03 08 46
  can0  260   [8]  08 FF F3 00 00 00 00 64
  can0  0B0   [6]  00 00 00 00 11 0A
  can0  0B2   [6]  00 00 00 00 11 0A
  can0  2D0   [8]  0B 72 09 00 B0 9C 00 AC
  can0  620   [8]  10 00 00 00 30 40 00 50
  can0  0B4   [8]  00 00 00 00 00 00 00 BC
  can0  223   [8]  00 00 00 00 00 00 00 2D
  can0  262   [5]  20 00 00 00 89
  can0  2C4   [8]  05 D8 00 1A 40 80 40 C5
  can0  2C6   [8]  00 00 00 00 00 00 00 D0
  can0  0B0   [6]  00 00 00 00 11 0B
  can0  0B2   [6]  00 00 00 00 11 0B
  can0  224   [8]  00 00 00 00 00 00 00 00
  can0  2D5   [2]  00 00
  can0  260   [8]  08 FF F3 00 00 00 00 64
  can0  0B4   [8]  00 00 00 00 00 00 00 BC
  can0  0BA   [4]  05 FF 00 C2
  can0  232   [4]  03 03 08 46
  can0  2C1   [8]  08 03 2E 02 FF D9 00 DE
  can0  3B3   [3]  05 D8 28
  can0  0B0   [6]  00 00 00 00 11 0C
  can0  0B2   [6]  00 00 00 00 11 0C
  can0  262   [5]  20 00 00 00 89
  can0  0B4   [8]  00 00 00 00 00 00 00 BC
  can0  223   [8]  00 00 00 00 00 00 00 2D
  can0  2C4   [8]  05 DA 00 1A 40 80 40 C7
  can0  2D0   [8]  0B 6C 09 00 B0 9C 00 A6
  can0  0B0   [6]  00 00 00 00 11 0D
  can0  0B2   [6]  00 00 00 00 11 0D
  can0  224   [8]  00 00 00 00 00 00 00 00
  can0  260   [8]  08 FF F3 00 00 00 00 64
  can0  2C6   [8]  00 00 00 00 00 00 00 D0
  can0  2D5   [2]  00 00
  can0  2C5   [4]  00 05 C0 90
  can0  0B4   [8]  00 00 00 00 00 00 00 BC
  can0  0BA   [4]  06 00 00 C4
  can0  232   [4]  03 03 08 46
  can0  262   [5]  20 00 00 00 89
  can0  0B0   [6]  00 00 00 00 11 0E
  can0  0B2   [6]  00 00 00 00 11 0E
  can0  2C1   [8]  08 03 36 03 11 D9 00 F9
  can0  0B4   [8]  00 00 00 00 00 00 00 BC
  can0  223   [8]  00 00 00 00 00 00 00 2D
  can0  2C4   [8]  05 DD 00 1A 40 80 40 CA
  can0  260   [8]  08 FF F3 00 00 00 00 64
  can0  0B0   [6]  00 00 00 00 11 0F
  can0  0B2   [6]  00 00 00 00 11 0F
  can0  224   [8]  00 00 00 00 00 00 00 00
  can0  2D0   [8]  0B 6C 09 00 B0 9C 00 A6
  can0  2D5   [2]  00 00
  can0  440   [8]  42 02 00 00 00 00 00 00
  can0  0B4   [8]  00 00 00 00 00 00 00 BC
  can0  0BA   [4]  06 00 00 C4
  can0  232   [4]  03 03 08 46
  can0  262   [5]  20 00 00 00 89
  can0  2C6   [8]  00 00 00 00 00 00 00 D0
  can0  0B0   [6]  00 00 00 00 11 00
  can0  0B2   [6]  00 00 00 00 11 00
  can0  260   [8]  08 FF F3 00 00 00 00 64
  can0  0B4   [8]  00 00 00 00 00 00 00 BC
  can0  223   [8]  00 00 00 00 00 00 00 2D
  can0  3A0   [8]  00 00 00 00 00 00 00 00
  can0  2C4   [8]  05 E2 00 1A 40 80 40 CF
  can0  2C1   [8]  08 03 31 03 1C D9 00 FF
  can0  0B0   [6]  00 00 00 00 11 01
  can0  0B2   [6]  00 00 00 00 11 01
  can0  224   [8]  00 00 00 00 00 00 00 00
  can0  7DF   [8]  02 01 0F 00 00 00 00 00
  can0  262   [5]  20 00 00 00 89
  can0  2D5   [2]  00 00
  can0  398   [2]  02 07
  can0  2C5   [4]  00 05 C0 90
  can0  7E8   [8]  03 41 0F 42 00 00 00 00
  can0  0B4   [8]  00 00 00 00 00 00 00 BC
  can0  0BA   [4]  05 FE 00 C1
  can0  232   [4]  03 03 08 46
  can0  2D0   [8]  0B 6F 09 00 B0 9C 00 A9
  can0  0B0   [6]  00 00 00 00 11 02
  can0  0B2   [6]  00 00 00 00 11 02
  can0  260   [8]  08 FF F3 00 00 00 00 64
  can0  394   [1]  00
  can0  0B4   [8]  00 00 00 00 00 00 00 BC
  can0  223   [8]  00 00 00 00 00 00 00 2D
  can0  2C4   [8]  05 E5 00 1A 40 80 40 D2
  can0  2C6   [8]  00 00 00 00 00 00 00 D0
  can0  262   [5]  20 00 00 00 89
  can0  0B0   [6]  00 00 00 00 11 03
  can0  0B2   [6]  00 00 00 00 11 03
  can0  224   [8]  00 00 00 00 00 00 00 00
  can0  4DC   [8]  1D 00 01 07 00 00 00 00
  can0  2D5   [2]  00 00
  can0  0B4   [8]  00 00 00 00 00 00 00 BC
  can0  0BA   [4]  05 FF 00 C2
  can0  232   [4]  03 03 08 46
  can0  2C1   [8]  08 03 33 03 26 D9 00 0B
  can0  260   [8]  08 FF F4 00 00 00 00 65
  can0  0B0   [6]  00 00 00 00 11 04
  can0  0B2   [6]  00 00 00 00 11 04
  can0  2C4   [8]  05 E1 00 1A 40 80 40 CE
  can0  0B4   [8]  00 00 00 00 00 00 00 BC
  can0  223   [8]  00 00 00 00 00 00 00 2D
  can0  262   [5]  20 00 00 00 89
  can0  2D0   [8]  0B 77 09 00 B0 9C 00 B1
  can0  0B0   [6]  00 00 00 00 11 05
  can0  0B2   [6]  00 00 00 00 11 05
  can0  224   [8]  00 00 00 00 00 00 00 00
  can0  2D5   [2]  00 00
  can0  2C6   [8]  00 00 00 00 00 00 00 D0
  can0  260   [8]  08 FF F4 00 00 00 00 65
  can0  2C5   [4]  00 05 C0 90
  can0  0B4   [8]  00 00 00 00 00 00 00 BC
  can0  0BA   [4]  06 00 00 C4
  can0  232   [4]  03 03 08 46
  can0  0B0   [6]  00 00 00 00 11 06
  can0  0B2   [6]  00 00 00 00 11 06
  can0  262   [5]  20 00 00 00 89
  can0  2C1   [8]  08 03 38 03 24 D9 00 0E
  can0  3B0   [5]  00 00 00 48 00
  can0  2C4   [8]  05 DF 00 1A 40 80 40 CC
  can0  0B4   [8]  00 00 00 00 00 00 00 BC
  can0  223   [8]  00 00 00 00 00 00 00 2D
  can0  0B0   [6]  00 00 00 00 11 07
  can0  0B2   [6]  00 00 00 00 11 07
  can0  224   [8]  00 00 00 00 00 00 00 00
  can0  260   [8]  08 FF F4 00 00 00 00 65
  can0  2D5   [2]  00 00
  can0  442   [8]  40 02 00 00 02 00 00 00
  can0  2D0   [8]  0B 77 09 00 B0 9C 00 B1
  can0  0B4   [8]  00 00 00 00 00 00 00 BC
  can0  0BA   [4]  05 FF 00 C2
  can0  232   [4]  03 03 08 46
  can0  262   [5]  20 00 00 00 89
  can0  2C6   [8]  00 00 00 00 00 00 00 D0
  can0  0B0   [6]  00 00 00 00 11 08
  can0  0B2   [6]  00 00 00 00 11 08
  can0  2C4   [8]  05 E3 00 1A 40 80 40 D0
  can0  0B4   [8]  00 00 00 00 00 00 00 BC
  can0  223   [8]  00 00 00 00 00 00 00 2D
  can0  260   [8]  08 FF F5 00 00 00 00 66
  can0  3A0   [8]  00 00 00 00 00 00 00 00
  can0  2C1   [8]  08 03 26 03 1A D9 00 F2
  can0  0B0   [6]  00 00 00 00 11 09
  can0  0B2   [6]  00 00 00 00 11 09
  can0  224   [8]  00 00 00 00 00 00 00 00
  can0  2D5   [2]  00 00
  can0  2C5   [4]  00 05 C0 90
  can0  262   [5]  20 00 00 00 89
  can0  0B4   [8]  00 00 00 00 00 00 00 BC
  can0  0BA   [4]  06 00 00 C4
  can0  232   [4]  03 03 08 46
  can0  2D0   [8]  0B 7B 09 00 B0 9C 00 B5
  can0  7DF   [8]  02 01 0B 00 00 00 00 00
  can0  0B0   [6]  00 00 00 00 11 0A
  can0  0B2   [6]  00 00 00 00 11 0A
  can0  260   [8]  08 FF F4 00 00 00 00 65
  can0  2C4   [8]  05 EB 00 1A 40 80 40 D8
  can0  2C6   [8]  00 00 00 00 00 00 00 D0
  can0  0B4   [8]  00 00 00 00 00 00 00 BC
  can0  223   [8]  00 00 00 00 00 00 00 2D
  can0  2D5   [2]  00 00
  can0  0B0   [6]  00 00 00 00 11 0B
  can0  0B2   [6]  00 00 00 00 11 0B
  can0  224   [8]  00 00 00 00 00 00 00 00
  can0  262   [5]  20 00 00 00 89
  can0  380   [8]  00 20 00 00 00 00 27 00
  can0  0B4   [8]  00 00 00 00 00 00 00 BC
  can0  0BA   [4]  06 00 00 C4
  can0  232   [4]  03 03 08 46
  can0  2C1   [8]  08 03 12 03 1D D8 00 E0
  can0  3B7   [8]  00 00 00 00 00 00 00 00
  can0  260   [8]  08 FF F3 00 00 00 00 64
  can0  0B0   [6]  00 00 00 00 11 0C
  can0  0B2   [6]  00 00 00 00 11 0C
  can0  2C4   [8]  05 EB 00 1A 40 80 40 D8
  can0  2D0   [8]  0B 86 09 00 B0 9C 00 C0
  can0  0B4   [8]  00 00 00 00 00 00 00 BC
  can0  223   [8]  00 00 00 00 00 00 00 2D
  can0  262   [5]  20 00 00 00 89
  can0  2D5   [2]  00 00
  can0  0B0   [6]  00 00 00 00 11 0D
  can0  0B2   [6]  00 00 00 00 11 0D
  can0  224   [8]  00 00 00 00 00 00 00 00
  can0  2C6   [8]  00 00 00 00 00 00 00 D0
  can0  2C5   [4]  00 05 C0 90
  can0  0B4   [8]  00 00 00 00 00 00 00 BC
  can0  0BA   [4]  06 00 00 C4
  can0  232   [4]  03 03 08 46
  can0  260   [8]  08 FF F4 00 00 00 00 65
  can0  3A1   [8]  00 00 00 00 00 00 00 00
  can0  0B0   [6]  00 00 00 00 11 0E
  can0  0B2   [6]  00 00 00 00 11 0E
  can0  2C1   [8]  08 03 21 03 1C D9 00 EF
  can0  2C4   [8]  05 E1 00 1A 40 80 40 CE
  can0  262   [5]  20 00 00 00 89
  can0  0B4   [8]  00 00 00 00 00 00 00 BC
  can0  223   [8]  00 00 00 00 00 00 00 2D
  can0  2D5   [2]  00 00
  can0  0B0   [6]  00 00 00 00 11 0F
  can0  0B2   [6]  00 00 00 00 11 0F
  can0  224   [8]  00 00 00 00 00 00 00 00
  can0  2D0   [8]  0B 86 09 00 B0 9C 00 C0
  can0  440   [8]  42 02 00 00 00 00 00 00
  can0  260   [8]  08 FF F3 00 00 00 00 64
  can0  0B4   [8]  00 00 00 00 00 00 00 BC
  can0  0BA   [4]  06 00 00 C4
  can0  232   [4]  03 03 08 46
  can0  2C6   [8]  00 00 00 00 00 00 00 D0
  can0  0B0   [6]  00 00 00 00 11 00
  can0  0B2   [6]  00 00 00 00 11 00
  can0  262   [5]  20 00 00 00 89
  can0  2C4   [8]  05 E4 00 1A 40 80 40 D1
  can0  0B4   [8]  00 00 00 00 00 00 00 BC
  can0  223   [8]  00 00 00 00 00 00 00 2D
  can0  2C1   [8]  08 03 33 03 28 D9 00 0D
  can0  2D5   [2]  00 00
  can0  260   [8]  08 FF F3 00 00 00 00 64
  can0  0B0   [6]  00 00 00 00 11 01
  can0  0B2   [6]  00 00 00 00 11 01
  can0  224   [8]  00 00 00 00 00 00 00 00
  can0  3A0   [8]  00 00 00 00 00 00 00 00
  can0  610   [8]  20 00 00 64 00 00 00 00
  can0  2C5   [4]  00 05 C0 90
  can0  0B4   [8]  00 00 00 00 00 00 00 BC
  can0  0BA   [4]  06 01 00 C5
  can0  232   [4]  03 03 08 46
  can0  2D0   [8]  0B 85 09 00 B0 9C 00 BF
  can0  262   [5]  20 00 00 00 89
  can0  611   [8]  21 00 00 10 00 03 C1 4F
  can0  0B0   [6]  00 00 00 00 11 02
  can0  0B2   [6]  00 00 00 00 11 02
  can0  2C4   [8]  05 E3 00 1A 40 80 40 D0
  can0  2C6   [8]  00 00 00 00 00 00 00 D0
  can0  0B4   [8]  00 00 00 00 00 00 00 BC
  can0  223   [8]  00 00 00 00 00 00 00 2D
  can0  260   [8]  08 FF F3 00 00 00 00 64
  can0  2D5   [2]  00 00
  can0  620   [8]  10 00 00 00 30 40 00 50
  can0  0B0   [6]  00 00 00 00 11 03
  can0  0B2   [6]  00 00 00 00 11 03
  can0  224   [8]  00 00 00 00 00 00 00 00
  can0  2C1   [8]  08 03 26 03 21 D9 00 F9
  can0  262   [5]  20 00 00 00 89
  can0  0B4   [8]  00 00 00 00 00 00 00 BC
  can0  0BA   [4]  06 02 00 C6
  can0  232   [4]  03 03 08 46
  can0  0B0   [6]  00 00 00 00 11 04
  can0  0B2   [6]  00 00 00 00 11 04
  can0  2C4   [8]  05 E5 00 1A 40 80 40 D2
  can0  260   [8]  08 FF F3 00 00 00 00 64
  can0  2D0   [8]  0B 84 09 00 B0 9C 00 BE
  can0  0B4   [8]  00 00 00 00 00 00 00 BC
  can0  223   [8]  00 00 00 00 00 00 00 2D
  can0  2D5   [2]  00 00
  can0  0B0   [6]  00 00 00 00 11 05
  can0  0B2   [6]  00 00 00 00 11 05
  can0  224   [8]  00 00 00 00 00 00 00 00
  can0  2C6   [8]  00 00 00 00 00 00 00 D0
  can0  262   [5]  20 00 00 00 89
  can0  2C5   [4]  00 05 C0 90
  can0  0B4   [8]  00 00 00 00 00 00 00 BC
  can0  0BA   [4]  06 01 00 C5
  can0  232   [4]  03 03 08 46
  can0  260   [8]  08 FF F3 00 00 00 00 64
  can0  0B0   [6]  00 00 00 00 11 06
  can0  0B2   [6]  00 00 00 00 11 06
  can0  2C1   [8]  08 03 2E 03 28 D9 00 08
  can0  2C4   [8]  05 E4 00 1A 40 80 40 D1
  can0  0B4   [8]  00 00 00 00 00 00 00 BC
  can0  223   [8]  00 00 00 00 00 00 00 2D
  can0  2D5   [2]  00 00
  can0  262   [5]  20 00 00 00 89
  can0  442   [8]  40 02 00 00 02 00 00 00
  can0  2D0   [8]  0B 84 09 00 B0 9C 00 BE
  can0  0B0   [6]  00 00 00 00 11 07
  can0  0B2   [6]  00 00 00 00 11 07
  can0  224   [8]  00 00 00 00 00 00 00 00
  can0  0B4   [8]  00 00 00 00 00 00 00 BC
  can0  0BA   [4]  06 01 00 C5
  can0  232   [4]  03 03 08 46
  can0  260   [8]  08 FF F3 00 00 00 00 64
  can0  2C6   [8]  00 00 00 00 00 00 00 D0
  can0  2C4   [8]  05 E4 00 1A 40 80 40 D1
  can0  0B0   [6]  00 00 00 00 11 08
  can0  0B2   [6]  00 00 00 00 11 08
  can0  621   [8]  11 00 00 00 00 00 00 00
  can0  262   [5]  20 00 00 00 89
  can0  0B4   [8]  00 00 00 00 00 00 00 BC
  can0  223   [8]  00 00 00 00 00 00 00 2D
  can0  2C1   [8]  08 03 2E 03 2A D9 00 0A
  can0  2D5   [2]  00 00
  can0  0B0   [6]  00 00 00 00 11 09
  can0  0B2   [6]  00 00 00 00 11 09
  can0  224   [8]  00 00 00 00 00 00 00 00
  can0  260   [8]  08 FF F3 00 00 00 00 64
  can0  2C5   [4]  00 05 C0 90
  can0  3A0   [8]  00 00 00 00 00 00 00 00
  can0  0B4   [8]  00 00 00 00 00 00 00 BC
  can0  0BA   [4]  06 02 00 C6
  can0  232   [4]  03 03 08 46
  can0  2D0   [8]  0B 84 09 00 B0 9C 00 BE
  can0  622   [8]  12 00 00 00 00 00 00 00
  can0  2C4   [8]  05 E5 00 1A 40 80 40 D2
  can0  0B0   [6]  00 00 00 00 11 0A
  can0  0B2   [6]  00 00 00 00 11 0A
  can0  262   [5]  20 00 00 00 89
  can0  2C6   [8]  00 00 00 00 00 00 00 D0
  can0  624   [8]  1A 00 00 49 49 00 00 00
  can0  0B4   [8]  00 00 00 00 00 00 00 BC
  can0  223   [8]  00 00 00 00 00 00 00 2D
  can0  2D5   [2]  00 00
  can0  260   [8]  08 FF F3 00 00 00 00 64
  can0  0B0   [6]  00 00 00 00 11 0B
  can0  0B2   [6]  00 00 00 00 11 0B
  can0  224   [8]  00 00 00 00 00 00 00 00
  can0  630   [8]  17 00 00 00 00 00 00 00
  can0  394   [1]  00
  can0  2C1   [8]  08 03 24 03 26 D9 00 FC
  can0  0B4   [8]  00 00 00 00 00 00 00 BC
  can0  0BA   [4]  06 00 00 C4
  can0  232   [4]  03 03 08 46
  can0  262   [5]  20 00 00 00 89
  can0  2C4   [8]  05 ED 00 1A 40 80 40 DA
  can0  0B0   [6]  00 00 00 00 11 0C
  can0  0B2   [6]  00 00 00 00 11 0C
  can0  638   [8]  13 00 10 00 00 00 00 00
  can0  2D0   [8]  0B 84 09 00 B0 9C 00 BE
  can0  0B4   [8]  00 00 00 00 00 00 00 BC
  can0  223   [8]  00 00 00 00 00 00 00 2D
  can0  260   [8]  08 FF F3 00 00 00 00 64
  can0  2D5   [2]  00 00
  can0  640   [8]  A8 00 00 00 01 8B 00 00
  can0  2C6   [8]  00 00 00 00 00 00 00 D0
  can0  0B0   [6]  00 00 00 00 11 0D
  can0  0B2   [6]  00 00 00 00 11 0D
  can0  224   [8]  00 00 00 00 00 00 00 00
  can0  2C5   [4]  00 05 C0 90
  can0  262   [5]  20 00 00 00 89
  can0  0B4   [8]  00 00 00 00 00 00 00 BC
  can0  0BA   [4]  06 01 00 C5
  can0  232   [4]  03 03 08 46
  can0  2C4   [8]  05 E8 00 1A 40 80 40 D5
  can0  2C1   [8]  08 03 1A 03 21 D8 00 EC
  can0  0B0   [6]  00 00 00 00 11 0E
  can0  0B2   [6]  00 00 00 00 11 0E
  can0  260   [8]  08 FF F3 00 00 00 00 64
  can0  0B4   [8]  00 00 00 00 00 00 00 BC
  can0  223   [8]  00 00 00 00 00 00 00 2D
  can0  2D5   [2]  00 00
  can0  4DD   [8]  1E 00 00 05 00 00 00 00
  can0  2D0   [8]  0B 88 09 00 B0 9C 00 C2
  can0  0B0   [6]  00 00 00 00 11 0F
  can0  0B2   [6]  00 00 00 00 11 0F
  can0  224   [8]  00 00 00 00 00 00 00 00
  can0  262   [5]  20 00 00 00 89
  can0  440   [8]  42 02 00 00 00 00 00 00
  can0  0B4   [8]  00 00 00 00 00 00 00 BC
  can0  0BA   [4]  06 00 00 C4
  can0  232   [4]  03 03 08 46
  can0  2C6   [8]  00 00 00 00 00 00 00 D0
  can0  2C4   [8]  05 F2 00 1A 40 80 40 DF
  can0  260   [8]  08 FF F3 00 00 00 00 64
  can0  0B0   [6]  00 00 00 00 11 00
  can0  0B2   [6]  00 00 00 00 11 00
  can0  2D5   [2]  00 00
  can0  0B4   [8]  00 00 00 00 00 00 00 BC
  can0  223   [8]  00 00 00 00 00 00 00 2D
  can0  2C1   [8]  08 03 0F 03 1A D8 00 DA
  can0  262   [5]  20 00 00 00 89
  can0  0B0   [6]  00 00 00 00 11 01
  can0  0B2   [6]  00 00 00 00 11 01
  can0  224   [8]  00 00 00 00 00 00 00 00
  can0  2C5   [4]  00 05 C0 90
  can0  2D0   [8]  0B 8F 09 00 B0 9C 00 C9
  can0  0B4   [8]  00 00 00 00 00 00 00 BC
  can0  0BA   [4]  05 FF 00 C2
  can0  232   [4]  03 03 08 46
  can0  260   [8]  08 FF F3 00 00 00 00 64
  can0  3A0   [8]  00 00 00 00 00 00 00 00
  can0  2C4   [8]  05 F2 00 1A 40 80 40 DF
  can0  0B0   [6]  00 00 00 00 11 02
  can0  0B2   [6]  00 00 00 00 11 02
  can0  2C6   [8]  00 00 00 00 00 00 00 D0
  can0  262   [5]  20 00 00 00 89
  can0  2D5   [2]  00 00
  can0  0B4   [8]  00 00 00 00 00 00 00 BC
  can0  223   [8]  00 00 00 00 00 00 00 2D
  can0  0B0   [6]  00 00 00 00 11 03
  can0  0B2   [6]  00 00 00 00 11 03
  can0  224   [8]  00 00 00 00 00 00 00 00
  can0  260   [8]  08 FF F4 00 00 00 00 65
  can0  2C1   [8]  08 03 14 03 24 D8 00 E9
  can0  0B4   [8]  00 00 00 00 00 00 00 BC
  can0  0BA   [4]  05 FF 00 C2
  can0  232   [4]  03 03 08 46
  can0  2C4   [8]  05 F7 00 1A 40 80 40 E4
  can0  262   [5]  20 00 00 00 89
  can0  0B0   [6]  00 00 00 00 11 04
  can0  0B2   [6]  00 00 00 00 11 04
  can0  2D0   [8]  0B 98 09 00 B0 9C 00 D2
  can0  2D5   [2]  00 00
  can0  0B4   [8]  00 00 00 00 00 00 00 BC
  can0  223   [8]  00 00 00 00 00 00 00 2D
  can0  3B7   [8]  00 00 00 00 00 00 00 00
  can0  2C6   [8]  00 00 00 00 00 00 00 D0
  can0  260   [8]  08 FF F5 00 00 00 00 66
  can0  0B0   [6]  00 00 00 00 11 05
  can0  0B2   [6]  00 00 00 00 11 05
  can0  224   [8]  00 00 00 00 00 00 00 00
  can0  2C5   [4]  00 05 C0 90
  can0  0B4   [8]  00 00 00 00 00 00 00 BC
  can0  0BA   [4]  05 FF 00 C2
  can0  232   [4]  03 03 08 46
  can0  262   [5]  20 00 00 00 89
  can0  2C4   [8]  05 EF 00 1A 40 80 40 DC
  can0  2C1   [8]  08 03 19 03 36 D8 00 00
  can0  0B0   [6]  00 00 00 00 11 06
  can0  0B2   [6]  00 00 00 00 11 06
  can0  2D5   [2]  00 00
  can0  3B3   [3]  05 E6 28
  can0  260   [8]  08 FF F5 00 00 00 00 66
  can0  0B4   [8]  00 00 00 00 00 00 00 BC
  can0  223   [8]  00 00 00 00 00 00 00 2D
  can0  442   [8]  40 02 00 00 02 00 00 00
  can0  2D0   [8]  0B 9E 09 00 B0 9C 00 D8
  can0  7DF   [8]  02 01 10 00 00 00 00 00
  can0  0B0   [6]  00 00 00 00 11 07
  can0  0B2   [6]  00 00 00 00 11 07
  can0  224   [8]  00 00 00 00 00 00 00 00
  can0  7E8   [8]  04 41 10 01 EF 00 00 00
  can0  262   [5]  20 00 00 00 89
  can0  2C6   [8]  00 00 00 00 00 00 00 D0
  can0  0B4   [8]  00 00 00 00 00 00 00 BC
  can0  0BA   [4]  05 FE 00 C1
  can0  232   [4]  03 03 08 46
  can0  2C4   [8]  05 E2 00 1A 40 80 40 CF
  can0  0B0   [6]  00 00 00 00 11 08
  can0  0B2   [6]  00 00 00 00 11 08
  can0  260   [8]  08 FF F4 00 00 00 00 65
  can0  2D5   [2]  00 00
  can0  2C1   [8]  08 03 57 03 31 DA 00 3B
  can0  0B4   [8]  00 00 00 00 00 00 00 BC
  can0  223   [8]  00 00 00 00 00 00 00 2D
  can0  4C1   [8]  01 00 09 08 00 00 00 00
  can0  262   [5]  20 00 00 00 89
  can0  0B0   [6]  00 00 00 00 11 09
  can0  0B2   [6]  00 00 00 00 11 09
  can0  224   [8]  00 00 00 00 00 00 00 00
  can0  2C5   [4]  00 05 C0 90
  can0  2D0   [8]  0B 94 09 00 B0 9C 00 CE
  can0  0B4   [8]  00 00 00 00 00 00 00 BC
  can0  0BA   [4]  05 FF 00 C2
  can0  232   [4]  03 03 08 46
  can0  2C4   [8]  05 E1 00 1A 40 80 40 CE
  can0  260   [8]  08 FF F3 00 00 00 00 64
  can0  3A0   [8]  00 00 00 00 00 00 00 00
  can0  0B0   [6]  00 00 00 00 11 0A
  can0  0B2   [6]  00 00 00 00 11 0A
  can0  2C6   [8]  00 00 00 00 00 00 00 D0
  can0  2D5   [2]  00 00
  can0  0B4   [8]  00 00 00 00 00 00 00 BC
  can0  223   [8]  00 00 00 00 00 00 00 2D
  can0  262   [5]  20 00 00 00 89
  can0  0B0   [6]  00 00 00 00 11 0B
  can0  0B2   [6]  00 00 00 00 11 0B
  can0  224   [8]  00 00 00 00 00 00 00 00
  can0  2C1   [8]  08 03 46 03 24 DA 00 1D
  can0  260   [8]  08 FF F3 00 00 00 00 64
  can0  2C4   [8]  05 E7 00 1A 40 80 40 D4
  can0  0B4   [8]  00 00 00 00 00 00 00 BC
  can0  0BA   [4]  05 FF 00 C2
  can0  232   [4]  03 03 08 46
  can0  620   [8]  10 00 00 00 30 40 00 50
  can0  0B0   [6]  00 00 00 00 11 0C
  can0  0B2   [6]  00 00 00 00 11 0C
  can0  2D0   [8]  0B 8A 09 00 B0 9C 00 C4
  can0  2D5   [2]  00 00
  can0  262   [5]  20 00 00 00 89
  can0  0B4   [8]  00 00 00 00 00 00 00 BC
  can0  223   [8]  00 00 00 00 00 00 00 2D
  can0  2C6   [8]  00 00 00 00 00 00 00 D0
  can0  0B0   [6]  00 00 00 00 11 0D
  can0  0B2   [6]  00 00 00 00 11 0D
  can0  224   [8]  00 00 00 00 00 00 00 00
  can0  260   [8]  08 FF F3 00 00 00 00 64
  can0  2C5   [4]  00 05 C0 90
  can0  2C4   [8]  05 EC 00 1A 40 80 40 D9
  can0  0B4   [8]  00 00 00 00 00 00 00 BC
  can0  0BA   [4]  05 FF 00 C2
  can0  232   [4]  03 03 08 46
  can0  2C1   [8]  08 03 21 03 2D D9 00 00
  can0  262   [5]  20 00 00 00 89
  can0  0B0   [6]  00 00 00 00 11 0E
  can0  0B2   [6]  00 00 00 00 11 0E
  can0  2D5   [2]  00 00
  can0  0B4   [8]  00 00 00 00 00 00 00 BC
  can0  223   [8]  00 00 00 00 00 00 00 2D
  can0  2D0   [8]  0B 8E 09 00 B0 9C 00 C8
  can0  260   [8]  08 FF F3 00 00 00 00 64
  can0  3B1   [8]  00 00 02 2A A0 00 00 00
  can0  440   [8]  42 02 00 00 00 00 00 00
  can0  0B0   [6]  00 00 00 00 11 0F
  can0  0B2   [6]  00 00 00 00 11 0F
  can0  224   [8]  00 00 00 00 00 00 00 00
  can0  2C6   [8]  00 00 00 00 00 00 00 D0
  can0  2C4   [8]  05 F1 00 1A 40 80 40 DE
  can0  0B4   [8]  00 00 00 00 00 00 00 BC
  can0  0BA   [4]  05 FF 00 C2
  can0  232   [4]  03 03 08 46
  can0  7DF   [8]  02 01 11 00 00 00 00 00
  can0  262   [5]  20 00 00 00 89
  can0  7E8   [8]  03 41 11 34 00 00 00 00
  can0  0B0   [6]  00 00 00 00 11 00
  can0  0B2   [6]  00 00 00 00 11 00
  can0  2D5   [2]  00 00
  can0  2C1   [8]  08 03 25 03 31 D9 00 08
  can0  260   [8]  08 FF F3 00 00 00 00 64
  can0  0B4   [8]  00 00 00 00 00 00 00 BC
  can0  223   [8]  00 00 00 00 00 00 00 2D
  can0  0B0   [6]  00 00 00 00 11 01
  can0  0B2   [6]  00 00 00 00 11 01
  can0  224   [8]  00 00 00 00 00 00 00 00
  can0  262   [5]  20 00 00 00 89
  can0  2C5   [4]  00 05 C0 90
  can0  2D0   [8]  0B 92 09 00 B0 9C 00 CC
  can0  2C4   [8]  05 F1 00 1A 40 80 40 DE
  can0  0B4   [8]  00 00 00 00 00 00 00 BC
  can0  0BA   [4]  06 00 00 C4
  can0  232   [4]  03 03 08 46
  can0  2C6   [8]  00 00 00 00 00 00 00 D0
  can0  0B0   [6]  00 00 00 00 11 02
  can0  0B2   [6]  00 00 00 00 11 02
  can0  2D5   [2]  00 00
  can0  260   [8]  08 FF F3 00 00 00 00 64
  can0  3A0   [8]  00 00 00 00 00 00 00 00
  can0  0B4   [8]  00 00 00 00 00 00 00 BC
  can0  223   [8]  00 00 00 00 00 00 00 2D
  can0  262   [5]  20 00 00 00 89
  can0  2C1   [8]  08 03 1C 03 2D D8 00 FA
  can0  0B0   [6]  00 00 00 00 11 03
  can0  0B2   [6]  00 00 00 00 11 03
  can0  224   [8]  00 00 00 00 00 00 00 00
  can0  2C4   [8]  05 F1 00 1A 40 80 40 DE
  can0  0B4   [8]  00 00 00 00 00 00 00 BC
  can0  0BA   [4]  06 00 00 C4
  can0  232   [4]  03 03 08 46
  can0  260   [8]  08 FF F3 00 00 00 00 64
  can0  2D0   [8]  0B 98 09 00 B0 9C 00 D2
  can0  2D5   [2]  00 00
  can0  0B0   [6]  00 00 00 00 11 04
  can0  0B2   [6]  00 00 00 00 11 04
  can0  394   [1]  00
  can0  0B4   [8]  00 00 00 00 00 00 00 BC
  can0  223   [8]  00 00 00 00 00 00 00 2D
  can0  262   [5]  20 00 00 00 89
  can0  2C6   [8]  00 00 00 00 00 00 00 D0
  can0  0B0   [6]  00 00 00 00 11 05
  can0  0B2   [6]  00 00 00 00 11 05
  can0  224   [8]  00 00 00 00 00 00 00 00
  can0  2C4   [8]  05 FB 00 1A 40 80 40 E8
  can0  2C5   [4]  00 05 C0 90
  can0  260   [8]  08 FF F3 00 00 00 00 64
  can0  0B4   [8]  00 00 00 00 00 00 00 BC
  can0  0BA   [4]  06 00 00 C4
  can0  232   [4]  03 03 08 46
  can0  2C1   [8]  08 03 0A 03 2A D8 00 E5
  can0  2D5   [2]  00 00
  can0  0B0   [6]  00 00 00 00 11 06
  can0  0B2   [6]  00 00 00 00 11 06
  can0  262   [5]  20 00 00 00 89
  can0  442   [8]  40 02 00 00 02 00 00 00
  can0  0B4   [8]  00 00 00 00 00 00 00 BC
  can0  223   [8]  00 00 00 00 00 00 00 2D
  can0  2D0   [8]  0B A1 09 00 B0 9C 00 DB
  can0  260   [8]  08 FF F3 00 00 00 00 64
  can0  0B0   [6]  00 00 00 00 11 07
  can0  0B2   [6]  00 00 00 00 11 07
  can0  224   [8]  00 00 00 00 00 00 00 00
  can0  2C4   [8]  05 FC 00 1A 40 80 40 E9
  can0  2C6   [8]  00 00 00 00 00 00 00 D0
  can0  0B4   [8]  00 00 00 00 00 00 00 BC
  can0  0BA   [4]  06 01 00 C5
  can0  232   [4]  03 03 08 46
  can0  4C3   [8]  04 00 12 07 00 00 00 00
  can0  262   [5]  20 00 00 00 89
  can0  2D5   [2]  00 00
  can0  7DF   [8]  02 01 0E 00 00 00 00 00
  can0  0B0   [6]  00 00 00 00 11 08
  can0  0B2   [6]  00 00 00 00 11 08
  can0  7E8   [8]  03 41 0E 8E 00 00 00 00
  can0  2C1   [8]  08 03 14 03 2C D8 00 F1
  can0  0B4   [8]  00 00 00 00 00 00 00 BC
  can0  223   [8]  00 00 00 00 00 00 00 2D
  can0  260   [8]  08 FF F3 00 00 00 00 64
  can0  0B0   [6]  00 00 00 00 11 09
  can0  0B2   [6]  00 00 00 00 11 09
  can0  224   [8]  00 00 00 00 00 00 00 00
  can0  2C4   [8]  05 F5 00 1A 40 80 40 E2
  can0  2D0   [8]  0B A8 09 00 B0 9C 00 E2
  can0  2C5   [4]  00 05 C0 90
  can0  0B4   [8]  00 00 00 00 00 00 00 BC
  can0  0BA   [4]  06 01 00 C5
  can0  232   [4]  03 03 08 46
  can0  262   [5]  20 00 00 00 89
  can0  2C6   [8]  00 00 00 00 00 00 00 D0
  can0  2D5   [2]  00 00
  can0  0B0   [6]  00 00 00 00 11 0A
  can0  0B2   [6]  00 00 00 00 11 0A
  can0  260   [8]  08 FF F3 00 00 00 00 64
  can0  0B4   [8]  00 00 00 00 00 00 00 BC
  can0  223   [8]  00 00 00 00 00 00 00 2D
  can0  3A0   [8]  00 00 00 00 00 00 00 00
  can0  610   [8]  20 00 00 64 00 00 00 00
  can0  2C1   [8]  08 03 18 03 30 D8 00 F9
  can0  0B0   [6]  00 00 00 00 11 0B
  can0  0B2   [6]  00 00 00 00 11 0B
  can0  224   [8]  00 00 00 00 00 00 00 00
  can0  2C4   [8]  05 F9 00 1A 40 80 40 E6
  can0  262   [5]  20 00 00 00 89
  can0  0B4   [8]  00 00 00 00 00 00 00 BC
  can0  0BA   [4]  06 00 00 C4
  can0  232   [4]  03 03 08 46
  can0  2D0   [8]  0B A9 09 00 B0 9C 00 E3
  can0  2D5   [2]  00 00
  can0  260   [8]  08 FF F3 00 00 00 00 64
  can0  0B0   [6]  00 00 00 00 11 0C
  can0  0B2   [6]  00 00 00 00 11 0C
  can0  2C6   [8]  00 00 00 00 00 00 00 D0
  can0  0B4   [8]  00 00 00 00 00 00 00 BC
  can0  223   [8]  00 00 00 00 00 00 00 2D
  can0  262   [5]  20 00 00 00 89
  can0  0B0   [6]  00 00 00 00 11 0D
  can0  0B2   [6]  00 00 00 00 11 0D
  can0  224   [8]  00 00 00 00 00 00 00 00
  can0  2C4   [8]  05 F9 00 1A 40 80 40 E6
  can0  2C5   [4]  00 05 C0 90
  can0  2C1   [8]  08 03 1D 03 32 D8 00 00
  can0  0B4   [8]  00 00 00 00 00 00 00 BC
  can0  0BA   [4]  06 01 00 C5
  can0  232   [4]  03 03 08 46
  can0  3B7   [8]  00 00 00 00 00 00 00 00
  can0  260   [8]  08 FF F3 00 00 00 00 64
  can0  2D5   [2]  00 00
  can0  0B0   [6]  00 00 00 00 11 0E
  can0  0B2   [6]  00 00 00 00 11 0E
  can0  2D0   [8]  0B AB 09 00 B0 9C 00 E5
  can0  262   [5]  20 00 00 00 89
  can0  0B4   [8]  00 00 00 00 00 00 00 BC
  can0  223   [8]  00 00 00 00 00 00 00 2D
  can0  440   [8]  42 02 00 00 00 00 00 00
  can0  4C8   [8]  09 00 01 06 00 00 00 00
  can0  0B0   [6]  00 00 00 00 11 0F
  can0  0B2   [6]  00 00 00 00 11 0F
  can0  224   [8]  00 00 00 00 00 00 00 00
  can0  2C4   [8]  05 E8 00 1A 40 80 40 D5
  can0  2C6   [8]  00 00 00 00 00 00 00 D0
  can0  260   [8]  08 FF F3 00 00 00 00 64
  can0  0B4   [8]  00 00 00 00 00 00 00 BC
  can0  0BA   [4]  06 00 00 C4
  can0  232   [4]  03 03 08 46
  can0  2D5   [2]  00 00
  can0  0B0   [6]  00 00 00 00 11 00
  can0  0B2   [6]  00 00 00 00 11 00
  can0  262   [5]  20 00 00 00 89
  can0  2C1   [8]  08 03 50 03 27 DA 00 2A
  can0  7DF   [8]  02 01 06 00 00 00 00 00
  can0  0B4   [8]  00 00 00 00 00 00 00 BC
  can0  223   [8]  00 00 00 00 00 00 00 2D
  can0  7E8   [8]  03 41 06 77 00 00 00 00
  can0  260   [8]  08 FF F4 00 00 00 00 65
  can0  2C4   [8]  05 EE 00 1A 40 80 40 DB
  can0  0B0   [6]  00 00 00 00 11 01
  can0  0B2   [6]  00 00 00 00 11 01
  can0  224   [8]  00 00 00 00 00 00 00 00
  can0  2D0   [8]  0B A7 09 00 B0 9C 00 E1
  can0  2C5   [4]  00 05 C0 90
  can0  0B4   [8]  00 00 00 00 00 00 00 BC
  can0  0BA   [4]  06 01 00 C5
  can0  232   [4]  03 03 08 46
  can0  2D5   [2]  00 00
  can0  2C6   [8]  00 00 00 00 00 00 00 D0
  can0  262   [5]  20 00 00 00 89
  can0  0B0   [6]  00 00 00 00 11 02
  can0  0B2   [6]  00 00 00 00 11 02
  can0  0B4   [8]  00 00 00 00 00 00 00 BC
  can0  223   [8]  00 00 00 00 00 00 00 2D
  can0  260   [8]  08 FF F5 00 00 00 00 66
  can0  2C1   [8]  08 03 22 03 2A D9 00 FE
  can0  3A0   [8]  00 00 00 00 00 00 00 00
  can0  2C4   [8]  05 F2 00 1A 40 80 40 DF
  can0  3B4   [8]  00 00 42 4C 80 00 00 00
  can0  0B0   [6]  00 00 00 00 11 03
  can0  0B2   [6]  00 00 00 00 11 03
  can0  224   [8]  00 00 00 00 00 00 00 00
  can0  262   [5]  20 00 00 00 89
  can0  0B4   [8]  00 00 00 00 00 00 00 BC
  can0  0BA   [4]  06 02 00 C6
  can0  232   [4]  03 03 08 46
  can0  2D5   [2]  00 00
  can0  2D0   [8]  0B A0 09 00 B0 9C 00 DA
  can0  0B0   [6]  00 00 00 00 11 04
  can0  0B2   [6]  00 00 00 00 11 04
  can0  260   [8]  08 FF F4 00 00 00 00 65
  can0  2C6   [8]  00 00 00 00 00 00 00 D0
  can0  0B4   [8]  00 00 00 00 00 00 00 BC
  can0  223   [8]  00 00 00 00 00 00 00 2D
  can0  620   [8]  10 00 00 00 30 40 00 50
  can0  2C4   [8]  05 EE 00 1A 40 80 40 DB
  can0  0B0   [6]  00 00 00 00 11 05
  can0  0B2   [6]  00 00 00 00 11 05
  can0  224   [8]  00 00 00 00 00 00 00 00
  can0  262   [5]  20 00 00 00 89
  can0  2C5   [4]  00 05 C0 90
  can0  2C1   [8]  08 03 26 03 20 D9 00 F8
  can0  0B4   [8]  00 00 00 00 00 00 00 BC
  can0  0BA   [4]  06 01 00 C5
  can0  232   [4]  03 03 08 46
  can0  2D5   [2]  00 00
  can0  260   [8]  08 FF F5 00 00 00 00 66
  can0  0B0   [6]  00 00 00 00 11 06
  can0  0B2   [6]  00 00 00 00 11 06
  can0  442   [8]  40 02 00 00 02 00 00 00
  can0  2D0   [8]  0B 9D 09 00 B0 9C 00 D7
  can0  0B4   [8]  00 00 00 00 00 00 00 BC
  can0  223   [8]  00 00 00 00 00 00 00 2D
  can0  262   [5]  20 00 00 00 89
  can0  2C4   [8]  05 EC 00 1A 40 80 40 D9
  can0  2C6   [8]  00 00 00 00 00 00 00 D0
  can0  0B0   [6]  00 00 00 00 11 07
  can0  0B2   [6]  00 00 00 00 11 07
  can0  224   [8]  00 00 00 00 00 00 00 00
  can0  2D5   [2]  00 00
  can0  0B4   [8]  00 00 00 00 00 00 00 BC
  can0  0BA   [4]  06 00 00 C4
  can0  232   [4]  03 03 08 46
  can0  260   [8]  08 FF F3 00 00 00 00 64
  can0  2C1   [8]  08 03 39 03 2B D9 00 16
  can0  0B0   [6]  00 00 00 00 11 08
  can0  0B2   [6]  00 00 00 00 11 08
  can0  38A   [5]  08 04 00 00 00
  can0  262   [5]  20 00 00 00 89
  can0  0B4   [8]  00 00 00 00 00 00 00 BC
  can0  223   [8]  00 00 00 00 00 00 00 2D
  can0  2C4   [8]  05 EF 00 1A 40 80 40 DC
  can0  2D0   [8]  0B 99 09 00 B0 9C 00 D3
  can0  7DF   [8]  02 01 07 00 00 00 00 00
  can0  0B0   [6]  00 00 00 00 11 09
  can0  0B2   [6]  00 00 00 00 11 09
  can0  224   [8]  00 00 00 00 00 00 00 00
  can0  7E8   [8]  03 41 07 88 00 00 00 00
  can0  2C5   [4]  00 05 C0 90
  can0  260   [8]  08 FF F3 00 00 00 00 64
  can0  2D5   [2]  00 00
  can0  0B4   [8]  00 00 00 00 00 00 00 BC
  can0  0BA   [4]  06 02 00 C6
  can0  232   [4]  03 03 08 46
  can0  2C6   [8]  00 00 00 00 00 00 00 D0
  can0  0B0   [6]  00 00 00 00 11 0A
  can0  0B2   [6]  00 00 00 00 11 0A
  can0  262   [5]  20 00 00 00 89
  can0  0B4   [8]  00 00 00 00 00 00 00 BC
  can0  223   [8]  00 00 00 00 00 00 00 2D
  can0  2C1   [8]  08 03 1B 03 1D D8 00 E9
  can0  2C4   [8]  05 F0 00 1A 40 80 40 DD
  can0  260   [8]  08 FF F3 00 00 00 00 64
  can0  0B0   [6]  00 00 00 00 11 0B
  can0  0B2   [6]  00 00 00 00 11 0B
  can0  224   [8]  00 00 00 00 00 00 00 00
  can0  3A0   [8]  00 00 00 00 00 00 00 00
  can0  2D5   [2]  00 00
  can0  0B4   [8]  00 00 00 00 00 00 00 BC
  can0  0BA   [4]  06 00 00 C4
  can0  232   [4]  03 03 08 46
  can0  2D0   [8]  0B 99 09 00 B0 9C 00 D3
  can0  262   [5]  20 00 00 00 89
  can0  0B0   [6]  00 00 00 00 11 0C
  can0  0B2   [6]  00 00 00 00 11 0C
  can0  2C6   [8]  00 00 00 00 00 00 00 D0
  can0  0B4   [8]  00 00 00 00 00 00 00 BC
  can0  223   [8]  00 00 00 00 00 00 00 2D
  can0  260   [8]  08 FF F3 00 00 00 00 64
  can0  2C4   [8]  05 F1 00 1A 40 80 40 DE
  can0  394   [1]  00
  can0  0B0   [6]  00 00 00 00 11 0D
  can0  0B2   [6]  00 00 00 00 11 0D
  can0  224   [8]  00 00 00 00 00 00 00 00
  can0  2C5   [4]  00 05 C0 90
  can0  2C1   [8]  08 03 12 03 17 D8 00 DA
  can0  2D5   [2]  00 00
  can0  262   [5]  20 00 00 00 89
  can0  0B4   [8]  00 00 00 00 00 00 00 BC
  can0  0BA   [4]  05 FF 00 C2
  can0  232   [4]  03 03 08 46
  can0  0B0   [6]  00 00 00 00 11 0E
  can0  0B2   [6]  00 00 00 00 11 0E
  can0  260   [8]  08 FF F3 00 00 00 00 64
  can0  2D0   [8]  0B 9A 09 00 B0 9C 00 D4
  can0  440   [8]  42 02 00 00 00 00 00 00
  can0  0B4   [8]  00 00 00 00 00 00 00 BC
  can0  223   [8]  00 00 00 00 00 00 00 2D
  can0  2C4   [8]  05 F3 00 1A 40 80 40 E0
  can0  2C6   [8]  00 00 00 00 00 00 00 D0
  can0  0B0   [6]  00 00 00 00 11 0F
  can0  0B2   [6]  00 00 00 00 11 0F
  can0  224   [8]  00 00 00 00 00 00 00 00
  can0  262   [5]  20 00 00 00 89
  can0  2D5   [2]  00 00
  can0  0B4   [8]  00 00 00 00 00 00 00 BC
  can0  0BA   [4]  06 00 00 C4
  can0  232   [4]  03 03 08 46
  can0  260   [8]  08 FF F3 00 00 00 00 64
  can0  2C1   [8]  08 03 1B 03 27 D8 00 F3
  can0  0B0   [6]  00 00 00 00 11 00
  can0  0B2   [6]  00 00 00 00 11 00
  can0  0B4   [8]  00 00 00 00 00 00 00 BC
  can0  223   [8]  00 00 00 00 00 00 00 2D
  can0  2C4   [8]  05 F3 00 1A 40 80 40 E0
  can0  262   [5]  20 00 00 00 89
  can0  2D0   [8]  0B 9E 09 00 B0 9C 00 D8
  can0  3B3   [3]  05 F3 28
  can0  0B0   [6]  00 00 00 00 11 01
  can0  0B2   [6]  00 00 00 00 11 01
  can0  224   [8]  00 00 00 00 00 00 00 00
  can0  2C5   [4]  00 05 C0 90
  can0  2D5   [2]  00 00
  can0  7DF   [8]  02 01 15 00 00 00 00 00
  can0  0B4   [8]  00 00 00 00 00 00 00 BC
  can0  0BA   [4]  05 FF 00 C2
  can0  232   [4]  03 03 08 46
  can0  260   [8]  08 FF F3 00 00 00 00 64
  can0  2C6   [8]  00 00 00 00 00 00 00 D0
  can0  7E8   [8]  04 41 15 00 FF 00 00 00
  can0  0B0   [6]  00 00 00 00 11 02
  can0  0B2   [6]  00 00 00 00 11 02
  can0  262   [5]  20 00 00 00 89
  can0  0B4   [8]  00 00 00 00 00 00 00 BC
  can0  223   [8]  00 00 00 00 00 00 00 2D
  can0  2C1   [8]  08 03 1F 03 2B D8 00 FB
  can0  2C4   [8]  05 F5 00 1A 40 80 40 E2
  can0  0B0   [6]  00 00 00 00 11 03
  can0  0B2   [6]  00 00 00 00 11 03
  can0  224   [8]  00 00 00 00 00 00 00 00
  can0  260   [8]  08 FF F3 00 00 00 00 64
  can0  2D5   [2]  00 00
  can0  3A0   [8]  00 00 00 00 00 00 00 00
  can0  2D0   [8]  0B A1 09 00 B0 9C 00 DB
  can0  0B4   [8]  00 00 00 00 00 00 00 BC
  can0  0BA   [4]  05 FE 00 C1
  can0  232   [4]  03 03 08 46
  can0  262   [5]  20 00 00 00 89
  can0  0B0   [6]  00 00 00 00 11 04
  can0  0B2   [6]  00 00 00 00 11 04
  can0  2C6   [8]  00 00 00 00 00 00 00 D0
  can0  2C4   [8]  05 F7 00 1A 40 80 40 E4
  can0  0B4   [8]  00 00 00 00 00 00 00 BC
  can0  223   [8]  00 00 00 00 00 00 00 2D
  can0  260   [8]  08 FF F3 00 00 00 00 64
  can0  0B0   [6]  00 00 00 00 11 05
  can0  0B2   [6]  00 00 00 00 11 05
  can0  224   [8]  00 00 00 00 00 00 00 00
  can0  398   [2]  02 0C
  can0  2C1   [8]  08 03 13 03 23 D8 00 E7
  can0  2C5   [4]  00 05 C0 90
  can0  2D5   [2]  00 00
  can0  0B4   [8]  00 00 00 00 00 00 00 BC
  can0  0BA   [4]  06 00 00 C4
  can0  232   [4]  03 03 08 46
  can0  262   [5]  20 00 00 00 89
  can0  4DC   [8]  1D 00 01 07 00 00 00 00
  can0  442   [8]  40 02 00 00 02 00 00 00
  can0  0B0   [6]  00 00 00 00 11 06
  can0  0B2   [6]  00 00 00 00 11 06
  can0  2D0   [8]  0B A5 09 00 B0 9C 00 DF
  can0  2C4   [8]  05 FB 00 1A 40 80 40 E8
  can0  260   [8]  08 FF F3 00 00 00 00 64
  can0  0B4   [8]  00 00 00 00 00 00 00 BC
  can0  223   [8]  00 00 00 00 00 00 00 2D
  can0  3B7   [8]  00 00 00 00 00 00 00 00
  can0  2C6   [8]  00 00 00 00 00 00 00 D0
  can0  0B0   [6]  00 00 00 00 11 07
  can0  0B2   [6]  00 00 00 00 11 07
  can0  224   [8]  00 00 00 00 00 00 00 00
  can0  2D5   [2]  00 00
  can0  262   [5]  20 00 00 00 89
  can0  0B4   [8]  00 00 00 00 00 00 00 BC
  can0  0BA   [4]  05 FF 00 C2
  can0  232   [4]  03 03 08 46
  can0  2C1   [8]  08 03 12 03 28 D8 00 EB
  can0  0B0   [6]  00 00 00 00 11 08
  can0  0B2   [6]  00 00 00 00 11 08
  can0  260   [8]  08 FF F3 00 00 00 00 64
  can0  2C4   [8]  05 F9 00 1A 40 80 40 E6
  can0  0B4   [8]  00 00 00 00 00 00 00 BC
  can0  223   [8]  00 00 00 00 00 00 00 2D
  can0  2D0   [8]  0B A9 09 00 B0 9C 00 E3
  can0  262   [5]  20 00 00 00 89
  can0  0B0   [6]  00 00 00 00 11 09
  can0  0B2   [6]  00 00 00 00 11 09
  can0  224   [8]  00 00 00 00 00 00 00 00
  can0  2D5   [2]  00 00
  can0  2C5   [4]  00 05 C0 90
  can0  3B0   [5]  00 00 00 48 00
  can0  2C6   [8]  00 00 00 00 00 00 00 D0
  can0  0B4   [8]  00 00 00 00 00 00 00 BC
  can0  0BA   [4]  05 FE 00 C1
  can0  232   [4]  03 03 08 46
  can0  260   [8]  08 FF F3 00 00 00 00 64
  can0  7DF   [8]  02 01 1F 00 00 00 00 00
  can0  0B0   [6]  00 00 00 00 11 0A
  can0  0B2   [6]  00 00 00 00 11 0A
  can0  7E8   [8]  04 41 1F 00 26 00 00 00
  can0  2C4   [8]  05 F6 00 1A 40 80 40 E3
  can0  2C1   [8]  08 03 10 03 21 D8 00 E2
  can0  0B4   [8]  00 00 00 00 00 00 00 BC
  can0  223   [8]  00 00 00 00 00 00 00 2D
  can0  262   [5]  20 00 00 00 89
  can0  0B0   [6]  00 00 00 00 11 0B
  can0  0B2   [6]  00 00 00 00 11 0B
  can0  224   [8]  00 00 00 00 00 00 00 00
  can0  2D5   [2]  00 00
  can0  2D0   [8]  0B AB 09 00 B0 9C 00 E5
  can0  260   [8]  08 FF F4 00 00 00 00 65
  can0  0B4   [8]  00 00 00 00 00 00 00 BC
  can0  0BA   [4]  05 FF 00 C2
  can0  232   [4]  03 03 08 46
  can0  3A0   [8]  00 00 00 00 00 00 00 00
  can0  0B0   [6]  00 00 00 00 11 0C
  can0  0B2   [6]  00 00 00 00 11 0C
  can0  2C6   [8]  00 00 00 00 00 00 00 D0
  can0  262   [5]  20 00 00 00 89
  can0  2C4   [8]  05 F6 00 1A 40 80 40 E3
  can0  0B4   [8]  00 00 00 00 00 00 00 BC
  can0  223   [8]  00 00 00 00 00 00 00 2D
  can0  2D5   [2]  00 00
  can0  0B0   [6]  00 00 00 00 11 0D
  can0  0B2   [6]  00 00 00 00 11 0D
  can0  224   [8]  00 00 00 00 00 00 00 00
  can0  2C1   [8]  08 03 07 03 16 D8 00 CE
  can0  260   [8]  08 FF F4 00 00 00 00 65
  can0  2C5   [4]  00 05 C0 90
  can0  0B4   [8]  00 00 00 00 00 00 00 BC
  can0  0BA   [4]  06 00 00 C4
  can0  232   [4]  03 03 08 46
  can0  620   [8]  10 00 00 00 30 40 00 50
  can0  262   [5]  20 00 00 00 89
  can0  2D0   [8]  0B AC 09 00 B0 9C 00 E6
  can0  0B0   [6]  00 00 00 00 11 0E
  can0  0B2   [6]  00 00 00 00 11 0E
  can0  440   [8]  42 02 00 00 00 00 00 00
  can0  380   [8]  00 20 00 00 00 00 27 00
  can0  2C4   [8]  05 FF 00 1A 40 80 40 EC
  can0  0B4   [8]  00 00 00 00 00 00 00 BC
  can0  223   [8]  00 00 00 00 00 00 00 2D
  can0  2C6   [8]  00 00 00 00 00 00 00 D0
  can0  260   [8]  08 FF F4 00 00 00 00 65
  can0  2D5   [2]  00 00
  can0  0B0   [6]  00 00 00 00 11 0F
  can0  0B2   [6]  00 00 00 00 11 0F
  can0  224   [8]  00 00 00 00 00 00 00 00
  can0  0B4   [8]  00 00 00 00 00 00 00 BC
  can0  0BA   [4]  05 FF 00 C2
  can0  232   [4]  03 03 08 46
  can0  262   [5]  20 00 00 00 89
  can0  2C1   [8]  08 03 06 03 20 D8 00 D7
  can0  0B0   [6]  00 00 00 00 11 00
  can0  0B2   [6]  00 00 00 00 11 00
  can0  2C4   [8]  05 EB 00 1A 40 80 40 D8
  can0  260   [8]  08 FF F5 00 00 00 00 66
  can0  0B4   [8]  00 00 00 00 00 00 00 BC
  can0  223   [8]  00 00 00 00 00 00 00 2D
  can0  2D0   [8]  0B AC 09 00 B0 9C 00 E6
  can0  3A1   [8]  00 00 00 00 00 00 00 00
  can0  2D5   [2]  00 00
  can0  0B0   [6]  00 00 00 00 11 01
  can0  0B2   [6]  00 00 00 00 11 01
  can0  224   [8]  00 00 00 00 00 00 00 00
  can0  2C5   [4]  00 05 C0 90
  can0  262   [5]  20 00 00 00 89
  can0  2C6   [8]  00 00 00 00 00 00 00 D0
  can0  0B4   [8]  00 00 00 00 00 00 00 BC
  can0  0BA   [4]  06 00 00 C4
  can0  232   [4]  03 03 08 46
  can0  0B0   [6]  00 00 00 00 11 02
  can0  0B2   [6]  00 00 00 00 11 02
  can0  260   [8]  08 FF F5 00 00 00 00 66
  can0  2C4   [8]  05 E8 00 1A 40 80 40 D5
  can0  2C1   [8]  08 03 AB 03 18 DD 00 79
  can0  7DF   [8]  02 01 2F 00 00 00 00 00
  can0  0B4   [8]  00 00 00 00 00 00 00 BC
  can0  223   [8]  00 00 00 00 00 00 00 2D
  can0  2D5   [2]  00 00
  can0  262   [5]  20 00 00 00 89
  can0  0B0   [6]  00 00 00 00 11 03
  can0  0B2   [6]  00 00 00 00 11 03
  can0  224   [8]  00 00 00 00 00 00 00 00
  can0  2D0   [8]  0B 9F 09 00 B0 9C 00 D9
  can0  0B4   [8]  00 00 00 00 00 00 00 BC
  can0  0BA   [4]  06 00 00 C4
  can0  232   [4]  03 03 08 46
  can0  260   [8]  08 FF F4 00 00 00 00 65
  can0  2C6   [8]  00 00 00 00 00 00 00 D0
  can0  3A0   [8]  00 00 00 00 00 00 00 00
  can0  610   [8]  20 00 00 64 00 00 00 00
  can0  0B0   [6]  00 00 00 00 11 04
  can0  0B2   [6]  00 00 00 00 11 04
  can0  2C4   [8]  05 E9 00 1A 40 80 40 D6
  can0  0B4   [8]  00 00 00 00 00 00 00 BC
  can0  223   [8]  00 00 00 00 00 00 00 2D
  can0  262   [5]  20 00 00 00 89
  can0  2D5   [2]  00 00
  can0  611   [8]  21 00 00 10 00 03 C1 4F
  can0  2C1   [8]  08 03 13 03 12 D8 00 D6
  can0  0B0   [6]  00 00 00 00 11 05
  can0  0B2   [6]  00 00 00 00 11 05
  can0  224   [8]  00 00 00 00 00 00 00 00
  can0  2C5   [4]  00 05 C0 90
  can0  260   [8]  08 FF F3 00 00 00 00 64
  can0  0B4   [8]  00 00 00 00 00 00 00 BC
  can0  0BA   [4]  06 01 00 C5
  can0  232   [4]  03 03 08 46
  can0  394   [1]  00
  can0  2D0   [8]  0B 9A 09 00 B0 9C 00 D4
  can0  0B0   [6]  00 00 00 00 11 06
  can0  0B2   [6]  00 00 00 00 11 06
  can0  2C4   [8]  05 EF 00 1A 40 80 40 DC
  can0  262   [5]  20 00 00 00 89
  can0  442   [8]  40 02 00 00 02 00 00 00
  can0  0B4   [8]  00 00 00 00 00 00 00 BC
  can0  223   [8]  00 00 00 00 00 00 00 2D
  can0  2C6   [8]  00 00 00 00 00 00 00 D0
  can0  2D5   [2]  00 00
  can0  0B0   [6]  00 00 00 00 11 07
  can0  0B2   [6]  00 00 00 00 11 07
  can0  224   [8]  00 00 00 00 00 00 00 00
  can0  260   [8]  08 FF F3 00 00 00 00 64
  can0  0B4   [8]  00 00 00 00 00 00 00 BC
  can0  0BA   [4]  06 00 00 C4
  can0  232   [4]  03 03 08 46
  can0  2C1   [8]  08 03 0B 03 21 D8 00 DD
  can0  262   [5]  20 00 00 00 89
  can0  2C4   [8]  05 FE 00 1A 40 80 40 EB
  can0  0B0   [6]  00 00 00 00 11 08
  can0  0B2   [6]  00 00 00 00 11 08
  can0  2D0   [8]  0B 97 09 00 B0 9C 00 D1
  can0  0B4   [8]  00 00 00 00 00 00 00 BC
  can0  223   [8]  00 00 00 00 00 00 00 2D
  can0  2D5   [2]  00 00
  can0  260   [8]  08 FF F3 00 00 00 00 64
  can0  0B0   [6]  00 00 00 00 11 09
  can0  0B2   [6]  00 00 00 00 11 09
  can0  224   [8]  00 00 00 00 00 00 00 00
  can0  2C5   [4]  00 05 C0 90
  can0  2C6   [8]  00 00 00 00 00 00 00 D0
  can0  262   [5]  20 00 00 00 89
  can0  0B4   [8]  00 00 00 00 00 00 00 BC
  can0  0BA   [4]  06 00 00 C4
  can0  232   [4]  03 03 08 46
  can0  2C4   [8]  05 FC 00 1A 40 80 40 E9
  can0  0B0   [6]  00 00 00 00 11 0A
  can0  0B2   [6]  00 00 00 00 11 0A
  can0  2C1   [8]  08 03 08 03 2A D8 00 E3
  can0  260   [8]  08 FF F3 00 00 00 00 64
  can0  0B4   [8]  00 00 00 00 00 00 00 BC
  can0  223   [8]  00 00 00 00 00 00 00 2D
  can0  2D5   [2]  00 00
  can0  0B0   [6]  00 00 00 00 11 0B
  can0  0B2   [6]  00 00 00 00 11 0B
  can0  224   [8]  00 00 00 00 00 00 00 00
  can0  2D0   [8]  0B A6 09 00 B0 9C 00 E0
  can0  262   [5]  20 00 00 00 89
  can0  621   [8]  11 00 00 00 00 00 00 00
  can0  0B4   [8]  00 00 00 00 00 00 00 BC
  can0  0BA   [4]  06 01 00 C5
  can0  232   [4]  03 03 08 46
  can0  2C6   [8]  00 00 00 00 00 00 00 D0
  can0  2C4   [8]  05 F9 00 1A 40 80 40 E6
  can0  260   [8]  08 FF F3 00 00 00 00 64
  can0  0B0   [6]  00 00 00 00 11 0C
  can0  0B2   [6]  00 00 00 00 11 0C
  can0  3A0   [8]  00 00 00 00 00 00 00 00
  can0  0B4   [8]  00 00 00 00 00 00 00 BC
  can0  223   [8]  00 00 00 00 00 00 00 2D
  can0  2D5   [2]  00 00
  can0  622   [8]  12 00 00 00 00 00 00 00
  can0  262   [5]  20 00 00 00 89
  can0  2C1   [8]  08 03 07 03 28 D8 00 E0
  can0  0B0   [6]  00 00 00 00 11 0D
  can0  0B2   [6]  00 00 00 00 11 0D
  can0  224   [8]  00 00 00 00 00 00 00 00
  can0  2C5   [4]  00 05 C0 90
  can0  624   [8]  1A 00 00 49 49 00 00 00
  can0  0B4   [8]  00 00 00 00 00 00 00 BC
  can0  0BA   [4]  06 00 00 C4
  can0  232   [4]  03 03 08 46
  can0  260   [8]  08 FF F3 00 00 00 00 64
  can0  2D0   [8]  0B AA 09 00 B0 9C 00 E4
  can0  2C4   [8]  05 FA 00 1A 40 80 40 E7
  can0  0B0   [6]  00 00 00 00 11 0E
  can0  0B2   [6]  00 00 00 00 11 0E
  can0  630   [8]  17 00 00 00 00 00 00 00
  can0  2C6   [8]  00 00 00 00 00 00 00 D0
  can0  262   [5]  20 00 00 00 89
  can0  0B4   [8]  00 00 00 00 00 00 00 BC
  can0  223   [8]  00 00 00 00 00 00 00 2D
  can0  2D5   [2]  00 00
  can0  440   [8]  42 02 00 00 00 00 00 00
  can0  0B0   [6]  00 00 00 00 11 0F
  can0  0B2   [6]  00 00 00 00 11 0F
  can0  224   [8]  00 00 00 00 00 00 00 00
  can0  638   [8]  13 00 10 00 00 00 00 00
  can0  260   [8]  08 FF F3 00 00 00 00 64
  can0  2C1   [8]  08 02 FD 03 24 D7 00 D0
  can0  0B4   [8]  00 00 00 00 00 00 00 BC
  can0  0BA   [4]  06 01 00 C5
  can0  232   [4]  03 03 08 46
  can0  3B7   [8]  00 00 00 00 00 00 00 00
  can0  640   [8]  A8 00 00 00 01 89 00 00
  can0  2C4   [8]  05 FD 00 1A 40 80 40 EA
  can0  0B0   [6]  00 00 00 00 11 00
  can0  0B2   [6]  00 00 00 00 11 00
  can0  262   [5]  20 00 00 00 89
  can0  2D0   [8]  0B AD 09 00 B0 9C 00 E7
  can0  2D5   [2]  00 00
  can0  0B4   [8]  00 00 00 00 00 00 00 BC
  can0  223   [8]  00 00 00 00 00 00 00 2D
  can0  260   [8]  08 FF F3 00 00 00 00 64
  can0  0B0   [6]  00 00 00 00 11 01
  can0  0B2   [6]  00 00 00 00 11 01
  can0  224   [8]  00 00 00 00 00 00 00 00
  can0  2C5   [4]  00 05 C0 90
  can0  2C6   [8]  00 00 00 00 00 00 00 D0
  can0  0B4   [8]  00 00 00 00 00 00 00 BC
  can0  0BA   [4]  06 02 00 C6
  can0  232   [4]  03 03 08 46
  can0  2C4   [8]  05 FC 00 1A 40 80 40 E9
  can0  262   [5]  20 00 00 00 89
  can0  0B0   [6]  00 00 00 00 11 02
  can0  0B2   [6]  00 00 00 00 11 02
  can0  2C1   [8]  08 02 F9 03 20 D7 00 C8
  can0  4DD   [8]  1E 00 00 05 00 00 00 00
  can0  2D5   [2]  00 00
  can0  0B4   [8]  00 00 00 00 00 00 00 BC
  can0  223   [8]  00 00 00 00 00 00 00 2D
  can0  260   [8]  08 FF F3 00 00 00 00 64
  can0  0B0   [6]  00 00 00 00 11 03
  can0  0B2   [6]  00 00 00 00 11 03
  can0  224   [8]  00 00 00 00 00 00 00 00
  can0  2D0   [8]  0B B2 09 00 B0 9C 00 EC
  can0  262   [5]  20 00 00 00 89
  can0  0B4   [8]  00 00 00 00 00 00 00 BC
  can0  0BA   [4]  06 00 00 C4
  can0  232   [4]  03 03 08 46
  can0  2C4   [8]  05 EE 00 1A 40 80 40 DB
  can0  2C6   [8]  00 00 00 00 00 00 00 D0
  can0  0B0   [6]  00 00 00 00 11 04
  can0  0B2   [6]  00 00 00 00 11 04
  can0  4C1   [8]  01 00 09 08 00 00 00 00
  can0  260   [8]  08 FF F3 00 00 00 00 64
  can0  2D5   [2]  00 00
  can0  0B4   [8]  00 00 00 00 00 00 00 BC
  can0  223   [8]  00 00 00 00 00 00 00 2D
  can0  3A0   [8]  00 00 00 00 00 00 00 00
  can0  2C1   [8]  08 03 07 03 16 D8 00 CE
  can0  0B0   [6]  00 00 00 00 11 05
  can0  0B2   [6]  00 00 00 00 11 05
  can0  224   [8]  00 00 00 00 00 00 00 00
  can0  2C5   [4]  00 05 C0 90
  can0  262   [5]  20 00 00 00 89
  can0  0B4   [8]  00 00 00 00 00 00 00 BC
  can0  0BA   [4]  06 01 00 C5
  can0  232   [4]  03 03 08 46
  can0  2C4   [8]  05 EF 00 1A 40 80 40 DC
  can0  2D0   [8]  0B AB 09 00 B0 9C 00 E5
  can0  260   [8]  08 FF F3 00 00 00 00 64
  can0  0B0   [6]  00 00 00 00 11 06
  can0  0B2   [6]  00 00 00 00 11 06
  can0  2C6   [8]  00 00 00 00 00 00 00 D0
  can0  2D5   [2]  00 00
  can0  0B4   [8]  00 00 00 00 00 00 00 BC
  can0  223   [8]  00 00 00 00 00 00 00 2D
  can0  620   [8]  10 00 00 00 30 40 00 50
  can0  262   [5]  20 00 00 00 89
  can0  0B0   [6]  00 00 00 00 11 07
  can0  0B2   [6]  00 00 00 00 11 07
  can0  224   [8]  00 00 00 00 00 00 00 00
  can0  442   [8]  40 02 00 00 02 00 00 00
  can0  2C1   [8]  08 03 0A 03 1B D8 00 D6
  can0  0B4   [8]  00 00 00 00 00 00 00 BC
  can0  0BA   [4]  06 02 00 C6
  can0  232   [4]  03 03 08 46
  can0  260   [8]  08 FF F3 00 00 00 00 64
  can0  2C4   [8]  05 FC 00 1A 40 80 40 E9
  can0  0B0   [6]  00 00 00 00 11 08
  can0  0B2   [6]  00 00 00 00 11 08
  can0  2D0   [8]  0B A7 09 00 B0 9C 00 E1
  can0  2D5   [2]  00 00
  can0  262   [5]  20 00 00 00 89
  can0  0B4   [8]  00 00 00 00 00 00 00 BC
  can0  223   [8]  00 00 00 00 00 00 00 2D
  can0  2C6   [8]  00 00 00 00 00 00 00 D0
  can0  0B0   [6]  00 00 00 00 11 09
  can0  0B2   [6]  00 00 00 00 11 09
  can0  224   [8]  00 00 00 00 00 00 00 00
  can0  2C5   [4]  00 05 C0 90
  can0  260   [8]  08 FF F4 00 00 00 00 65
  can0  0B4   [8]  00 00 00 00 00 00 00 BC
  can0  0BA   [4]  06 01 00 C5
  can0  232   [4]  03 03 08 46
  can0  2C4   [8]  05 F6 00 1A 40 80 40 E3
  can0  2C1   [8]  08 03 0F 03 2C D8 00 EC
  can0  0B0   [6]  00 00 00 00 11 0A
  can0  0B2   [6]  00 00 00 00 11 0A
  can0  262   [5]  20 00 00 00 89
  can0  2D5   [2]  00 00
  can0  0B4   [8]  00 00 00 00 00 00 00 BC
  can0  223   [8]  00 00 00 00 00 00 00 2D
  can0  260   [8]  08 FF F5 00 00 00 00 66
  can0  2D0   [8]  0B AA 09 00 B0 9C 00 E4
  can0  0B0   [6]  00 00 00 00 11 0B
  can0  0B2   [6]  00 00 00 00 11 0B
  can0  224   [8]  00 00 00 00 00 00 00 00
  can0  3B3   [3]  05 FC 28
  can0  0B4   [8]  00 00 00 00 00 00 00 BC
  can0  0BA   [4]  06 00 00 C4
  can0  232   [4]  03 03 08 46
  can0  2C4   [8]  05 FE 00 1A 40 80 40 EB
  can0  2C6   [8]  00 00 00 00 00 00 00 D0
  can0  262   [5]  20 00 00 00 89
  can0  0B0   [6]  00 00 00 00 11 0C
  can0  0B2   [6]  00 00 00 00 11 0C
  can0  2D5   [2]  00 00
  can0  0B4   [8]  00 00 00 00 00 00 00 BC
  can0  223   [8]  00 00 00 00 00 00 00 2D
  can0  260   [8]  08 FF F5 00 00 00 00 66
  can0  2C1   [8]  08 03 06 03 2A D8 00 E1
  can0  3A0   [8]  00 00 00 00 00 00 00 00
  can0  0B0   [6]  00 00 00 00 11 0D
  can0  0B2   [6]  00 00 00 00 11 0D
  can0  224   [8]  00 00 00 00 00 00 00 00
  can0  2C5   [4]  00 05 C0 90
  can0  262   [5]  20 00 00 00 89
  can0  2C4   [8]  06 00 00 1A 40 80 40 EE
  can0  0B4   [8]  00 00 00 00 00 00 00 BC
  can0  0BA   [4]  06 01 00 C5
  can0  232   [4]  03 03 08 46
  can0  2D0   [8]  0B B0 09 00 B0 9C 00 EA
  can0  0B0   [6]  00 00 00 00 11 0E
  can0  0B2   [6]  00 00 00 00 11 0E
  can0  2D5   [2]  00 00
  can0  260   [8]  08 FF F4 00 00 00 00 65
  can0  2C6   [8]  00 00 00 00 00 00 00 D0
  can0  0B4   [8]  00 00 00 00 00 00 00 BC
  can0  223   [8]  00 00 00 00 00 00 00 2D
  can0  394   [1]  00
  can0  0B0   [6]  00 00 00 00 11 0F
  can0  0B2   [6]  00 00 00 00 11 0F
  can0  224   [8]  00 00 00 00 00 00 00 00
  can0  262   [5]  20 00 00 00 89
  can0  2C1   [8]  08 03 10 03 36 D8 00 F7
  can0  440   [8]  42 02 00 00 00 00 00 00
  can0  2C4   [8]  06 02 00 1A 40 80 40 F0
  can0  0B4   [8]  00 00 00 00 00 00 00 BC
  can0  0BA   [4]  06 00 00 C4
  can0  232   [4]  03 03 08 46
  can0  7DF   [8]  02 01 0C 00 00 00 00 00
  can0  260   [8]  08 FF F4 00 00 00 00 65
  can0  0B0   [6]  00 00 00 00 11 00
  can0  0B2   [6]  00 00 00 00 11 00
  can0  2D5   [2]  00 00
  can0  7E8   [8]  04 41 0C 12 C9 00 00 00
  can0  2D0   [8]  0B B5 09 00 B0 9C 00 EF
  can0  0B4   [8]  00 00 00 00 00 00 00 BC
  can0  223   [8]  00 00 00 00 00 00 00 2D
  can0  262   [5]  20 00 00 00 89
  can0  2C6   [8]  00 00 00 00 00 00 00 D0
  can0  0B0   [6]  00 00 00 00 11 01
  can0  0B2   [6]  00 00 00 00 11 01
  can0  224   [8]  00 00 00 00 00 00 00 00
  can0  2C5   [4]  00 05 C0 90
  can0  2C4   [8]  06 00 00 1A 40 80 40 EE
  can0  260   [8]  08 FF F4 00 00 00 00 65
  can0  0B4   [8]  00 00 00 00 00 00 00 BC
  can0  0BA   [4]  05 FF 00 C2
  can0  232   [4]  03 03 08 46
  can0  3B1   [8]  00 00 02 2A A0 00 00 00
  can0  2C1   [8]  08 03 1A 03 3F D8 00 0A
  can0  0B0   [6]  00 00 00 00 11 02
  can0  0B2   [6]  00 00 00 00 11 02
  can0  2D5   [2]  00 00
  can0  262   [5]  20 00 00 00 89
  can0  0B4   [8]  00 00 00 00 00 00 00 BC
  can0  223   [8]  00 00 00 00 00 00 00 2D
  can0  2D0   [8]  0B BC 09 00 B0 9C 00 F6
  can0  0B0   [6]  00 00 00 00 11 03
  can0  0B2   [6]  00 00 00 00 11 03
  can0  224   [8]  00 00 00 00 00 00 00 00
  can0  260   [8]  08 FF F3 00 00 00 00 64
  can0  2C4   [8]  05 FD 00 1A 40 80 40 EA
  can0  2C6   [8]  00 00 00 00 00 00 00 D0
  can0  0B4   [8]  00 00 00 00 00 00 00 BC
  can0  0BA   [4]  06 00 00 C4
  can0  232   [4]  03 03 08 46
  can0  262   [5]  20 00 00 00 89
  can0  2D5   [2]  00 00
  can0  0B0   [6]  00 00 00 00 11 04
  can0  0B2   [6]  00 00 00 00 11 04
  can0  2C1   [8]  08 03 15 03 30 D8 00 F6
  can0  0B4   [8]  00 00 00 00 00 00 00 BC
  can0  223   [8]  00 00 00 00 00 00 00 2D
  can0  260   [8]  08 FF F3 00 00 00 00 64
  can0  2C5   [4]  00 05 C0 90
  can0  0B0   [6]  00 00 00 00 11 05
  can0  0B2   [6]  00 00 00 00 11 05
  can0  224   [8]  00 00 00 00 00 00 00 00
  can0  4C3   [8]  04 00 12 07 00 00 00 00
  can0  3A0   [8]  00 00 00 00 00 00 00 00
  can0  2C4   [8]  05 FB 00 1A 40 80 40 E8
  can0  2D0   [8]  0B BA 09 00 B0 9C 00 F4
  can0  0B4   [8]  00 00 00 00 00 00 00 BC
  can0  0BA   [4]  06 00 00 C4
  can0  232   [4]  03 03 08 46
  can0  262   [5]  20 00 00 00 89
  can0  2D5   [2]  00 00
  can0  0B0   [6]  00 00 00 00 11 06
  can0  0B2   [6]  00 00 00 00 11 06
  can0  2C6   [8]  00 00 00 00 00 00 00 D0
  can0  260   [8]  08 FF F3 00 00 00 00 64
  can0  0B4   [8]  00 00 00 00 00 00 00 BC
  can0  223   [8]  00 00 00 00 00 00 00 2D
  can0  0B0   [6]  00 00 00 00 11 07
  can0  0B2   [6]  00 00 00 00 11 07
  can0  224   [8]  00 00 00 00 00 00 00 00
  can0  2C1   [8]  08 03 0D 03 28 D8 00 E6
  can0  2C4   [8]  06 04 00 1A 40 80 40 F2
  can0  262   [5]  20 00 00 00 89
  can0  0B4   [8]  00 00 00 00 00 00 00 BC
  can0  0BA   [4]  05 FE 00 C1
  can0  232   [4]  03 03 08 46
  can0  442   [8]  40 02 00 00 02 00 00 00
  can0  2D5   [2]  00 00
  can0  0B0   [6]  00 00 00 00 11 08
  can0  0B2   [6]  00 00 00 00 11 08
  can0  2D0   [8]  0B BB 09 00 B0 9C 00 F5
  can0  260   [8]  08 FF F3 00 00 00 00 64
  can0  7DF   [8]  02 01 0D 00 00 00 00 00
  can0  0B4   [8]  00 00 00 00 00 00 00 BC
  can0  223   [8]  00 00 00 00 00 00 00 2D
  can0  3B7   [8]  00 00 00 00 00 00 00 00
  can0  7E8   [8]  03 41 0D 00 00 00 00 00
  can0  2C6   [8]  00 00 00 00 00 00 00 D0
  can0  262   [5]  20 00 00 00 89
  can0  2C5   [4]  00 05 C0 90
  can0  0B0   [6]  00 00 00 00 11 09
  can0  0B2   [6]  00 00 00 00 11 09
  can0  224   [8]  00 00 00 00 00 00 00 00
  can0  2C4   [8]  06 07 00 1A 40 80 40 F5
  can0  0B4   [8]  00 00 00 00 00 00 00 BC
  can0  0BA   [4]  05 FF 00 C2
  can0  232   [4]  03 03 08 46
  can0  2C1   [8]  08 03 01 03 2C D8 00 DE
  can0  260   [8]  08 FF F3 00 00 00 00 64
  can0  2D5   [2]  00 00
  can0  0B0   [6]  00 00 00 00 11 0A
  can0  0B2   [6]  00 00 00 00 11 0A
  can0  0B4   [8]  00 00 00 00 00 00 00 BC
  can0  223   [8]  00 00 00 00 00 00 00 2D
  can0  262   [5]  20 00 00 00 89
  can0  2D0   [8]  0B C1 09 00 B0 9C 00 FB
  can0  0B0   [6]  00 00 00 00 11 0B
  can0  0B2   [6]  00 00 00 00 11 0B
  can0  224   [8]  00 00 00 00 00 00 00 00
  can0  2C4   [8]  06 00 00 1A 40 80 40 EE
  can0  2C6   [8]  00 00 00 00 00 00 00 D0
  can0  260   [8]  08 FF F3 00 00 00 00 64
  can0  0B4   [8]  00 00 00 00 00 00 00 BC
  can0  0BA   [4]  05 FE 00 C1
  can0  232   [4]  03 03 08 46
  can0  2D5   [2]  00 00
  can0  0B0   [6]  00 00 00 00 11 0C
  can0  0B2   [6]  00 00 00 00 11 0C
  can0  262   [5]  20 00 00 00 89
  can0  2C1   [8]  08 03 09 03 25 D8 00 DF
  can0  0B4   [8]  00 00 00 00 00 00 00 BC
  can0  223   [8]  00 00 00 00 00 00 00 2D
  can0  2C5   [4]  00 05 C0 90
  can0  0B0   [6]  00 00 00 00 11 0D
  can0  0B2   [6]  00 00 00 00 11 0D
  can0  224   [8]  00 00 00 00 00 00 00 00
  can0  260   [8]  08 FF F3 00 00 00 00 64
  can0  2C4   [8]  05 FB 00 1A 40 80 40 E8
  can0  2D0   [8]  0B BF 09 00 B0 9C 00 F9
  can0  3A0   [8]  00 00 00 00 00 00 00 00
  can0  610   [8]  20 00 00 64 00 00 00 00
  can0  0B4   [8]  00 00 00 00 00 00 00 BC
  can0  0BA   [4]  05 FE 00 C1
  can0  232   [4]  03 03 08 46
  can0  2D5   [2]  00 00
  can0  262   [5]  20 00 00 00 89
  can0  2C6   [8]  00 00 00 00 00 00 00 D0
  can0  0B0   [6]  00 00 00 00 11 0E
  can0  0B2   [6]  00 00 00 00 11 0E
  can0  0B4   [8]  00 00 00 00 00 00 00 BC
  can0  223   [8]  00 00 00 00 00 00 00 2D
  can0  260   [8]  08 FF F3 00 00 00 00 64
  can0  2C1   [8]  08 03 27 03 2C D9 00 05
  can0  0B0   [6]  00 00 00 00 11 0F
  can0  0B2   [6]  00 00 00 00 11 0F
  can0  224   [8]  00 00 00 00 00 00 00 00
  can0  2C4   [8]  05 FB 00 1A 40 80 40 E8
  can0  0B4   [8]  00 00 00 00 00 00 00 BC
  can0  0BA   [4]  05 FF 00 C2
  can0  232   [4]  03 03 08 46
  can0  262   [5]  20 00 00 00 89
  can0  440   [8]  42 02 00 00 00 00 00 00
  can0  620   [8]  10 00 00 00 30 40 00 50
  can0  2D5   [2]  00 00
  can0  2D0   [8]  0B BC 09 00 B0 9C 00 F6
  can0  4C8   [8]  09 00 01 06 00 00 00 00
  can0  0B0   [6]  00 00 00 00 11 00
  can0  0B2   [6]  00 00 00 00 11 00
  can0  260   [8]  08 FF F3 00 00 00 00 64
  can0  0B4   [8]  00 00 00 00 00 00 00 BC
  can0  223   [8]  00 00 00 00 00 00 00 2D
  can0  2C6   [8]  00 00 00 00 00 00 00 D0
  can0  7DF   [8]  02 01 04 00 00 00 00 00
  can0  2C4   [8]  05 FE 00 1A 40 80 40 EB
  can0  2C5   [4]  00 05 C0 90
  can0  0B0   [6]  00 00 00 00 11 01
  can0  0B2   [6]  00 00 00 00 11 01
  can0  224   [8]  00 00 00 00 00 00 00 00
  can0  7E8   [8]  03 41 04 8D 00 00 00 00
  can0  262   [5]  20 00 00 00 89
  can0  0B4   [8]  00 00 00 00 00 00 00 BC
  can0  0BA   [4]  05 FF 00 C2
  can0  232   [4]  03 03 08 46
  can0  2C1   [8]  08 03 12 03 32 D8 00 F5
  can0  2D5   [2]  00 00
  can0  0B0   [6]  00 00 00 00 11 02
  can0  0B2   [6]  00 00 00 00 11 02
  can0  260   [8]  08 FF F3 00 00 00 00 64
  can0  0B4   [8]  00 00 00 00 00 00 00 BC
  can0  223   [8]  00 00 00 00 00 00 00 2D
  can0  2D0   [8]  0B BB 09 00 B0 9C 00 F5
  can0  262   [5]  20 00 00 00 89
  can0  2C4   [8]  06 02 00 1A 40 80 40 F0
  can0  0B0   [6]  00 00 00 00 11 03
  can0  0B2   [6]  00 00 00 00 11 03
  can0  224   [8]  00 00 00 00 00 00 00 00
  can0  2C6   [8]  00 00 00 00 00 00 00 D0
  can0  0B4   [8]  00 00 00 00 00 00 00 BC
  can0  0BA   [4]  05 FE 00 C1
  can0  232   [4]  03 03 08 46
  can0  2D5   [2]  00 00
  can0  260   [8]  08 FF F3 00 00 00 00 64
  can0  0B0   [6]  00 00 00 00 11 04
  can0  0B2   [6]  00 00 00 00 11 04
  can0  2C1   [8]  08 03 12 03 21 D8 00 E4
  can0  0B4   [8]  00 00 00 00 00 00 00 BC
  can0  223   [8]  00 00 00 00 00 00 00 2D
  can0  262   [5]  20 00 00 00 89
  can0  2C4   [8]  05 F4 00 1A 40 80 40 E1
  can0  2C5   [4]  00 05 C0 90
  can0  0B0   [6]  00 00 00 00 11 05
  can0  0B2   [6]  00 00 00 00 11 05
  can0  224   [8]  00 00 00 00 00 00 00 00
  can0  2D0   [8]  0B BA 09 00 B0 9C 00 F4
  can0  260   [8]  08 FF F3 00 00 00 00 64
  can0  0B4   [8]  00 00 00 00 00 00 00 BC
  can0  0BA   [4]  06 00 00 C4
  can0  232   [4]  03 03 08 46
  can0  2D5   [2]  00 00
  can0  3A0   [8]  00 00 00 00 00 00 00 00
  can0  2C6   [8]  00 00 00 00 00 00 00 D0
  can0  0B0   [6]  00 00 00 00 11 06
  can0  0B2   [6]  00 00 00 00 11 06
  can0  262   [5]  20 00 00 00 89
  can0  0B4   [8]  00 00 00 00 00 00 00 BC
  can0  223   [8]  00 00 00 00 00 00 00 2D
  can0  2C4   [8]  05 F5 00 1A 40 80 40 E2
  can0  2C1   [8]  08 03 21 03 1B D9 00 EE
  can0  0B0   [6]  00 00 00 00 11 07
  can0  0B2   [6]  00 00 00 00 11 07
  can0  224   [8]  00 00 00 00 00 00 00 00
  can0  260   [8]  08 FF F4 00 00 00 00 65
  can0  442   [8]  40 02 00 00 02 00 00 00
  can0  394   [1]  00
  can0  2D5   [2]  00 00
  can0  0B4   [8]  00 00 00 00 00 00 00 BC
  can0  0BA   [4]  06 00 00 C4
  can0  232   [4]  03 03 08 46
  can0  262   [5]  20 00 00 00 89
  can0  2D0   [8]  0B B1 09 00 B0 9C 00 EB
  can0  3B4   [8]  00 00 42 4C 80 00 00 00
  can0  0B0   [6]  00 00 00 00 11 08
  can0  0B2   [6]  00 00 00 00 11 08
  can0  0B4   [8]  00 00 00 00 00 00 00 BC
  can0  223   [8]  00 00 00 00 00 00 00 2D
  can0  2C6   [8]  00 00 00 00 00 00 00 D0
  can0  260   [8]  08 FF F4 00 00 00 00 65
  can0  2C4   [8]  05 F4 00 1A 40 80 40 E1
  can0  2C5   [4]  00 05 C0 90
  can0  0B0   [6]  00 00 00 00 11 09
  can0  0B2   [6]  00 00 00 00 11 09
  can0  224   [8]  00 00 00 00 00 00 00 00
  can0  7DF   [8]  02 01 05 00 00 00 00 00
  can0  2D5   [2]  00 00
  can0  262   [5]  20 00 00 00 89
  can0  0B4   [8]  00 00 00 00 00 00 00 BC
  can0  0BA   [4]  05 FF 00 C2
  can0  232   [4]  03 03 08 46
  can0  2C1   [8]  08 03 15 03 19 D8 00 DF
  can0  7E8   [8]  03 41 05 49 00 00 00 00
  can0  0B0   [6]  00 00 00 00 11 0A
  can0  0B2   [6]  00 00 00 00 11 0A
  can0  260   [8]  08 FF F5 00 00 00 00 66
  can0  2D0   [8]  0B AB 09 00 B0 9C 00 E5
  can0  0B4   [8]  00 00 00 00 00 00 00 BC
  can0  223   [8]  00 00 00 00 00 00 00 2D
  can0  2C4   [8]  05 EF 00 1A 40 80 40 DC
  can0  0B0   [6]  00 00 00 00 11 0B
  can0  0B2   [6]  00 00 00 00 11 0B
  can0  224   [8]  00 00 00 00 00 00 00 00
  can0  262   [5]  20 00 00 00 89
  can0  2C6   [8]  00 00 00 00 00 00 00 D0
  can0  2D5   [2]  00 00
  can0  0B4   [8]  00 00 00 00 00 00 00 BC
  can0  0BA   [4]  06 00 00 C4
  can0  232   [4]  03 03 08 46
  can0  260   [8]  08 FF F5 00 00 00 00 66
  can0  0B0   [6]  00 00 00 00 11 0C
  can0  0B2   [6]  00 00 00 00 11 0C
  can0  2C1   [8]  08 03 1A 03 18 D8 00 E3
  can0  0B4   [8]  00 00 00 00 00 00 00 BC
  can0  223   [8]  00 00 00 00 00 00 00 2D
  can0  2C4   [8]  05 F1 00 1A 40 80 40 DE
  can0  262   [5]  20 00 00 00 89
  can0  2C5   [4]  00 05 C0 90
  can0  0B0   [6]  00 00 00 00 11 0D
  can0  0B2   [6]  00 00 00 00 11 0D
  can0  224   [8]  00 00 00 00 00 00 00 00
  can0  2D0   [8]  0B A4 09 00 B0 9C 00 DE
  can0  2D5   [2]  00 00
  can0  0B4   [8]  00 00 00 00 00 00 00 BC
  can0  0BA   [4]  06 01 00 C5
  can0  232   [4]  03 03 08 46
  can0  260   [8]  08 FF F5 00 00 00 00 66
  can0  2C6   [8]  00 00 00 00 00 00 00 D0
  can0  3A0   [8]  00 00 00 00 00 00 00 00
  can0  0B0   [6]  00 00 00 00 11 0E
  can0  0B2   [6]  00 00 00 00 11 0E
  can0  262   [5]  20 00 00 00 89
  can0  0B4   [8]  00 00 00 00 00 00 00 BC
  can0  223   [8]  00 00 00 00 00 00 00 2D
  can0  2C4   [8]  05 F3 00 1A 40 80 40 E0
  can0  2C1   [8]  08 03 14 03 17 D8 00 DC
  can0  0B0   [6]  00 00 00 00 11 0F
  can0  0B2   [6]  00 00 00 00 11 0F
  can0  224   [8]  00 00 00 00 00 00 00 00
  can0  260   [8]  08 FF F4 00 00 00 00 65
  can0  2D5   [2]  00 00
  can0  440   [8]  42 02 00 00 00 00 00 00
  can0  0B4   [8]  00 00 00 00 00 00 00 BC
  can0  0BA   [4]  06 02 00 C6
  can0  232   [4]  03 03 08 46
  can0  2D0   [8]  0B A0 09 00 B0 9C 00 DA
  can0  0B0   [6]  00 00 00 00 11 00
  can0  0B2   [6]  00 00 00 00 11 00
  can0  262   [5]  20 00 00 00 89
  can0  2C6   [8]  00 00 00 00 00 00 00 D0
  can0  0B4   [8]  00 00 00 00 00 00 00 BC
  can0  223   [8]  00 00 00 00 00 00 00 2D
  can0  2C4   [8]  05 F1 00 1A 40 80 40 DE
  can0  2C5   [4]  00 05 C0 90
  can0  260   [8]  08 FF F3 00 00 00 00 64
  can0  0B0   [6]  00 00 00 00 11 01
  can0  0B2   [6]  00 00 00 00 11 01
  can0  224   [8]  00 00 00 00 00 00 00 00
  can0  2D5   [2]  00 00
  can0  2C1   [8]  08 03 15 03 19 D8 00 DF
  can0  0B4   [8]  00 00 00 00 00 00 00 BC
  can0  0BA   [4]  06 00 00 C4
  can0  232   [4]  03 03 08 46
  can0  3B7   [8]  00 00 00 00 00 00 00 00
  can0  262   [5]  20 00 00 00 89
  can0  0B0   [6]  00 00 00 00 11 02
  can0  0B2   [6]  00 00 00 00 11 02
  can0  7DF   [8]  02 01 0F 00 00 00 00 00
  can0  2D0   [8]  0B 9D 09 00 B0 9C 00 D7
  can0  7E8   [8]  03 41 0F 42 00 00 00 00
  can0  0B4   [8]  00 00 00 00 00 00 00 BC
  can0  223   [8]  00 00 00 00 00 00 00 2D
  can0  2C4   [8]  05 EE 00 1A 40 80 40 DB
  can0  260   [8]  08 FF F3 00 00 00 00 64
  can0  0B0   [6]  00 00 00 00 11 03
  can0  0B2   [6]  00 00 00 00 11 03
  can0  224   [8]  00 00 00 00 00 00 00 00
  can0  2C6   [8]  00 00 00 00 00 00 00 D0
  can0  2D5   [2]  00 00
  can0  262   [5]  20 00 00 00 89
  can0  0B4   [8]  00 00 00 00 00 00 00 BC
  can0  0BA   [4]  06 00 00 C4
  can0  232   [4]  03 03 08 46
  can0  0B0   [6]  00 00 00 00 11 04
  can0  0B2   [6]  00 00 00 00 11 04
  can0  2C1   [8]  08 03 18 03 18 D8 00 E1
  can0  260   [8]  08 FF F3 00 00 00 00 64
  can0  2C4   [8]  05 EA 00 1A 40 80 40 D7
  can0  0B4   [8]  00 00 00 00 00 00 00 BC
  can0  223   [8]  00 00 00 00 00 00 00 2D
  can0  2C5   [4]  00 05 C0 90
  can0  2D0   [8]  0B 99 09 00 B0 9C 00 D3
  can0  0B0   [6]  00 00 00 00 11 05
  can0  0B2   [6]  00 00 00 00 11 05
  can0  224   [8]  00 00 00 00 00 00 00 00
  can0  262   [5]  20 00 00 00 89
  can0  2D5   [2]  00 00
  can0  0B4   [8]  00 00 00 00 00 00 00 BC
  can0  0BA   [4]  06 02 00 C6
  can0  232   [4]  03 03 08 46
  can0  2C6   [8]  00 00 00 00 00 00 00 D0
  can0  3B3   [3]  05 E9 28
  can0  260   [8]  08 FF F3 00 00 00 00 64
  can0  0B0   [6]  00 00 00 00 11 06
  can0  0B2   [6]  00 00 00 00 11 06
  can0  3A0   [8]  00 00 00 00 00 00 00 00
  can0  2C4   [8]  05 EC 00 1A 40 80 40 D9
  can0  0B4   [8]  00 00 00 00 00 00 00 BC
  can0  223   [8]  00 00 00 00 00 00 00 2D
  can0  2C1   [8]  08 03 1C 03 17 D8 00 E4
  can0  262   [5]  20 00 00 00 89
  can0  0B0   [6]  00 00 00 00 11 07
  can0  0B2   [6]  00 00 00 00 11 07
  can0  224   [8]  00 00 00 00 00 00 00 00
  can0  442   [8]  40 02 00 00 02 00 00 00
  can0  2D5   [2]  00 00
  can0  0B4   [8]  00 00 00 00 00 00 00 BC
  can0  0BA   [4]  06 01 00 C5
  can0  232   [4]  03 03 08 46
  can0  260   [8]  08 FF F3 00 00 00 00 64
  can0  2D0   [8]  0B 93 09 00 B0 9C 00 CD
  can0  38A   [5]  08 04 00 00 00
  can0  0B0   [6]  00 00 00 00 11 08
  can0  0B2   [6]  00 00 00 00 11 08
  can0  2C6   [8]  00 00 00 00 00 00 00 D0
  can0  262   [5]  20 00 00 00 89
  can0  2C4   [8]  05 F1 00 1A 40 80 40 DE
  can0  398   [2]  02 09
  can0  620   [8]  10 00 00 00 30 40 00 50
  can0  0B4   [8]  00 00 00 00 00 00 00 BC
  can0  223   [8]  00 00 00 00 00 00 00 2D
  can0  4DC   [8]  1D 00 01 07 00 00 00 00
  can0  2C5   [4]  00 05 C0 90
  can0  0B0   [6]  00 00 00 00 11 09
  can0  0B2   [6]  00 00 00 00 11 09
  can0  224   [8]  00 00 00 00 00 00 00 00
  can0  2D5   [2]  00 00
  can0  260   [8]  08 FF F3 00 00 00 00 64
  can0  2C1   [8]  08 03 0E 03 10 D8 00 CF
  can0  0B4   [8]  00 00 00 00 00 00 00 BC
  can0  0BA   [4]  06 00 00 C4
  can0  232   [4]  03 03 08 46
  can0  0B0   [6]  00 00 00 00 11 0A
  can0  0B2   [6]  00 00 00 00 11 0A
  can0  262   [5]  20 00 00 00 89
  can0  2D0   [8]  0B 95 09 00 B0 9C 00 CF
  can0  2C4   [8]  05 FB 00 1A 40 80 40 E8
  can0  0B4   [8]  00 00 00 00 00 00 00 BC
  can0  223   [8]  00 00 00 00 00 00 00 2D
  can0  7DF   [8]  02 01 0B 00 00 00 00 00
  can0  260   [8]  08 FF F3 00 00 00 00 64
  can0  2C6   [8]  00 00 00 00 00 00 00 D0
  can0  2D5   [2]  00 00
  can0  0B0   [6]  00 00 00 00 11 0B
  can0  0B2   [6]  00 00 00 00 11 0B
  can0  224   [8]  00 00 00 00 00 00 00 00
  can0  0B4   [8]  00 00 00 00 00 00 00 BC
  can0  0BA   [4]  06 01 00 C5
  can0  232   [4]  03 03 08 46
  can0  262   [5]  20 00 00 00 89
  can0  2C1   [8]  08 02 F8 03 10 D7 00 B7
  can0  3B0   [5]  00 00 00 48 00
  can0  0B0   [6]  00 00 00 00 11 0C
  can0  0B2   [6]  00 00 00 00 11 0C
  can0  2C4   [8]  05 FD 00 1A 40 80 40 EA
  can0  260   [8]  08 FF F3 00 00 00 00 64
  can0  0B4   [8]  00 00 00 00 00 00 00 BC
  can0  223   [8]  00 00 00 00 00 00 00 2D
  can0  2C5   [4]  00 05 C0 90
  can0  2D0   [8]  0B A1 09 00 B0 9C 00 DB
  can0  2D5   [2]  00 00
  can0  0B0   [6]  00 00 00 00 11 0D
  can0  0B2   [6]  00 00 00 00 11 0D
  can0  224   [8]  00 00 00 00 00 00 00 00
  can0  262   [5]  20 00 00 00 89
  can0  0B4   [8]  00 00 00 00 00 00 00 BC
  can0  0BA   [4]  06 01 00 C5
  can0  232   [4]  03 03 08 46
  can0  2C6   [8]  00 00 00 00 00 00 00 D0
  can0  0B0   [6]  00 00 00 00 11 0E
  can0  0B2   [6]  00 00 00 00 11 0E
  can0  260   [8]  08 FF F3 00 00 00 00 64
  can0  2C4   [8]  06 01 00 1A 40 80 40 EF
  can0  3A0   [8]  00 00 00 00 00 00 00 00
  can0  0B4   [8]  00 00 00 00 00 00 00 BC
  can0  223   [8]  00 00 00 00 00 00 00 2D
  can0  2C1   [8]  08 03 01 03 1B D8 00 CD
  can0  2D5   [2]  00 00
  can0  262   [5]  20 00 00 00 89
  can0  0B0   [6]  00 00 00 00 11 0F
  can0  0B2   [6]  00 00 00 00 11 0F
  can0  224   [8]  00 00 00 00 00 00 00 00
  can0  440   [8]  42 02 00 00 00 00 00 00
  can0  2D0   [8]  0B AE 09 00 B0 9C 00 E8
  can0  0B4   [8]  00 00 00 00 00 00 00 BC
  can0  0BA   [4]  06 00 00 C4
  can0  232   [4]  03 03 08 46
  can0  260   [8]  08 FF F3 00 00 00 00 64
  can0  0B0   [6]  00 00 00 00 11 00
  can0  0B2   [6]  00 00 00 00 11 00
  can0  2C4   [8]  06 05 00 1A 40 80 40 F3
  can0  2C6   [8]  00 00 00 00 00 00 00 D0
  can0  394   [1]  00
  can0  0B4   [8]  00 00 00 00 00 00 00 BC
  can0  223   [8]  00 00 00 00 00 00 00 2D
  can0  262   [5]  20 00 00 00 89
  can0  2C5   [4]  00 05 C0 90
  can0  2D5   [2]  00 00
  can0  380   [8]  00 20 00 00 00 00 27 00
  can0  0B0   [6]  00 00 00 00 11 01
  can0  0B2   [6]  00 00 00 00 11 01
  can0  224   [8]  00 00 00 00 00 00 00 00
  can0  2C1   [8]  08 03 02 03 22 D8 00 D5
  can0  260   [8]  08 FF F3 00 00 00 00 64
  can0  0B4   [8]  00 00 00 00 00 00 00 BC
  can0  0BA   [4]  06 00 00 C4
  can0  232   [4]  03 03 08 46
  can0  0B0   [6]  00 00 00 00 11 02
  can0  0B2   [6]  00 00 00 00 11 02
  can0  2C4   [8]  05 FC 00 1A 40 80 40 E9
  can0  2D0   [8]  0B B5 09 00 B0 9C 00 EF
  can0  262   [5]  20 00 00 00 89
  can0  0B4   [8]  00 00 00 00 00 00 00 BC
  can0  223   [8]  00 00 00 00 00 00 00 2D
  can0  2C6   [8]  00 00 00 00 00 00 00 D0
  can0  2D5   [2]  00 00
  can0  0B0   [6]  00 00 00 00 11 03
  can0  0B2   [6]  00 00 00 00 11 03
  can0  224   [8]  00 00 00 00 00 00 00 00
  can0  260   [8]  08 FF F3 00 00 00 00 64
  can0  3A1   [8]  00 00 00 00 00 00 00 00
  can0  0B4   [8]  00 00 00 00 00 00 00 BC
  can0  0BA   [4]  06 00 00 C4
  can0  232   [4]  03 03 08 46
  can0  2C1   [8]  08 03 05 03 18 D8 00 CE
  can0  262   [5]  20 00 00 00 89
  can0  0B0   [6]  00 00 00 00 11 04
  can0  0B2   [6]  00 00 00 00 11 04
  can0  2C4   [8]  05 FD 00 1A 40 80 40 EA
  can0  0B4   [8]  00 00 00 00 00 00 00 BC
  can0  223   [8]  00 00 00 00 00 00 00 2D
  can0  2D0   [8]  0B B6 09 00 B0 9C 00 F0
  can0  2D5   [2]  00 00
  can0  260   [8]  08 FF F4 00 00 00 00 65
  can0  2C5   [4]  00 05 C0 90
  can0  0B0   [6]  00 00 00 00 11 05
  can0  0B2   [6]  00 00 00 00 11 05
  can0  224   [8]  00 00 00 00 00 00 00 00
  can0  2C6   [8]  00 00 00 00 00 00 00 D0
  can0  0B4   [8]  00 00 00 00 00 00 00 BC
  can0  0BA   [4]  06 00 00 C4
  can0  232   [4]  03 03 08 46
  can0  262   [5]  20 00 00 00 89
  can0  0B0   [6]  00 00 00 00 11 06
  can0  0B2   [6]  00 00 00 00 11 06
  can0  2C4   [8]  05 F4 00 1A 40 80 40 E1
  can0  260   [8]  08 FF F5 00 00 00 00 66
  can0  2C1   [8]  08 02 FA 03 05 D7 00 AE
  can0  0B4   [8]  00 00 00 00 00 00 00 BC
  can0  223   [8]  00 00 00 00 00 00 00 2D
  can0  2D5   [2]  00 00
  can0  3A0   [8]  00 00 00 00 00 00 00 00
  can0  442   [8]  40 02 00 00 02 00 00 00
  can0  610   [8]  20 00 00 64 00 00 00 00
  can0  0B0   [6]  00 00 00 00 11 07
  can0  0B2   [6]  00 00 00 00 11 07
  can0  224   [8]  00 00 00 00 00 00 00 00
  can0  262   [5]  20 00 00 00 89
  can0  2D0   [8]  0B B3 09 00 B0 9C 00 ED
  can0  0B4   [8]  00 00 00 00 00 00 00 BC
  can0  0BA   [4]  05 FF 00 C2
  can0  232   [4]  03 03 08 46
  can0  611   [8]  21 00 00 10 00 03 C1 4F
  can0  2C4   [8]  05 FE 00 1A 40 80 40 EB
  can0  0B0   [6]  00 00 00 00 11 08
  can0  0B2   [6]  00 00 00 00 11 08
  can0  2C6   [8]  00 00 00 00 00 00 00 D0
  can0  260   [8]  08 FF F4 00 00 00 00 65
  can0  0B4   [8]  00 00 00 00 00 00 00 BC
  can0  223   [8]  00 00 00 00 00 00 00 2D
  can0  2D5   [2]  00 00
  can0  2C5   [4]  00 05 C0 90
  can0  262   [5]  20 00 00 00 89
  can0  0B0   [6]  00 00 00 00 11 09
  can0  0B2   [6]  00 00 00 00 11 09
  can0  224   [8]  00 00 00 00 00 00 00 00
  can0  2C1   [8]  08 02 F5 03 05 D7 00 A9
  can0  0B4   [8]  00 00 00 00 00 00 00 BC
  can0  0BA   [4]  05 FF 00 C2
  can0  232   [4]  03 03 08 46
  can0  260   [8]  08 FF F5 00 00 00 00 66
  can0  2C4   [8]  06 01 00 1A 40 80 40 EF
  can0  0B0   [6]  00 00 00 00 11 0A
  can0  0B2   [6]  00 00 00 00 11 0A
  can0  2D0   [8]  0B B3 09 00 B0 9C 00 ED
  can0  0B4   [8]  00 00 00 00 00 00 00 BC
  can0  223   [8]  00 00 00 00 00 00 00 2D
  can0  3B7   [8]  00 00 00 00 00 00 00 00
  can0  262   [5]  20 00 00 00 89
  can0  2D5   [2]  00 00
  can0  2C6   [8]  00 00 00 00 00 00 00 D0
  can0  0B0   [6]  00 00 00 00 11 0B
  can0  0B2   [6]  00 00 00 00 11 0B
  can0  224   [8]  00 00 00 00 00 00 00 00
  can0  260   [8]  08 FF F5 00 00 00 00 66
  can0  0B4   [8]  00 00 00 00 00 00 00 BC
  can0  0BA   [4]  05 FF 00 C2
  can0  232   [4]  03 03 08 46
  can0  2C1   [8]  08 02 FF 03 1A D7 00 C8
  can0  2C4   [8]  05 F7 00 1A 40 80 40 E4
  can0  0B0   [6]  00 00 00 00 11 0C
  can0  0B2   [6]  00 00 00 00 11 0C
  can0  262   [5]  20 00 00 00 89
  can0  0B4   [8]  00 00 00 00 00 00 00 BC
  can0  223   [8]  00 00 00 00 00 00 00 2D
  can0  2D5   [2]  00 00
  can0  2D0   [8]  0B B6 09 00 B0 9C 00 F0
  can0  2C5   [4]  00 05 C0 90
  can0  0B0   [6]  00 00 00 00 11 0D
  can0  0B2   [6]  00 00 00 00 11 0D
  can0  224   [8]  00 00 00 00 00 00 00 00
  can0  260   [8]  08 FF F4 00 00 00 00 65
  can0  2C6   [8]  00 00 00 00 00 00 00 D0
  can0  0B4   [8]  00 00 00 00 00 00 00 BC
  can0  0BA   [4]  05 FF 00 C2
  can0  232   [4]  03 03 08 46
  can0  2C4   [8]  05 F5 00 1A 40 80 40 E2
  can0  262   [5]  20 00 00 00 89
  can0  0B0   [6]  00 00 00 00 11 0E
  can0  0B2   [6]  00 00 00 00 11 0E
  can0  2C1   [8]  08 03 0F 03 1F D8 00 DF
  can0  621   [8]  11 00 00 00 00 00 00 00
  can0  0B4   [8]  00 00 00 00 00 00 00 BC
  can0  223   [8]  00 00 00 00 00 00 00 2D
  can0  2D5   [2]  00 00
  can0  260   [8]  08 FF F3 00 00 00 00 64
  can0  440   [8]  42 02 00 00 00 00 00 00
  can0  0B0   [6]  00 00 00 00 11 0F
  can0  0B2   [6]  00 00 00 00 11 0F
  can0  224   [8]  00 00 00 00 00 00 00 00
  can0  3A0   [8]  00 00 00 00 00 00 00 00
  can0  2D0   [8]  0B B1 09 00 B0 9C 00 EB
  can0  0B4   [8]  00 00 00 00 00 00 00 BC
  can0  0BA   [4]  05 FF 00 C2
  can0  232   [4]  03 03 08 46
  can0  262   [5]  20 00 00 00 89
  can0  4C1   [8]  01 00 09 08 00 00 00 00
  can0  622   [8]  12 00 00 00 00 00 00 00
  can0  2C4   [8]  05 F6 00 1A 40 80 40 E3
  can0  2C6   [8]  00 00 00 00 00 00 00 D0
  can0  0B0   [6]  00 00 00 00 11 00
  can0  0B2   [6]  00 00 00 00 11 00
  can0  260   [8]  08 FF F3 00 00 00 00 64
  can0  624   [8]  1A 00 00 49 49 00 00 00
  can0  2D5   [2]  00 00
  can0  0B4   [8]  00 00 00 00 00 00 00 BC
  can0  223   [8]  00 00 00 00 00 00 00 2D
  can0  2C5   [4]  00 05 C0 90
  can0  2C1   [8]  08 03 11 03 22 D8 00 E4
  can0  0B0   [6]  00 00 00 00 11 01
  can0  0B2   [6]  00 00 00 00 11 01
  can0  224   [8]  00 00 00 00 00 00 00 00
  can0  630   [8]  17 00 00 00 00 00 00 00
  can0  262   [5]  20 00 00 00 89
  can0  0B4   [8]  00 00 00 00 00 00 00 BC
  can0  0BA   [4]  05 FF 00 C2
  can0  232   [4]  03 03 08 46
  can0  2C4   [8]  05 F9 00 1A 40 80 40 E6
  can0  2D0   [8]  0B AD 09 00 B0 9C 00 E7
  can0  620   [8]  10 00 00 00 30 40 00 50
  can0  0B0   [6]  00 00 00 00 11 02
  can0  0B2   [6]  00 00 00 00 11 02
  can0  260   [8]  08 FF F3 00 00 00 00 64
  can0  2D5   [2]  00 00
  can0  640   [8]  A8 00 00 00 01 89 00 00
  can0  0B4   [8]  00 00 00 00 00 00 00 BC
  can0  223   [8]  00 00 00 00 00 00 00 2D
  can0  2C6   [8]  00 00 00 00 00 00 00 D0
  can0  638   [8]  13 00 10 00 00 00 00 00
  can0  262   [5]  20 00 00 00 89
  can0  0B0   [6]  00 00 00 00 11 03
  can0  0B2   [6]  00 00 00 00 11 03
  can0  224   [8]  00 00 00 00 00 00 00 00
  can0  0B4   [8]  00 00 00 00 00 00 00 BC
  can0  0BA   [4]  05 FF 00 C2
  can0  232   [4]  03 03 08 46
  can0  2C1   [8]  08 03 10 03 2D D8 00 EE
  can0  2C4   [8]  05 FE 00 1A 40 80 40 EB
  can0  260   [8]  08 FF F3 00 00 00 00 64
  can0  0B0   [6]  00 00 00 00 11 04
  can0  0B2   [6]  00 00 00 00 11 04
  can0  2D5   [2]  00 00
  can0  262   [5]  20 00 00 00 89
  can0  0B4   [8]  00 00 00 00 00 00 00 BC
  can0  223   [8]  00 00 00 00 00 00 00 2D
  can0  2D0   [8]  0B AE 09 00 B0 9C 00 E8
  can0  2C5   [4]  00 05 C0 90
  can0  0B0   [6]  00 00 00 00 11 05
  can0  0B2   [6]  00 00 00 00 11 05
  can0  224   [8]  00 00 00 00 00 00 00 00
  can0  2C6   [8]  00 00 00 00 00 00 00 D0
  can0  260   [8]  08 FF F3 00 00 00 00 64
  can0  0B4   [8]  00 00 00 00 00 00 00 BC
  can0  0BA   [4]  05 FF 00 C2
  can0  232   [4]  03 03 08 46
  can0  2C4   [8]  05 FB 00 1A 40 80 40 E8
  can0  4DD   [8]  1E 00 00 05 00 00 00 00
  can0  0B0   [6]  00 00 00 00 11 06
  can0  0B2   [6]  00 00 00 00 11 06
  can0  262   [5]  20 00 00 00 89
  can0  2C1   [8]  08 03 0A 03 27 D8 00 E2
  can0  2D5   [2]  00 00
  can0  0B4   [8]  00 00 00 00 00 00 00 BC
  can0  223   [8]  00 00 00 00 00 00 00 2D
  can0  442   [8]  40 02 00 00 02 00 00 00
  can0  260   [8]  08 FF F3 00 00 00 00 64
  can0  0B0   [6]  00 00 00 00 11 07
  can0  0B2   [6]  00 00 00 00 11 07
  can0  224   [8]  00 00 00 00 00 00 00 00
  can0  2D0   [8]  0B B0 09 00 B0 9C 00 EA
  can0  3A0   [8]  00 00 00 00 00 00 00 00
  can0  0B4   [8]  00 00 00 00 00 00 00 BC
  can0  0BA   [4]  05 FF 00 C2
  can0  232   [4]  03 03 08 46
  can0  2C4   [8]  05 F6 00 1A 40 80 40 E3
  can0  262   [5]  20 00 00 00 89
  can0  2C6   [8]  00 00 00 00 00 00 00 D0
  can0  7DF   [8]  02 01 10 00 00 00 00 00
  can0  7E8   [8]  04 41 10 01 ED 00 00 00
  can0  0B0   [6]  00 00 00 00 11 08
  can0  0B2   [6]  00 00 00 00 11 08
  can0  2D5   [2]  00 00
  can0  0B4   [8]  00 00 00 00 00 00 00 BC
  can0  223   [8]  00 00 00 00 00 00 00 2D
  can0  260   [8]  08 FF F3 00 00 00 00 64
  can0  2C5   [4]  00 05 C0 90
  can0  2C1   [8]  08 03 19 03 26 D8 00 F0
  can0  0B0   [6]  00 00 00 00 11 09
  can0  0B2   [6]  00 00 00 00 11 09
  can0  224   [8]  00 00 00 00 00 00 00 00
  can0  394   [1]  00
  can0  262   [5]  20 00 00 00 89
  can0  0B4   [8]  00 00 00 00 00 00 00 BC
  can0  0BA   [4]  05 FF 00 C2
  can0  232   [4]  03 03 08 46
  can0  2C4   [8]  05 FF 00 1A 40 80 40 EC
  can0  2D0   [8]  0B AD 09 00 B0 9C 00 E7
  can0  0B0   [6]  00 00 00 00 11 0A
  can0  0B2   [6]  00 00 00 00 11 0A
  can0  2D5   [2]  00 00
  can0  260   [8]  08 FF F3 00 00 00 00 64
  can0  2C6   [8]  00 00 00 00 00 00 00 D0
  can0  0B4   [8]  00 00 00 00 00 00 00 BC
  can0  223   [8]  00 00 00 00 00 00 00 2D
  can0  0B0   [6]  00 00 00 00 11 0B
  can0  0B2   [6]  00 00 00 00 11 0B
  can0  224   [8]  00 00 00 00 00 00 00 00
  can0  262   [5]  20 00 00 00 89
  can0  2C1   [8]  08 03 00 03 20 D8 00 D1
  can0  2C4   [8]  06 05 00 1A 40 80 40 F3
  can0  0B4   [8]  00 00 00 00 00 00 00 BC
  can0  0BA   [4]  06 00 00 C4
  can0  232   [4]  03 03 08 46
  can0  260   [8]  08 FF F3 00 00 00 00 64
  can0  0B0   [6]  00 00 00 00 11 0C
  can0  0B2   [6]  00 00 00 00 11 0C
  can0  2D5   [2]  00 00
  can0  2D0   [8]  0B B5 09 00 B0 9C 00 EF
  can0  0B4   [8]  00 00 00 00 00 00 00 BC
  can0  223   [8]  00 00 00 00 00 00 00 2D
  can0  2C5   [4]  00 05 C0 90
  can0  262   [5]  20 00 00 00 89
  can0  0B0   [6]  00 00 00 00 11 0D
  can0  0B2   [6]  00 00 00 00 11 0D
  can0  224   [8]  00 00 00 00 00 00 00 00
  can0  2C6   [8]  00 00 00 00 00 00 00 D0
  can0  2C4   [8]  06 0A 00 1A 40 80 40 F8
  can0  0B4   [8]  00 00 00 00 00 00 00 BC
  can0  0BA   [4]  06 00 00 C4
  can0  232   [4]  03 03 08 46
  can0  260   [8]  08 FF F3 00 00 00 00 64
  can0  0B0   [6]  00 00 00 00 11 0E
  can0  0B2   [6]  00 00 00 00 11 0E
  can0  2C1   [8]  08 02 F9 03 1D D7 00 C5
  can0  2D5   [2]  00 00
  can0  262   [5]  20 00 00 00 89
  can0  0B4   [8]  00 00 00 00 00 00 00 BC
  can0  223   [8]  00 00 00 00 00 00 00 2D
  can0  440   [8]  42 02 00 00 00 00 00 00
  can0  0B0   [6]  00 00 00 00 11 0F
  can0  0B2   [6]  00 00 00 00 11 0F
  can0  224   [8]  00 00 00 00 00 00 00 00
  can0  2D0   [8]  0B BE 09 00 B0 9C 00 F8
  can0  260   [8]  08 FF F3 00 00 00 00 64
  can0  2C4   [8]  06 0A 00 1A 40 80 40 F8
  can0  0B4   [8]  00 00 00 00 00 00 00 BC
  can0  0BA   [4]  06 00 00 C4
  can0  232   [4]  03 03 08 46
  can0  3A0   [8]  00 00 00 00 00 00 00 00
  can0  2C6   [8]  00 00 00 00 00 00 00 D0
  can0  0B0   [6]  00 00 00 00 11 00
  can0  0B2   [6]  00 00 00 00 11 00
  can0  2D5   [2]  00 00
  can0  3B3   [3]  06 06 28
  can0  262   [5]  20 00 00 00 89
  can0  7DF   [8]  02 01 11 00 00 00 00 00
  can0  7E8   [8]  03 41 11 34 00 00 00 00
  can0  0B4   [8]  00 00 00 00 00 00 00 BC
  can0  223   [8]  00 00 00 00 00 00 00 2D
  can0  2C1   [8]  08 03 04 03 28 D8 00 DD
  can0  2C5   [4]  00 05 C0 90
  can0  260   [8]  08 FF F3 00 00 00 00 64
  can0  0B0   [6]  00 00 00 00 11 01
  can0  0B2   [6]  00 00 00 00 11 01
  can0  224   [8]  00 00 00 00 00 00 00 00
  can0  2C4   [8]  06 04 00 1A 40 80 40 F2
  can0  0B4   [8]  00 00 00 00 00 00 00 BC
  can0  0BA   [4]  06 01 00 C5
  can0  232   [4]  03 03 08 46
  can0  2D0   [8]  0B C5 09 00 B0 9C 00 FF
  can0  262   [5]  20 00 00 00 89
  can0  0B0   [6]  00 00 00 00 11 02
  can0  0B2   [6]  00 00 00 00 11 02
  can0  2D5   [2]  00 00
  can0  2C6   [8]  00 00 00 00 00 00 00 D0
  can0  0B4   [8]  00 00 00 00 00 00 00 BC
  can0  223   [8]  00 00 00 00 00 00 00 2D
  can0  4C3   [8]  04 00 12 07 00 00 00 00
  can0  260   [8]  08 FF F4 00 00 00 00 65
  can0  0B0   [6]  00 00 00 00 11 03
  can0  0B2   [6]  00 00 00 00 11 03
  can0  224   [8]  00 00 00 00 00 00 00 00
  can0  2C4   [8]  06 04 00 1A 40 80 40 F2
  can0  2C1   [8]  08 03 17 03 30 D8 00 F8
  can0  262   [5]  20 00 00 00 89
  can0  0B4   [8]  00 00 00 00 00 00 00 BC
  can0  0BA   [4]  06 00 00 C4
  can0  232   [4]  03 03 08 46
  can0  3B7   [8]  00 00 00 00 00 00 00 00
  can0  2D5   [2]  00 00
  can0  0B0   [6]  00 00 00 00 11 04
  can0  0B2   [6]  00 00 00 00 11 04
  can0  260   [8]  08 FF F5 00 00 00 00 66
  can0  2D0   [8]  0B C6 09 00 B0 9C 00 00
  can0  3B1   [8]  00 00 02 2A A0 00 00 00
  can0  0B4   [8]  00 00 00 00 00 00 00 BC
  can0  223   [8]  00 00 00 00 00 00 00 2D
  can0  2C5   [4]  00 05 C0 90
  can0  2C6   [8]  00 00 00 00 00 00 00 D0
  can0  0B0   [6]  00 00 00 00 11 05
  can0  0B2   [6]  00 00 00 00 11 05
  can0  224   [8]  00 00 00 00 00 00 00 00
  can0  262   [5]  20 00 00 00 89
  can0  2C4   [8]  06 0B 00 1A 40 80 40 F9
  can0  0B4   [8]  00 00 00 00 00 00 00 BC
  can0  0BA   [4]  06 01 00 C5
  can0  232   [4]  03 03 08 46
  can0  260   [8]  08 FF F5 00 00 00 00 66
  can0  2D5   [2]  00 00
  can0  2C1   [8]  08 03 0B 03 28 D8 00 E4
  can0  0B0   [6]  00 00 00 00 11 06
  can0  0B2   [6]  00 00 00 00 11 06
  can0  442   [8]  40 02 00 00 02 00 00 00
  can0  0B4   [8]  00 00 00 00 00 00 00 BC
  can0  223   [8]  00 00 00 00 00 00 00 2D
  can0  262   [5]  20 00 00 00 89
  can0  2D0   [8]  0B CB 09 00 B0 9C 00 05
  can0  0B0   [6]  00 00 00 00 11 07
  can0  0B2   [6]  00 00 00 00 11 07
  can0  224   [8]  00 00 00 00 00 00 00 00
  can0  2C4   [8]  06 06 00 1A 40 80 40 F4
  can0  0B4   [8]  00 00 00 00 00 00 00 BC
  can0  0BA   [4]  06 01 00 C5
  can0  232   [4]  03 03 08 46
  can0  260   [8]  08 FF F4 00 00 00 00 65
  can0  2C6   [8]  00 00 00 00 00 00 00 D0
  can0  2D5   [2]  00 00
  can0  3A0   [8]  00 00 00 00 00 00 00 00
  can0  0B0   [6]  00 00 00 00 11 08
  can0  0B2   [6]  00 00 00 00 11 08
  can0  262   [5]  20 00 00 00 89
  can0  0B4   [8]  00 00 00 00 00 00 00 BC
  can0  223   [8]  00 00 00 00 00 00 00 2D
  can0  2C1   [8]  08 03 0F 03 23 D8 00 E3
  can0  2C5   [4]  00 05 C0 90
  can0  7DF   [8]  02 01 0E 00 00 00 00 00
  can0  7E8   [8]  03 41 0E 8E 00 00 00 00
  can0  0B0   [6]  00 00 00 00 11 09
  can0  0B2   [6]  00 00 00 00 11 09
  can0  224   [8]  00 00 00 00 00 00 00 00
  can0  2C4   [8]  06 0A 00 1A 40 80 40 F8
  can0  260   [8]  08 FF F4 00 00 00 00 65
  can0  0B4   [8]  00 00 00 00 00 00 00 BC
  can0  0BA   [4]  06 01 00 C5
  can0  232   [4]  03 03 08 46
  can0  2D0   [8]  0B CD 09 00 B0 9C 00 07
  can0  2D5   [2]  00 00
  can0  0B0   [6]  00 00 00 00 11 0A
  can0  0B2   [6]  00 00 00 00 11 0A
  can0  262   [5]  20 00 00 00 89
  can0  2C6   [8]  00 00 00 00 00 00 00 D0
  can0  620   [8]  10 00 00 00 30 40 00 50
  can0  0B4   [8]  00 00 00 00 00 00 00 BC
  can0  223   [8]  00 00 00 00 00 00 00 2D
  can0  260   [8]  08 FF F4 00 00 00 00 65
  can0  0B0   [6]  00 00 00 00 11 0B
  can0  0B2   [6]  00 00 00 00 11 0B
  can0  224   [8]  00 00 00 00 00 00 00 00
  can0  2C4   [8]  06 09 00 1A 40 80 40 F7
  can0  2C1   [8]  08 03 04 03 23 D8 00 D8
  can0  0B4   [8]  00 00 00 00 00 00 00 BC
  can0  0BA   [4]  06 01 00 C5
  can0  232   [4]  03 03 08 46
  can0  262   [5]  20 00 00 00 89
  can0  2D5   [2]  00 00
  can0  0B0   [6]  00 00 00 00 11 0C
  can0  0B2   [6]  00 00 00 00 11 0C
  can0  2D0   [8]  0B CD 09 00 B0 9C 00 07
  can0  260   [8]  08 FF F3 00 00 00 00 64
  can0  0B4   [8]  00 00 00 00 00 00 00 BC
  can0  223   [8]  00 00 00 00 00 00 00 2D
  can0  2C5   [4]  00 05 C0 90
  can0  2C6   [8]  00 00 00 00 00 00 00 D0
  can0  0B0   [6]  00 00 00 00 11 0D
  can0  0B2   [6]  00 00 00 00 11 0D
  can0  224   [8]  00 00 00 00 00 00 00 00
  can0  2C4   [8]  06 06 00 1A 40 80 40 F4
  can0  262   [5]  20 00 00 00 89
  can0  0B4   [8]  00 00 00 00 00 00 00 BC
  can0  0BA   [4]  06 01 00 C5
  can0  232   [4]  03 03 08 46
  can0  2D5   [2]  00 00
  can0  2C1   [8]  08 03 07 03 24 D8 00 DC
  can0  0B0   [6]  00 00 00 00 11 0E
  can0  0B2   [6]  00 00 00 00 11 0E
  can0  260   [8]  08 FF F3 00 00 00 00 64
  can0  440   [8]  42 02 00 00 00 00 00 00
  can0  0B4   [8]  00 00 00 00 00 00 00 BC
  can0  223   [8]  00 00 00 00 00 00 00 2D
  can0  2D0   [8]  0B CB 09 00 B0 9C 00 05
  can0  262   [5]  20 00 00 00 89
  can0  2C4   [8]  05 FC 00 1A 40 80 40 E9
  can0  0B0   [6]  00 00 00 00 11 0F
  can0  0B2   [6]  00 00 00 00 11 0F
  can0  224   [8]  00 00 00 00 00 00 00 00
  can0  2C6   [8]  00 00 00 00 00 00 00 D0
  can0  0B4   [8]  00 00 00 00 00 00 00 BC
  can0  0BA   [4]  06 01 00 C5
  can0  232   [4]  03 03 08 46
  can0  2D5   [2]  00 00
  can0  260   [8]  08 FF F3 00 00 00 00 64
  can0  0B0   [6]  00 00 00 00 11 00
  can0  0B2   [6]  00 00 00 00 11 00
  can0  3A0   [8]  00 00 00 00 00 00 00 00
  can0  610   [8]  20 00 00 64 00 00 00 00
  can0  0B4   [8]  00 00 00 00 00 00 00 BC
  can0  223   [8]  00 00 00 00 00 00 00 2D
  can0  2C1   [8]  08 03 4A 03 23 DA 00 20
  can0  262   [5]  20 00 00 00 89
  can0  2C5   [4]  00 05 C0 90
  can0  2C4   [8]  05 F4 00 1A 40 80 40 E1
  can0  0B0   [6]  00 00 00 00 11 01
  can0  0B2   [6]  00 00 00 00 11 01
  can0  224   [8]  00 00 00 00 00 00 00 00
  can0  4C8   [8]  09 00 01 06 00 00 00 00
  can0  7DF   [8]  02 01 06 00 00 00 00 00
  can0  2D0   [8]  0B BD 09 00 B0 9C 00 F7
  can0  260   [8]  08 FF F3 00 00 00 00 64
  can0  7E8   [8]  03 41 06 77 00 00 00 00
  can0  0B4   [8]  00 00 00 00 00 00 00 BC
  can0  0BA   [4]  06 02 00 C6
  can0  232   [4]  03 03 08 46
  can0  2D5   [2]  00 00
  can0  394   [1]  00
  can0  0B0   [6]  00 00 00 00 11 02
  can0  0B2   [6]  00 00 00 00 11 02
  can0  2C6   [8]  00 00 00 00 00 00 00 D0
  can0  262   [5]  20 00 00 00 89
  can0  0B4   [8]  00 00 00 00 00 00 00 BC
  can0  223   [8]  00 00 00 00 00 00 00 2D
  can0  2C4   [8]  05 F4 00 1A 40 80 40 E1
  can0  0B0   [6]  00 00 00 00 11 03
  can0  0B2   [6]  00 00 00 00 11 03
  can0  224   [8]  00 00 00 00 00 00 00 00
  can0  260   [8]  08 FF F3 00 00 00 00 64
  can0  2C1   [8]  08 03 19 03 21 D8 00 EB
  can0  0B4   [8]  00 00 00 00 00 00 00 BC
  can0  0BA   [4]  06 01 00 C5
  can0  232   [4]  03 03 08 46
  can0  2D5   [2]  00 00
  can0  262   [5]  20 00 00 00 89
  can0  0B0   [6]  00 00 00 00 11 04
  can0  0B2   [6]  00 00 00 00 11 04
  can0  2D0   [8]  0B B6 09 00 B0 9C 00 F0
  can0  0B4   [8]  00 00 00 00 00 00 00 BC
  can0  223   [8]  00 00 00 00 00 00 00 2D
  can0  2C5   [4]  00 05 C0 90
  can0  260   [8]  08 FF F3 00 00 00 00 64
  can0  2C6   [8]  00 00 00 00 00 00 00 D0
  can0  2C4   [8]  05 F5 00 1A 40 80 40 E2
  can0  0B0   [6]  00 00 00 00 11 05
  can0  0B2   [6]  00 00 00 00 11 05
  can0  224   [8]  00 00 00 00 00 00 00 00
  can0  2D5   [2]  00 00
  can0  0B4   [8]  00 00 00 00 00 00 00 BC
  can0  0BA   [4]  06 01 00 C5
  can0  232   [4]  03 03 08 46
  can0  262   [5]  20 00 00 00 89
  can0  2C1   [8]  08 03 0B 03 13 D8 00 CF
  can0  442   [8]  40 02 00 00 02 00 00 00
  can0  0B0   [6]  00 00 00 00 11 06
  can0  0B2   [6]  00 00 00 00 11 06
  can0  260   [8]  08 FF F3 00 00 00 00 64
  can0  0B4   [8]  00 00 00 00 00 00 00 BC
  can0  223   [8]  00 00 00 00 00 00 00 2D
  can0  2D0   [8]  0B AD 09 00 B0 9C 00 E7
  can0  2C4   [8]  05 F2 00 1A 40 80 40 DF
  can0  0B0   [6]  00 00 00 00 11 07
  can0  0B2   [6]  00 00 00 00 11 07
  can0  224   [8]  00 00 00 00 00 00 00 00
  can0  262   [5]  20 00 00 00 89
  can0  2C6   [8]  00 00 00 00 00 00 00 D0
  can0  2D5   [2]  00 00
  can0  0B4   [8]  00 00 00 00 00 00 00 BC
  can0  0BA   [4]  06 00 00 C4
  can0  232   [4]  03 03 08 46
  can0  0B0   [6]  00 00 00 00 11 08
  can0  0B2   [6]  00 00 00 00 11 08
  can0  260   [8]  08 FF F3 00 00 00 00 64
  can0  2C1   [8]  08 03 10 03 0D D8 00 CE
  can0  3A0   [8]  00 00 00 00 00 00 00 00
  can0  0B4   [8]  00 00 00 00 00 00 00 BC
  can0  223   [8]  00 00 00 00 00 00 00 2D
  can0  2C5   [4]  00 05 C0 90
  can0  2C4   [8]  05 F1 00 1A 40 80 40 DE
  can0  262   [5]  20 00 00 00 89
  can0  0B0   [6]  00 00 00 00 11 09
  can0  0B2   [6]  00 00 00 00 11 09
  can0  224   [8]  00 00 00 00 00 00 00 00
  can0  2D0   [8]  0B A5 09 00 B0 9C 00 DF
  can0  2D5   [2]  00 00
  can0  0B4   [8]  00 00 00 00 00 00 00 BC
  can0  0BA   [4]  06 00 00 C4
  can0  232   [4]  03 03 08 46
  can0  260   [8]  08 FF F3 00 00 00 00 64
  can0  7DF   [8]  02 01 07 00 00 00 00 00
  can0  2C6   [8]  00 00 00 00 00 00 00 D0
  can0  0B0   [6]  00 00 00 00 11 0A
  can0  0B2   [6]  00 00 00 00 11 0A
  can0  7E8   [8]  03 41 07 88 00 00 00 00
  can0  0B4   [8]  00 00 00 00 00 00 00 BC
  can0  223   [8]  00 00 00 00 00 00 00 2D
  can0  262   [5]  20 00 00 00 89
  can0  2C4   [8]  05 F7 00 1A 40 80 40 E4
  can0  0B0   [6]  00 00 00 00 11 0B
  can0  0B2   [6]  00 00 00 00 11 0B
  can0  224   [8]  00 00 00 00 00 00 00 00
  can0  2C1   [8]  08 03 10 03 18 D8 00 D9
  can0  2D5   [2]  00 00
  can0  260   [8]  08 FF F3 00 00 00 00 64
  can0  0B4   [8]  00 00 00 00 00 00 00 BC
  can0  0BA   [4]  06 00 00 C4
  can0  232   [4]  03 03 08 46
  can0  2D0   [8]  0B A1 09 00 B0 9C 00 DB
  can0  0B0   [6]  00 00 00 00 11 0C
  can0  0B2   [6]  00 00 00 00 11 0C
  can0  262   [5]  20 00 00 00 89
  can0  0B4   [8]  00 00 00 00 00 00 00 BC
  can0  223   [8]  00 00 00 00 00 00 00 2D
  can0  3B7   [8]  00 00 00 00 00 00 00 00
  can0  2C4   [8]  05 FE 00 1A 40 80 40 EB
  can0  2C5   [4]  00 05 C0 90
  can0  2C6   [8]  00 00 00 00 00 00 00 D0
  can0  3B4   [8]  00 00 43 4C 80 00 00 00
  can0  0B0   [6]  00 00 00 00 11 0D
  can0  0B2   [6]  00 00 00 00 11 0D
  can0  224   [8]  00 00 00 00 00 00 00 00
  can0  260   [8]  08 FF F3 00 00 00 00 64
  can0  2D5   [2]  00 00
  can0  0B4   [8]  00 00 00 00 00 00 00 BC
  can0  0BA   [4]  05 FF 00 C2
  can0  232   [4]  03 03 08 46
  can0  2C1   [8]  08 03 02 03 1C D8 00 CF
  can0  262   [5]  20 00 00 00 89
  can0  0B0   [6]  00 00 00 00 11 0E
  can0  0B2   [6]  00 00 00 00 11 0E
  can0  440   [8]  42 02 00 00 00 00 00 00
  can0  0B4   [8]  00 00 00 00 00 00 00 BC
  can0  223   [8]  00 00 00 00 00 00 00 2D
  can0  2C4   [8]  06 01 00 1A 40 80 40 EF
  can0  2D0   [8]  0B A6 09 00 B0 9C 00 E0
  can0  260   [8]  08 FF F3 00 00 00 00 64
  can0  0B0   [6]  00 00 00 00 11 0F
  can0  0B2   [6]  00 00 00 00 11 0F
  can0  224   [8]  00 00 00 00 00 00 00 00
  can0  2C6   [8]  00 00 00 00 00 00 00 D0
  can0  2D5   [2]  00 00
  can0  0B4   [8]  00 00 00 00 00 00 00 BC
  can0  0BA   [4]  05 FF 00 C2
  can0  232   [4]  03 03 08 46
  can0  262   [5]  20 00 00 00 89
  can0  0B0   [6]  00 00 00 00 11 00
  can0  0B2   [6]  00 00 00 00 11 00
  can0  2C1   [8]  08 03 01 03 1D D8 00 CF
  can0  260   [8]  08 FF F3 00 00 00 00 64
  can0  0B4   [8]  00 00 00 00 00 00 00 BC
  can0  223   [8]  00 00 00 00 00 00 00 2D
  can0  2C4   [8]  06 05 00 1A 40 80 40 F3
  can0  2C5   [4]  00 05 C0 90
  can0  3A0   [8]  00 00 00 00 00 00 00 00
  can0  0B0   [6]  00 00 00 00 11 01
  can0  0B2   [6]  00 00 00 00 11 01
  can0  224   [8]  00 00 00 00 00 00 00 00
  can0  262   [5]  20 00 00 00 89
  can0  2D0   [8]  0B B0 09 00 B0 9C 00 EA
  can0  2D5   [2]  00 00
  can0  0B4   [8]  00 00 00 00 00 00 00 BC
  can0  0BA   [4]  05 FF 00 C2
  can0  232   [4]  03 03 08 46
  can0  2C6   [8]  00 00 00 00 00 00 00 D0
  can0  260   [8]  08 FF F5 00 00 00 00 66
  can0  0B0   [6]  00 00 00 00 11 02
  can0  0B2   [6]  00 00 00 00 11 02
  can0  2C4   [8]  06 00 00 1A 40 80 40 EE
  can0  0B4   [8]  00 00 00 00 00 00 00 BC
  can0  223   [8]  00 00 00 00 00 00 00 2D
  can0  7DF   [8]  02 01 15 00 00 00 00 00
  can0  7E8   [8]  04 41 15 00 FF 00 00 00
  can0  262   [5]  20 00 00 00 89
  can0  2C1   [8]  08 03 00 03 1E D8 00 CF
  can0  0B0   [6]  00 00 00 00 11 03
  can0  0B2   [6]  00 00 00 00 11 03
  can0  224   [8]  00 00 00 00 00 00 00 00
  can0  620   [8]  10 00 00 00 30 40 00 50
  can0  2D5   [2]  00 00
  can0  0B4   [8]  00 00 00 00 00 00 00 BC
  can0  0BA   [4]  05 FF 00 C2
  can0  232   [4]  03 03 08 46
  can0  260   [8]  08 FF F5 00 00 00 00 66
  can0  2D0   [8]  0B BA 09 00 B0 9C 00 F4
  can0  0B0   [6]  00 00 00 00 11 04
  can0  0B2   [6]  00 00 00 00 11 04
  can0  2C4   [8]  06 01 00 1A 40 80 40 EF
  can0  262   [5]  20 00 00 00 89
  can0  0B4   [8]  00 00 00 00 00 00 00 BC
  can0  223   [8]  00 00 00 00 00 00 00 2D
  can0  2C6   [8]  00 00 00 00 00 00 00 D0
  can0  2C5   [4]  00 05 C0 90
  can0  0B0   [6]  00 00 00 00 11 05
  can0  0B2   [6]  00 00 00 00 11 05
  can0  224   [8]  00 00 00 00 00 00 00 00
  can0  2D5   [2]  00 00
  can0  260   [8]  08 FF F5 00 00 00 00 66
  can0  0B4   [8]  00 00 00 00 00 00 00 BC
  can0  0BA   [4]  05 FF 00 C2
  can0  232   [4]  03 03 08 46
  can0  2C1   [8]  08 02 FD 03 1A D7 00 C6
  can0  442   [8]  40 02 00 00 02 00 00 00
  can0  0B0   [6]  00 00 00 00 11 06
  can0  0B2   [6]  00 00 00 00 11 06
  can0  262   [5]  20 00 00 00 89
  can0  2C4   [8]  05 F5 00 1A 40 80 40 E2
  can0  2D0   [8]  0B BA 09 00 B0 9C 00 F4
  can0  0B4   [8]  00 00 00 00 00 00 00 BC
  can0  223   [8]  00 00 00 00 00 00 00 2D
  can0  260   [8]  08 FF F4 00 00 00 00 65
  can0  0B0   [6]  00 00 00 00 11 07
  can0  0B2   [6]  00 00 00 00 11 07
  can0  224   [8]  00 00 00 00 00 00 00 00
  can0  2D5   [2]  00 00
  can0  2C6   [8]  00 00 00 00 00 00 00 D0
  can0  0B4   [8]  00 00 00 00 00 00 00 BC
  can0  0BA   [4]  05 FF 00 C2
  can0  232   [4]  03 03 08 46
  can0  262   [5]  20 00 00 00 89
  can0  0B0   [6]  00 00 00 00 11 08
  can0  0B2   [6]  00 00 00 00 11 08
  can0  2C1   [8]  08 03 14 03 13 D8 00 D8
  can0  2C4   [8]  05 EB 00 1A 40 80 40 D8
  can0  0B4   [8]  00 00 00 00 00 00 00 BC
  can0  223   [8]  00 00 00 00 00 00 00 2D
  can0  2C5   [4]  00 05 C0 90
  can0  260   [8]  08 FF F3 00 00 00 00 64
  can0  0B0   [6]  00 00 00 00 11 09
  can0  0B2   [6]  00 00 00 00 11 09
  can0  224   [8]  00 00 00 00 00 00 00 00
  can0  2D5   [2]  00 00
  can0  3A0   [8]  00 00 00 00 00 00 00 00
  can0  2D0   [8]  0B B0 09 00 B0 9C 00 EA
  can0  262   [5]  20 00 00 00 89
  can0  0B4   [8]  00 00 00 00 00 00 00 BC
  can0  0BA   [4]  05 FF 00 C2
  can0  232   [4]  03 03 08 46
  can0  2C6   [8]  00 00 00 00 00 00 00 D0
  can0  0B0   [6]  00 00 00 00 11 0A
  can0  0B2   [6]  00 00 00 00 11 0A
  can0  260   [8]  08 FF F3 00 00 00 00 64
  can0  2C4   [8]  05 ED 00 1A 40 80 40 DA
  can0  3B3   [3]  05 ED 28
  can0  0B4   [8]  00 00 00 00 00 00 00 BC
  can0  223   [8]  00 00 00 00 00 00 00 2D
  can0  394   [1]  00
  can0  2C1   [8]  08 03 21 02 FD D9 00 CF
  can0  2D5   [2]  00 00
  can0  0B0   [6]  00 00 00 00 11 0B
  can0  0B2   [6]  00 00 00 00 11 0B
  can0  224   [8]  00 00 00 00 00 00 00 00
  can0  262   [5]  20 00 00 00 89
  can0  7DF   [8]  02 01 1F 00 00 00 00 00
  can0  7E8   [8]  04 41 1F 00 27 00 00 00
  can0  3D6   [7]  00 00 00 00 00 00 00
  can0  398   [2]  02 04
  can0  0B4   [8]  00 00 00 00 00 00 00 BC
  can0  0BA   [4]  05 FF 00 C2
  can0  232   [4]  03 03 08 46
  can0  4DC   [8]  1D 00 01 07 00 00 00 00
  can0  2D0   [8]  0B A5 09 00 B0 9C 00 DF
  can0  260   [8]  08 FF F3 00 00 00 00 64
  can0  0B0   [6]  00 00 00 00 11 0C
  can0  0B2   [6]  00 00 00 00 11 0C
  can0  2C4   [8]  05 F6 00 1A 40 80 40 E3
  can0  2C6   [8]  00 00 00 00 00 00 00 D0
  can0  0B4   [8]  00 00 00 00 00 00 00 BC
  can0  223   [8]  00 00 00 00 00 00 00 2D
  can0  2C5   [4]  00 05 C0 90
  can0  262   [5]  20 00 00 00 89
  can0  2D5   [2]  00 00
  can0  0B0   [6]  00 00 00 00 11 0D
  can0  0B2   [6]  00 00 00 00 11 0D
  can0  224   [8]  00 00 00 00 00 00 00 00
  can0  2C1   [8]  08 02 F7 02 FB D7 00 A0
  can0  0B4   [8]  00 00 00 00 00 00 00 BC
  can0  0BA   [4]  05 FF 00 C2
  can0  232   [4]  03 03 08 46
  can0  260   [8]  08 FF F3 00 00 00 00 64
  can0  440   [8]  42 02 00 00 00 00 00 00
  can0  0B0   [6]  00 00 00 00 11 0E
  can0  0B2   [6]  00 00 00 00 11 0E
  can0  2C4   [8]  05 ED 00 1A 40 80 40 DA
  can0  2D0   [8]  0B A1 09 00 B0 9C 00 DB
  can0  262   [5]  20 00 00 00 89
  can0  0B4   [8]  00 00 00 00 00 00 00 BC
  can0  223   [8]  00 00 00 00 00 00 00 2D
  can0  3B0   [5]  00 00 00 48 00
  can0  2D5   [2]  00 00
  can0  0B0   [6]  00 00 00 00 11 0F
  can0  0B2   [6]  00 00 00 00 11 0F
  can0  224   [8]  00 00 00 00 00 00 00 00
  can0  2C6   [8]  00 00 00 00 00 00 00 D0
  can0  260   [8]  08 FF F3 00 00 00 00 64
  can0  0B4   [8]  00 00 00 00 00 00 00 BC
  can0  0BA   [4]  05 FF 00 C2
  can0  232   [4]  03 03 08 46
  can0  0B0   [6]  00 00 00 00 11 00
  can0  0B2   [6]  00 00 00 00 11 00
  can0  262   [5]  20 00 00 00 89
  can0  2C1   [8]  08 03 14 03 05 D8 00 CA
  can0  2C4   [8]  05 EB 00 1A 40 80 40 D8
  can0  0B4   [8]  00 00 00 00 00 00 00 BC
  can0  223   [8]  00 00 00 00 00 00 00 2D
  can0  2C5   [4]  00 05 C0 90
  can0  2D5   [2]  00 00
  can0  260   [8]  08 FF F3 00 00 00 00 64
  can0  2D0   [8]  0B 98 09 00 B0 9C 00 D2
  can0  0B0   [6]  00 00 00 00 11 01
  can0  0B2   [6]  00 00 00 00 11 01
  can0  224   [8]  00 00 00 00 00 00 00 00
  can0  3A0   [8]  00 00 00 00 00 00 00 00
  can0  0B4   [8]  00 00 00 00 00 00 00 BC
  can0  0BA   [4]  06 00 00 C4
  can0  232   [4]  03 03 08 46
  can0  2C6   [8]  00 00 00 00 00 00 00 D0
  can0  262   [5]  20 00 00 00 89
  can0  0B0   [6]  00 00 00 00 11 02
  can0  0B2   [6]  00 00 00 00 11 02
  can0  2C4   [8]  05 EF 00 1A 40 80 40 DC
  can0  0B4   [8]  00 00 00 00 00 00 00 BC
  can0  223   [8]  00 00 00 00 00 00 00 2D
  can0  260   [8]  08 FF F3 00 00 00 00 64
  can0  2C1   [8]  08 03 23 03 22 D9 00 F7
  can0  2D5   [2]  00 00
  can0  0B0   [6]  00 00 00 00 11 03
  can0  0B2   [6]  00 00 00 00 11 03
  can0  224   [8]  00 00 00 00 00 00 00 00
  can0  262   [5]  20 00 00 00 89
  can0  0B4   [8]  00 00 00 00 00 00 00 BC
  can0  0BA   [4]  06 01 00 C5
  can0  232   [4]  03 03 08 46
  can0  7DF   [8]  02 01 2F 00 00 00 00 00
  can0  2D0   [8]  0B 98 09 00 B0 9C 00 D2
  can0  380   [8]  00 20 00 00 00 00 27 00
  can0  0B0   [6]  00 00 00 00 11 04
  can0  0B2   [6]  00 00 00 00 11 04
  can0  2C4   [8]  05 F4 00 1A 40 80 40 E1
  can0  260   [8]  08 FF F3 00 00 00 00 64
  can0  2C6   [8]  00 00 00 00 00 00 00 D0
  can0  0B4   [8]  00 00 00 00 00 00 00 BC
  can0  223   [8]  00 00 00 00 00 00 00 2D
  can0  2C5   [4]  00 05 C0 90
  can0  2D5   [2]  00 00
  can0  0B0   [6]  00 00 00 00 11 05
  can0  0B2   [6]  00 00 00 00 11 05
  can0  224   [8]  00 00 00 00 00 00 00 00
  can0  262   [5]  20 00 00 00 89
  can0  2C1   [8]  08 03 19 03 20 D8 00 EA
  can0  442   [8]  40 02 00 00 02 00 00 00
  can0  0B4   [8]  00 00 00 00 00 00 00 BC
  can0  0BA   [4]  05 FF 00 C2
  can0  232   [4]  03 03 08 46
  can0  3B7   [8]  00 00 00 00 00 00 00 00
  can0  260   [8]  08 FF F3 00 00 00 00 64
  can0  2C4   [8]  05 F9 00 1A 40 80 40 E6
  can0  0B0   [6]  00 00 00 00 11 06
  can0  0B2   [6]  00 00 00 00 11 06
  can0  2D0   [8]  0B 9D 09 00 B0 9C 00 D7
  can0  3A1   [8]  00 00 00 00 00 00 00 00
  can0  0B4   [8]  00 00 00 00 00 00 00 BC
  can0  223   [8]  00 00 00 00 00 00 00 2D
  can0  2D5   [2]  00 00
  can0  262   [5]  20 00 00 00 89
  can0  2C6   [8]  00 00 00 00 00 00 00 D0
  can0  0B0   [6]  00 00 00 00 11 07
  can0  0B2   [6]  00 00 00 00 11 07
  can0  224   [8]  00 00 00 00 00 00 00 00
  can0  38A   [5]  08 04 00 00 00
  can0  260   [8]  08 FF F3 00 00 00 00 64
  can0  0B4   [8]  00 00 00 00 00 00 00 BC
  can0  0BA   [4]  06 01 00 C5
  can0  232   [4]  03 03 08 46
  can0  2C1   [8]  08 03 0A 03 17 D8 00 D2
  can0  2C4   [8]  05 F9 00 1A 40 80 40 E6
  can0  0B0   [6]  00 00 00 00 11 08
  can0  0B2   [6]  00 00 00 00 11 08
  can0  262   [5]  20 00 00 00 89
  can0  0B4   [8]  00 00 00 00 00 00 00 BC
  can0  223   [8]  00 00 00 00 00 00 00 2D
  can0  2C5   [4]  00 05 C0 90
  can0  2D5   [2]  00 00
  can0  2D0   [8]  0B A3 09 00 B0 9C 00 DD
  can0  0B0   [6]  00 00 00 00 11 09
  can0  0B2   [6]  00 00 00 00 11 09
  can0  224   [8]  00 00 00 00 00 00 00 00
  can0  260   [8]  08 FF F3 00 00 00 00 64
  can0  0B4   [8]  00 00 00 00 00 00 00 BC
  can0  0BA   [4]  06 01 00 C5
  can0  232   [4]  03 03 08 46
  can0  2C6   [8]  00 00 00 00 00 00 00 D0
  can0  3A0   [8]  00 00 00 00 00 00 00 00
  can0  610   [8]  20 00 00 64 00 00 00 00
  can0  2C4   [8]  05 FA 00 1A 40 80 40 E7
  can0  262   [5]  20 00 00 00 89
  can0  0B0   [6]  00 00 00 00 11 0A
  can0  0B2   [6]  00 00 00 00 11 0A
  can0  611   [8]  21 00 00 10 00 03 C1 4F
  can0  0B4   [8]  00 00 00 00 00 00 00 BC
  can0  223   [8]  00 00 00 00 00 00 00 2D
  can0  2C1   [8]  08 03 08 03 16 D8 00 CF
  can0  2D5   [2]  00 00
  can0  260   [8]  08 FF F3 00 00 00 00 64
  can0  0B0   [6]  00 00 00 00 11 0B
  can0  0B2   [6]  00 00 00 00 11 0B
  can0  224   [8]  00 00 00 00 00 00 00 00
  can0  4C1   [8]  01 00 09 08 00 00 00 00
  can0  0B4   [8]  00 00 00 00 00 00 00 BC
  can0  0BA   [4]  06 00 00 C4
  can0  232   [4]  03 03 08 46
  can0  2D0   [8]  0B AB 09 00 B0 9C 00 E5
  can0  262   [5]  20 00 00 00 89
  can0  2C4   [8]  05 FC 00 1A 40 80 40 E9
  can0  0B0   [6]  00 00 00 00 11 0C
  can0  0B2   [6]  00 00 00 00 11 0C
  can0  620   [8]  10 00 00 00 30 40 00 50
  can0  2C6   [8]  00 00 00 00 00 00 00 D0
  can0  260   [8]  08 FF F4 00 00 00 00 65
  can0  0B4   [8]  00 00 00 00 00 00 00 BC
  can0  223   [8]  00 00 00 00 00 00 00 2D
  can0  2C5   [4]  00 05 C0 90
  can0  2D5   [2]  00 00
  can0  0B0   [6]  00 00 00 00 11 0D
  can0  0B2   [6]  00 00 00 00 11 0D
  can0  224   [8]  00 00 00 00 00 00 00 00
  can0  2C1   [8]  08 03 08 03 17 D8 00 D0
  can0  262   [5]  20 00 00 00 89
  can0  0B4   [8]  00 00 00 00 00 00 00 BC
  can0  0BA   [4]  06 00 00 C4
  can0  232   [4]  03 03 08 46
  can0  440   [8]  42 02 00 00 00 00 00 00
  can0  2C4   [8]  05 FD 00 1A 40 80 40 EA
  can0  0B0   [6]  00 00 00 00 11 0E
  can0  0B2   [6]  00 00 00 00 11 0E
  can0  260   [8]  08 FF F5 00 00 00 00 66
  can0  2D0   [8]  0B AB 09 00 B0 9C 00 E5
  can0  2D5   [2]  00 00
  can0  0B4   [8]  00 00 00 00 00 00 00 BC
  can0  223   [8]  00 00 00 00 00 00 00 2D
  can0  2C6   [8]  00 00 00 00 00 00 00 D0
  can0  262   [5]  20 00 00 00 89
  can0  0B0   [6]  00 00 00 00 11 0F
  can0  0B2   [6]  00 00 00 00 11 0F
  can0  224   [8]  00 00 00 00 00 00 00 00
  can0  0B4   [8]  00 00 00 00 00 00 00 BC
  can0  0BA   [4]  06 01 00 C5
  can0  232   [4]  03 03 08 46
  can0  2C4   [8]  05 FB 00 1A 40 80 40 E8
  can0  260   [8]  08 FF F4 00 00 00 00 65
  can0  2C1   [8]  08 03 05 03 13 D8 00 C9
  can0  0B0   [6]  00 00 00 00 11 00
  can0  0B2   [6]  00 00 00 00 11 00
  can0  2D5   [2]  00 00
  can0  0B4   [8]  00 00 00 00 00 00 00 BC
  can0  223   [8]  00 00 00 00 00 00 00 2D
  can0  2C5   [4]  00 05 C0 90
  can0  262   [5]  20 00 00 00 89
  can0  2D0   [8]  0B B0 09 00 B0 9C 00 EA
  can0  0B0   [6]  00 00 00 00 11 01
  can0  0B2   [6]  00 00 00 00 11 01
  can0  224   [8]  00 00 00 00 00 00 00 00
  can0  260   [8]  08 FF F5 00 00 00 00 66
  can0  2C6   [8]  00 00 00 00 00 00 00 D0
  can0  621   [8]  11 00 00 00 00 00 00 00
  can0  0B4   [8]  00 00 00 00 00 00 00 BC
  can0  0BA   [4]  06 01 00 C5
  can0  232   [4]  03 03 08 46
  can0  2C4   [8]  05 FA 00 1A 40 80 40 E7
  can0  3A0   [8]  00 00 00 00 00 00 00 00
  can0  0B0   [6]  00 00 00 00 11 02
  can0  0B2   [6]  00 00 00 00 11 02
  can0  262   [5]  20 00 00 00 89
  can0  2D5   [2]  00 00
  can0  2C1   [8]  08 03 0F 03 19 D8 00 D9
  can0  0B4   [8]  00 00 00 00 00 00 00 BC
  can0  223   [8]  00 00 00 00 00 00 00 2D
  can0  622   [8]  12 00 00 00 00 00 00 00
  can0  0B0   [6]  00 00 00 00 11 03
  can0  0B2   [6]  00 00 00 00 11 03
  can0  224   [8]  00 00 00 00 00 00 00 00
  can0  260   [8]  08 FF F4 00 00 00 00 65
  can0  2D0   [8]  0B B1 09 00 B0 9C 00 EB
  can0  624   [8]  1A 00 00 49 49 00 00 00
  can0  394   [1]  00
  can0  0B4   [8]  00 00 00 00 00 00 00 BC
  can0  0BA   [4]  06 01 00 C5
  can0  232   [4]  03 03 08 46
  can0  2C4   [8]  05 FB 00 1A 40 80 40 E8
  can0  262   [5]  20 00 00 00 89
  can0  0B0   [6]  00 00 00 00 11 04
  can0  0B2   [6]  00 00 00 00 11 04
  can0  2C6   [8]  00 00 00 00 00 00 00 D0
  can0  630   [8]  17 00 00 00 00 00 00 00
  can0  2D5   [2]  00 00
  can0  2C5   [4]  00 05 C0 90
  can0  0B4   [8]  00 00 00 00 00 00 00 BC
  can0  223   [8]  00 00 00 00 00 00 00 2D
  can0  260   [8]  08 FF F4 00 00 00 00 65
  can0  0B0   [6]  00 00 00 00 11 05
  can0  0B2   [6]  00 00 00 00 11 05
  can0  224   [8]  00 00 00 00 00 00 00 00
  can0  2C1   [8]  08 03 09 03 1B D8 00 D5
  can0  638   [8]  13 00 10 00 00 00 00 00
  can0  640   [8]  A8 00 00 00 01 88 00 00
  can0  0B4   [8]  00 00 00 00 00 00 00 BC
  can0  0BA   [4]  06 01 00 C5
  can0  232   [4]  03 03 08 46
  can0  262   [5]  20 00 00 00 89
  can0  2C4   [8]  06 02 00 1A 40 80 40 F0
  can0  0B0   [6]  00 00 00 00 11 06
  can0  0B2   [6]  00 00 00 00 11 06
  can0  2D0   [8]  0B B3 09 00 B0 9C 00 ED
  can0  442   [8]  40 02 00 00 02 00 00 00
  can0  2D5   [2]  00 00
  can0  260   [8]  08 FF F4 00 00 00 00 65
  can0  0B4   [8]  00 00 00 00 00 00 00 BC
  can0  223   [8]  00 00 00 00 00 00 00 2D
  can0  2C6   [8]  00 00 00 00 00 00 00 D0
  can0  0B0   [6]  00 00 00 00 11 07
  can0  0B2   [6]  00 00 00 00 11 07
  can0  224   [8]  00 00 00 00 00 00 00 00
  can0  262   [5]  20 00 00 00 89
  can0  0B4   [8]  00 00 00 00 00 00 00 BC
  can0  0BA   [4]  06 01 00 C5
  can0  232   [4]  03 03 08 46
  can0  2C4   [8]  06 05 00 1A 40 80 40 F3
  can0  2C1   [8]  08 03 02 03 1A D8 00 CD
  can0  0B0   [6]  00 00 00 00 11 08
  can0  0B2   [6]  00 00 00 00 11 08
  can0  260   [8]  08 FF F3 00 00 00 00 64
  can0  2D5   [2]  00 00
  can0  2C5   [4]  00 05 C0 90
  can0  0B4   [8]  00 00 00 00 00 00 00 BC
  can0  223   [8]  00 00 00 00 00 00 00 2D
  can0  2D0   [8]  0B B9 09 00 B0 9C 00 F3
  can0  262   [5]  20 00 00 00 89
  can0  0B0   [6]  00 00 00 00 11 09
  can0  0B2   [6]  00 00 00 00 11 09
  can0  224   [8]  00 00 00 00 00 00 00 00
  can0  2C6   [8]  00 00 00 00 00 00 00 D0
  can0  4DD   [8]  1E 00 00 05 00 00 00 00
  can0  0B4   [8]  00 00 00 00 00 00 00 BC
  can0  0BA   [4]  06 01 00 C5
  can0  232   [4]  03 03 08 46
  can0  2C4   [8]  05 FA 00 1A 40 80 40 E7
  can0  260   [8]  08 FF F3 00 00 00 00 64
  can0  0B0   [6]  00 00 00 00 11 0A
  can0  0B2   [6]  00 00 00 00 11 0A
  can0  3A0   [8]  00 00 00 00 00 00 00 00
  can0  2D5   [2]  00 00
  can0  2C1   [8]  08 03 1B 03 2A D8 00 F6
  can0  0B4   [8]  00 00 00 00 00 00 00 BC
  can0  223   [8]  00 00 00 00 00 00 00 2D
  can0  262   [5]  20 00 00 00 89
  can0  0B0   [6]  00 00 00 00 11 0B
  can0  0B2   [6]  00 00 00 00 11 0B
  can0  224   [8]  00 00 00 00 00 00 00 00
  can0  2D0   [8]  0B BA 09 00 B0 9C 00 F4
  can0  260   [8]  08 FF F3 00 00 00 00 64
  can0  2C4   [8]  05 FB 00 1A 40 80 40 E8
  can0  0B4   [8]  00 00 00 00 00 00 00 BC
  can0  0BA   [4]  06 00 00 C4
  can0  232   [4]  03 03 08 46
  can0  2C6   [8]  00 00 00 00 00 00 00 D0
  can0  0B0   [6]  00 00 00 00 11 0C
  can0  0B2   [6]  00 00 00 00 11 0C
  can0  2D5   [2]  00 00
  can0  262   [5]  20 00 00 00 89
  can0  2C5   [4]  00 05 C0 90
  can0  0B4   [8]  00 00 00 00 00 00 00 BC
  can0  223   [8]  00 00 00 00 00 00 00 2D
  can0  2C1   [8]  08 03 2B 03 1E D9 00 FB
  can0  260   [8]  08 FF F3 00 00 00 00 64
  can0  0B0   [6]  00 00 00 00 11 0D
  can0  0B2   [6]  00 00 00 00 11 0D
  can0  224   [8]  00 00 00 00 00 00 00 00
  can0  2C4   [8]  05 FD 00 1A 40 80 40 EA
  can0  0B4   [8]  00 00 00 00 00 00 00 BC
  can0  0BA   [4]  06 00 00 C4
  can0  232   [4]  03 03 08 46
  can0  262   [5]  20 00 00 00 89
  can0  2D0   [8]  0B B7 09 00 B0 9C 00 F1
  can0  0B0   [6]  00 00 00 00 11 0E
  can0  0B2   [6]  00 00 00 00 11 0E
  can0  2D5   [2]  00 00
  can0  440   [8]  42 02 00 00 00 00 00 00
  can0  0B4   [8]  00 00 00 00 00 00 00 BC
  can0  223   [8]  00 00 00 00 00 00 00 2D
  can0  3B7   [8]  00 00 00 00 00 00 00 00
  can0  2C6   [8]  00 00 00 00 00 00 00 D0
  can0  260   [8]  08 FF F3 00 00 00 00 64
  can0  0B0   [6]  00 00 00 00 11 0F
  can0  0B2   [6]  00 00 00 00 11 0F
  can0  224   [8]  00 00 00 00 00 00 00 00
  can0  2C4   [8]  05 F5 00 1A 40 80 40 E2
  can0  0B4   [8]  00 00 00 00 00 00 00 BC
  can0  0BA   [4]  06 01 00 C5
  can0  232   [4]  03 03 08 46
  can0  262   [5]  20 00 00 00 89
  can0  2C1   [8]  08 03 0F 03 1E D8 00 DE
  can0  0B0   [6]  00 00 00 00 11 00
  can0  0B2   [6]  00 00 00 00 11 00
  can0  4C3   [8]  04 00 12 07 00 00 00 00
  can0  2D5   [2]  00 00
  can0  260   [8]  08 FF F3 00 00 00 00 64
  can0  2C5   [4]  00 05 C0 90
  can0  0B4   [8]  00 00 00 00 00 00 00 BC
  can0  223   [8]  00 00 00 00 00 00 00 2D
  can0  2D0   [8]  0B B3 09 00 B0 9C 00 ED
  can0  7DF   [8]  02 01 0C 00 00 00 00 00
  can0  7E8   [8]  04 41 0C 12 7E 00 00 00
  can0  0B0   [6]  00 00 00 00 11 01
  can0  0B2   [6]  00 00 00 00 11 01
  can0  224   [8]  00 00 00 00 00 00 00 00
  can0  262   [5]  20 00 00 00 89
  can0  2C6   [8]  00 00 00 00 00 00 00 D0
  can0  2C4   [8]  05 EB 00 1A 40 80 40 D8
  can0  0B4   [8]  00 00 00 00 00 00 00 BC
  can0  0BA   [4]  05 FF 00 C2
  can0  232   [4]  03 03 08 46
  can0  260   [8]  08 FF F3 00 00 00 00 64
  can0  0B0   [6]  00 00 00 00 11 02
  can0  0B2   [6]  00 00 00 00 11 02
  can0  2D5   [2]  00 00
  can0  2C1   [8]  08 03 3B 03 13 D9 00 00
  can0  3A0   [8]  00 00 00 00 00 00 00 00
  can0  0B4   [8]  00 00 00 00 00 00 00 BC
  can0  223   [8]  00 00 00 00 00 00 00 2D
  can0  262   [5]  20 00 00 00 89
  can0  0B0   [6]  00 00 00 00 11 03
  can0  0B2   [6]  00 00 00 00 11 03
  can0  224   [8]  00 00 00 00 00 00 00 00
  can0  2D0   [8]  0B A5 09 00 B0 9C 00 DF
  can0  2C4   [8]  05 EE 00 1A 40 80 40 DB
  can0  0B4   [8]  00 00 00 00 00 00 00 BC
  can0  0BA   [4]  05 FF 00 C2
  can0  232   [4]  03 03 08 46
  can0  260   [8]  08 FF F3 00 00 00 00 64
  can0  2C6   [8]  00 00 00 00 00 00 00 D0
  can0  2D5   [2]  00 00
  can0  0B0   [6]  00 00 00 00 11 04
  can0  0B2   [6]  00 00 00 00 11 04
  can0  2C5   [4]  00 05 C0 90
  can0  262   [5]  20 00 00 00 89
  can0  0B4   [8]  00 00 00 00 00 00 00 BC
  can0  223   [8]  00 00 00 00 00 00 00 2D
  can0  2C1   [8]  08 03 19 03 0D D8 00 D7
  can0  3B3   [3]  05 F2 28
  can0  620   [8]  10 00 00 00 30 40 00 50
  can0  0B0   [6]  00 00 00 00 11 05
  can0  0B2   [6]  00 00 00 00 11 05
  can0  224   [8]  00 00 00 00 00 00 00 00
  can0  2C4   [8]  05 F6 00 1A 40 80 40 E3
  can0  260   [8]  08 FF F3 00 00 00 00 64
  can0  0B4   [8]  00 00 00 00 00 00 00 BC
  can0  0BA   [4]  05 FF 00 C2
  can0  232   [4]  03 03 08 46
  can0  2D0   [8]  0B A1 09 00 B0 9C 00 DB
  can0  2D5   [2]  00 00
  can0  0B0   [6]  00 00 00 00 11 06
  can0  0B2   [6]  00 00 00 00 11 06
  can0  262   [5]  20 00 00 00 89
  can0  2C6   [8]  00 00 00 00 00 00 00 D0
  can0  0B4   [8]  00 00 00 00 00 00 00 BC
  can0  223   [8]  00 00 00 00 00 00 00 2D
  can0  442   [8]  40 02 00 00 02 00 00 00
  can0  260   [8]  08 FF F3 00 00 00 00 64
  can0  0B0   [6]  00 00 00 00 11 07
  can0  0B2   [6]  00 00 00 00 11 07
  can0  224   [8]  00 00 00 00 00 00 00 00
  can0  3B1   [8]  00 00 02 2A A0 00 00 00
  can0  2C4   [8]  05 F9 00 1A 40 80 40 E6
  can0  0B4   [8]  00 00 00 00 00 00 00 BC
  can0  0BA   [4]  05 FE 00 C1
  can0  232   [4]  03 03 08 46
  can0  2C1   [8]  08 03 10 03 11 D8 00 D2
  can0  262   [5]  20 00 00 00 89
  can0  2D5   [2]  00 00
  can0  0B0   [6]  00 00 00 00 11 08
  can0  0B2   [6]  00 00 00 00 11 08
  can0  2C5   [4]  00 05 C0 90
  can0  2D0   [8]  0B A4 09 00 B0 9C 00 DE
  can0  0B4   [8]  00 00 00 00 00 00 00 BC
  can0  223   [8]  00 00 00 00 00 00 00 2D
  can0  260   [8]  08 FF F3 00 00 00 00 64
  can0  0B0   [6]  00 00 00 00 11 09
  can0  0B2   [6]  00 00 00 00 11 09
  can0  224   [8]  00 00 00 00 00 00 00 00
  can0  2C4   [8]  05 F5 00 1A 40 80 40 E2
  can0  2C6   [8]  00 00 00 00 00 00 00 D0
  can0  7DF   [8]  02 01 0D 00 00 00 00 00
  can0  7E8   [8]  03 41 0D 00 00 00 00 00
  can0  262   [5]  20 00 00 00 89
  can0  0B4   [8]  00 00 00 00 00 00 00 BC
  can0  0BA   [4]  05 FE 00 C1
  can0  232   [4]  03 03 08 46
  can0  2D5   [2]  00 00
  can0  0B0   [6]  00 00 00 00 11 0A
  can0  0B2   [6]  00 00 00 00 11 0A
  can0  2C1   [8]  08 03 12 03 0C D8 00 CF
  can0  260   [8]  08 FF F4 00 00 00 00 65
  can0  0B4   [8]  00 00 00 00 00 00 00 BC
  can0  223   [8]  00 00 00 00 00 00 00 2D
  can0  3A0   [8]  00 00 00 00 00 00 00 00
  can0  0B0   [6]  00 00 00 00 11 0B
  can0  0B2   [6]  00 00 00 00 11 0B
  can0  224   [8]  00 00 00 00 00 00 00 00
  can0  262   [5]  20 00 00 00 89
  can0  2C4   [8]  05 F3 00 1A 40 80 40 E0
  can0  2D0   [8]  0B A3 09 00 B0 9C 00 DD
  can0  0B4   [8]  00 00 00 00 00 00 00 BC
  can0  0BA   [4]  06 00 00 C4
  can0  232   [4]  03 03 08 46
  can0  2C6   [8]  00 00 00 00 00 00 00 D0
  can0  2D5   [2]  00 00
  can0  260   [8]  08 FF F5 00 00 00 00 66
  can0  0B0   [6]  00 00 00 00 11 0C
  can0  0B2   [6]  00 00 00 00 11 0C
  can0  394   [1]  00
  can0  2C5   [4]  00 05 C0 90
  can0  0B4   [8]  00 00 00 00 00 00 00 BC
  can0  223   [8]  00 00 00 00 00 00 00 2D
  can0  262   [5]  20 00 00 00 89
  can0  2C1   [8]  08 03 0A 02 FD D8 00 B7
  can0  0B0   [6]  00 00 00 00 11 0D
  can0  0B2   [6]  00 00 00 00 11 0D
  can0  224   [8]  00 00 00 00 00 00 00 00
  can0  2C4   [8]  05 F6 00 1A 40 80 40 E3
  can0  0B4   [8]  00 00 00 00 00 00 00 BC
  can0  0BA   [4]  05 FF 00 C2
  can0  232   [4]  03 03 08 46
  can0  260   [8]  08 FF F5 00 00 00 00 66
  can0  2D0   [8]  0B A3 09 00 B0 9C 00 DD
  can0  2D5   [2]  00 00
  can0  0B0   [6]  00 00 00 00 11 0E
  can0  0B2   [6]  00 00 00 00 11 0E
  can0  2C6   [8]  00 00 00 00 00 00 00 D0
  can0  262   [5]  20 00 00 00 89
  can0  0B4   [8]  00 00 00 00 00 00 00 BC
  can0  223   [8]  00 00 00 00 00 00 00 2D
  can0  440   [8]  42 02 00 00 00 00 00 00
  can0  2C4   [8]  05 FB 00 1A 40 80 40 E8
  can0  0B0   [6]  00 00 00 00 11 0F
  can0  0B2   [6]  00 00 00 00 11 0F
  can0  224   [8]  00 00 00 00 00 00 00 00
  can0  260   [8]  08 FF F5 00 00 00 00 66
  can0  2C1   [8]  08 03 07 03 02 D8 00 BA
  can0  0B4   [8]  00 00 00 00 00 00 00 BC
  can0  0BA   [4]  05 FF 00 C2
  can0  232   [4]  03 03 08 46
  can0  2D5   [2]  00 00
  can0  0B0   [6]  00 00 00 00 11 00
  can0  0B2   [6]  00 00 00 00 11 00
  can0  262   [5]  20 00 00 00 89
  can0  2D0   [8]  0B A7 09 00 B0 9C 00 E1
  can0  2C5   [4]  00 05 C0 90
  can0  0B4   [8]  00 00 00 00 00 00 00 BC
  can0  223   [8]  00 00 00 00 00 00 00 2D
  can0  260   [8]  08 FF F4 00 00 00 00 65
  can0  2C4   [8]  05 F6 00 1A 40 80 40 E3
  can0  0B0   [6]  00 00 00 00 11 01
  can0  0B2   [6]  00 00 00 00 11 01
  can0  224   [8]  00 00 00 00 00 00 00 00
  can0  2C6   [8]  00 00 00 00 00 00 00 D0
  can0  0B4   [8]  00 00 00 00 00 00 00 BC
  can0  0BA   [4]  05 FF 00 C2
  can0  232   [4]  03 03 08 46
  can0  2D5   [2]  00 00
  can0  262   [5]  20 00 00 00 89
  can0  7DF   [8]  02 01 04 00 00 00 00 00
  can0  7E8   [8]  03 41 04 8B 00 00 00 00
  can0  0B0   [6]  00 00 00 00 11 02
  can0  0B2   [6]  00 00 00 00 11 02
  can0  2C1   [8]  08 03 17 03 04 D8 00 CC
  can0  4C8   [8]  09 00 01 06 00 00 00 00
  can0  0B4   [8]  00 00 00 00 00 00 00 BC
  can0  223   [8]  00 00 00 00 00 00 00 2D
  can0  260   [8]  08 FF F4 00 00 00 00 65
  can0  2C4   [8]  05 EF 00 1A 40 80 40 DC
  can0  2D0   [8]  0B A5 09 00 B0 9C 00 DF
  can0  0B0   [6]  00 00 00 00 11 03
  can0  0B2   [6]  00 00 00 00 11 03
  can0  224   [8]  00 00 00 00 00 00 00 00
  can0  3A0   [8]  00 00 00 00 00 00 00 00
  can0  610   [8]  20 00 00 64 00 00 00 00
  can0  262   [5]  20 00 00 00 89
  can0  0B4   [8]  00 00 00 00 00 00 00 BC
  can0  0BA   [4]  05 FF 00 C2
  can0  232   [4]  03 03 08 46
  can0  2D5   [2]  00 00
  can0  2C6   [8]  00 00 00 00 00 00 00 D0
  can0  0B0   [6]  00 00 00 00 11 04
  can0  0B2   [6]  00 00 00 00 11 04
  can0  260   [8]  08 FF F4 00 00 00 00 65
  can0  2C5   [4]  00 05 C0 90
  can0  0B4   [8]  00 00 00 00 00 00 00 BC
  can0  223   [8]  00 00 00 00 00 00 00 2D
  can0  2C1   [8]  08 03 1B 02 FB D8 00 C6
  can0  2C4   [8]  05 F1 00 1A 40 80 40 DE
  can0  0B0   [6]  00 00 00 00 11 05
  can0  0B2   [6]  00 00 00 00 11 05
  can0  224   [8]  00 00 00 00 00 00 00 00
  can0  262   [5]  20 00 00 00 89
  can0  0B4   [8]  00 00 00 00 00 00 00 BC
  can0  0BA   [4]  06 00 00 C4
  can0  232   [4]  03 03 08 46
  can0  2D5   [2]  00 00
  can0  2D0   [8]  0B A0 09 00 B0 9C 00 DA
  can0  260   [8]  08 FF F3 00 00 00 00 64
  can0  0B0   [6]  00 00 00 00 11 06
  can0  0B2   [6]  00 00 00 00 11 06
  can0  2C6   [8]  00 00 00 00 00 00 00 D0
  can0  442   [8]  40 02 00 00 02 00 00 00
  can0  0B4   [8]  00 00 00 00 00 00 00 BC
  can0  223   [8]  00 00 00 00 00 00 00 2D
  can0  262   [5]  20 00 00 00 89
  can0  2C4   [8]  05 F7 00 1A 40 80 40 E4
  can0  0B0   [6]  00 00 00 00 11 07
  can0  0B2   [6]  00 00 00 00 11 07
  can0  224   [8]  00 00 00 00 00 00 00 00
  can0  2C1   [8]  08 03 02 02 F0 D8 00 A2
  can0  2D5   [2]  00 00
  can0  260   [8]  08 FF F3 00 00 00 00 64
  can0  0B4   [8]  00 00 00 00 00 00 00 BC
  can0  0BA   [4]  06 00 00 C4
  can0  232   [4]  03 03 08 46
  can0  3B7   [8]  00 00 00 00 00 00 00 00
  can0  0B0   [6]  00 00 00 00 11 08
  can0  0B2   [6]  00 00 00 00 11 08
  can0  2D0   [8]  0B A1 09 00 B0 9C 00 DB
  can0  262   [5]  20 00 00 00 89
  can0  2C5   [4]  00 05 C0 90
  can0  0B4   [8]  00 00 00 00 00 00 00 BC
  can0  223   [8]  00 00 00 00 00 00 00 2D
  can0  2C4   [8]  05 F9 00 1A 40 80 40 E6
  can0  2C6   [8]  00 00 00 00 00 00 00 D0
  can0  0B0   [6]  00 00 00 00 11 09
  can0  0B2   [6]  00 00 00 00 11 09
  can0  224   [8]  00 00 00 00 00 00 00 00
  can0  260   [8]  08 FF F3 00 00 00 00 64
  can0  2D5   [2]  00 00
  can0  0B4   [8]  00 00 00 00 00 00 00 BC
  can0  0BA   [4]  06 00 00 C4
  can0  232   [4]  03 03 08 46
  can0  2C1   [8]  08 02 FE 02 F4 D7 00 A0
  can0  262   [5]  20 00 00 00 89
  can0  0B0   [6]  00 00 00 00 11 0A
  can0  0B2   [6]  00 00 00 00 11 0A
  can0  7DF   [8]  02 01 05 00 00 00 00 00
  can0  7E8   [8]  03 41 05 49 00 00 00 00
  can0  0B4   [8]  00 00 00 00 00 00 00 BC
  can0  223   [8]  00 00 00 00 00 00 00 2D
  can0  2C4   [8]  05 EE 00 1A 40 80 40 DB
  can0  260   [8]  08 FF F3 00 00 00 00 64
  can0  2D0   [8]  0B A4 09 00 B0 9C 00 DE
  can0  0B0   [6]  00 00 00 00 11 0B
  can0  0B2   [6]  00 00 00 00 11 0B
  can0  224   [8]  00 00 00 00 00 00 00 00
  can0  2D5   [2]  00 00
  can0  3A0   [8]  00 00 00 00 00 00 00 00
  can0  0B4   [8]  00 00 00 00 00 00 00 BC
  can0  0BA   [4]  06 01 00 C5
  can0  232   [4]  03 03 08 46
  can0  2C6   [8]  00 00 00 00 00 00 00 D0
  can0  262   [5]  20 00 00 00 89
  can0  0B0   [6]  00 00 00 00 11 0C
  can0  0B2   [6]  00 00 00 00 11 0C
  can0  2C5   [4]  00 05 C0 90
  can0  260   [8]  08 FF F3 00 00 00 00 64
  can0  0B4   [8]  00 00 00 00 00 00 00 BC
  can0  223   [8]  00 00 00 00 00 00 00 2D
  can0  2C1   [8]  08 03 19 02 F2 D8 00 BB
  can0  2C4   [8]  05 EF 00 1A 40 80 40 DC
  can0  0B0   [6]  00 00 00 00 11 0D
  can0  0B2   [6]  00 00 00 00 11 0D
  can0  224   [8]  00 00 00 00 00 00 00 00
  can0  262   [5]  20 00 00 00 89
  can0  2D5   [2]  00 00
  can0  2D0   [8]  0B A1 09 00 B0 9C 00 DB
  can0  0B4   [8]  00 00 00 00 00 00 00 BC
  can0  0BA   [4]  06 01 00 C5
  can0  232   [4]  03 03 08 46
  can0  620   [8]  10 00 00 00 30 40 00 50
  can0  0B0   [6]  00 00 00 00 11 0E
  can0  0B2   [6]  00 00 00 00 11 0E
  can0  260   [8]  08 FF F3 00 00 00 00 64
  can0  2C6   [8]  00 00 00 00 00 00 00 D0
  can0  440   [8]  42 02 00 00 00 00 00 00
  can0  0B4   [8]  00 00 00 00 00 00 00 BC
  can0  223   [8]  00 00 00 00 00 00 00 2D
  can0  2C4   [8]  05 EC 00 1A 40 80 40 D9
  can0  262   [5]  20 00 00 00 89
  can0  0B0   [6]  00 00 00 00 11 0F
  can0  0B2   [6]  00 00 00 00 11 0F
  can0  224   [8]  00 00 00 00 00 00 00 00
  can0  2C1   [8]  08 03 0D 02 ED D8 00 AA
  can0  2D5   [2]  00 00
  can0  0B4   [8]  00 00 00 00 00 00 00 BC
  can0  0BA   [4]  06 00 00 C4
  can0  232   [4]  03 03 08 46
  can0  260   [8]  08 FF F3 00 00 00 00 64
  can0  0B0   [6]  00 00 00 00 11 00
  can0  0B2   [6]  00 00 00 00 11 00
  can0  2D0   [8]  0B 9D 09 00 B0 9C 00 D7
  can0  2C5   [4]  00 05 C0 90
  can0  0B4   [8]  00 00 00 00 00 00 00 BC
  can0  223   [8]  00 00 00 00 00 00 00 2D
  can0  2C4   [8]  05 E9 00 1A 40 80 40 D6
  can0  262   [5]  20 00 00 00 89
  can0  2C6   [8]  00 00 00 00 00 00 00 D0
  can0  0B0   [6]  00 00 00 00 11 01
  can0  0B2   [6]  00 00 00 00 11 01
  can0  224   [8]  00 00 00 00 00 00 00 00
  can0  2D5   [2]  00 00
  can0  260   [8]  08 FF F3 00 00 00 00 64
  can0  3B4   [8]  00 00 43 4C 80 00 00 00
  can0  0B4   [8]  00 00 00 00 00 00 00 BC
  can0  0BA   [4]  06 01 00 C5
  can0  232   [4]  03 03 08 46
  can0  2C1   [8]  08 03 13 02 EC D8 00 AF
  can0  0B0   [6]  00 00 00 00 11 02
  can0  0B2   [6]  00 00 00 00 11 02
  can0  262   [5]  20 00 00 00 89
  can0  2C4   [8]  05 E2 00 1A 40 80 40 CF
  can0  0B4   [8]  00 00 00 00 00 00 00 BC
  can0  223   [8]  00 00 00 00 00 00 00 2D
  can0  7DF   [8]  02 01 0F 00 00 00 00 00
  can0  2D0   [8]  0B 96 09 00 B0 9C 00 D0
  can0  7E8   [8]  03 41 0F 42 00 00 00 00
  can0  0B0   [6]  00 00 00 00 11 03
  can0  0B2   [6]  00 00 00 00 11 03
  can0  224   [8]  00 00 00 00 00 00 00 00
  can0  260   [8]  08 FF F3 00 00 00 00 64
  can0  2D5   [2]  00 00
  can0  2C6   [8]  00 00 00 00 00 00 00 D0
  can0  0B4   [8]  00 00 00 00 00 00 00 BC
  can0  0BA   [4]  06 01 00 C5
  can0  232   [4]  03 03 08 46
  can0  3A0   [8]  00 00 00 00 00 00 00 00
  can0  262   [5]  20 00 00 00 89
  can0  0B0   [6]  00 00 00 00 11 04
  can0  0B2   [6]  00 00 00 00 11 04
  can0  2C5   [4]  00 05 C0 90
  can0  2C1   [8]  08 03 21 02 EA D9 00 BC
  can0  2C4   [8]  05 DC 00 1A 40 80 40 C9
  can0  0B4   [8]  00 00 00 00 00 00 00 BC
  can0  223   [8]  00 00 00 00 00 00 00 2D
  can0  260   [8]  08 FF F4 00 00 00 00 65
  can0  0B0   [6]  00 00 00 00 11 05
  can0  0B2   [6]  00 00 00 00 11 05
  can0  224   [8]  00 00 00 00 00 00 00 00
  can0  2D5   [2]  00 00
  can0  394   [1]  00
  can0  2D0   [8]  0B 88 09 00 B0 9C 00 C2
  can0  0B4   [8]  00 00 00 00 00 00 00 BC
  can0  0BA   [4]  06 00 00 C4
  can0  232   [4]  03 03 08 46
  can0  262   [5]  20 00 00 00 89
  can0  0B0   [6]  00 00 00 00 11 06
  can0  0B2   [6]  00 00 00 00 11 06
  can0  2C6   [8]  00 00 00 00 00 00 00 D0
  can0  442   [8]  40 02 00 00 02 00 00 00
  can0  260   [8]  08 FF F4 00 00 00 00 65
  can0  2C4   [8]  05 E6 00 1A 40 80 40 D3
  can0  0B4   [8]  00 00 00 00 00 00 00 BC
  can0  223   [8]  00 00 00 00 00 00 00 2D
  can0  0B0   [6]  00 00 00 00 11 07
  can0  0B2   [6]  00 00 00 00 11 07
  can0  224   [8]  00 00 00 00 00 00 00 00
  can0  2C1   [8]  08 03 34 02 E6 D9 00 CB
  can0  2D5   [2]  00 00
  can0  262   [5]  20 00 00 00 89
  can0  0B4   [8]  00 00 00 00 00 00 00 BC
  can0  0BA   [4]  06 00 00 C4
  can0  232   [4]  03 03 08 46
  can0  0B0   [6]  00 00 00 00 11 08
  can0  0B2   [6]  00 00 00 00 11 08
  can0  2D0   [8]  0B 82 09 00 B0 9C 00 BC
  can0  260   [8]  08 FF F4 00 00 00 00 65
  can0  2C4   [8]  05 EA 00 1A 40 80 40 D7
  can0  2C5   [4]  00 05 C0 90
  can0  0B4   [8]  00 00 00 00 00 00 00 BC
  can0  223   [8]  00 00 00 00 00 00 00 2D
  can0  2C6   [8]  00 00 00 00 00 00 00 D0
  can0  262   [5]  20 00 00 00 89
  can0  0B0   [6]  00 00 00 00 11 09
  can0  0B2   [6]  00 00 00 00 11 09
  can0  224   [8]  00 00 00 00 00 00 00 00
  can0  2D5   [2]  00 00
  can0  0B4   [8]  00 00 00 00 00 00 00 BC
  can0  0BA   [4]  06 00 00 C4
  can0  232   [4]  03 03 08 46
  can0  2C1   [8]  08 03 1B 02 F7 D8 00 C2
  can0  260   [8]  08 FF F4 00 00 00 00 65
  can0  0B0   [6]  00 00 00 00 11 0A
  can0  0B2   [6]  00 00 00 00 11 0A
  can0  2C4   [8]  05 E7 00 1A 40 80 40 D4
  can0  0B4   [8]  00 00 00 00 00 00 00 BC
  can0  223   [8]  00 00 00 00 00 00 00 2D
  can0  262   [5]  20 00 00 00 89
  can0  2D0   [8]  0B 83 09 00 B0 9C 00 BD
  can0  2D5   [2]  00 00
  can0  0B0   [6]  00 00 00 00 11 0B
  can0  0B2   [6]  00 00 00 00 11 0B
  can0  224   [8]  00 00 00 00 00 00 00 00
  can0  7DF   [8]  02 01 0B 00 00 00 00 00
  can0  2C6   [8]  00 00 00 00 00 00 00 D0
  can0  260   [8]  08 FF F5 00 00 00 00 66
  can0  0B4   [8]  00 00 00 00 00 00 00 BC
  can0  0BA   [4]  06 00 00 C4
  can0  232   [4]  03 03 08 46
  can0  3A0   [8]  00 00 00 00 00 00 00 00
  can0  0B0   [6]  00 00 00 00 11 0C
  can0  0B2   [6]  00 00 00 00 11 0C
  can0  262   [5]  20 00 00 00 89
  can0  2C4   [8]  05 EC 00 1A 40 80 40 D9
  can0  2C1   [8]  08 03 0B 02 E6 D8 00 A1
  can0  2C5   [4]  00 05 C0 90
  can0  0B4   [8]  00 00 00 00 00 00 00 BC
  can0  223   [8]  00 00 00 00 00 00 00 2D
  can0  2D5   [2]  00 00
  can0  0B0   [6]  00 00 00 00 11 0D
  can0  0B2   [6]  00 00 00 00 11 0D
  can0  224   [8]  00 00 00 00 00 00 00 00
  can0  260   [8]  08 FF F5 00 00 00 00 66
  can0  2D0   [8]  0B 87 09 00 B0 9C 00 C1
  can0  0B4   [8]  00 00 00 00 00 00 00 BC
  can0  0BA   [4]  06 01 00 C5
  can0  232   [4]  03 03 08 46
  can0  262   [5]  20 00 00 00 89
  can0  2C6   [8]  00 00 00 00 00 00 00 D0
  can0  0B0   [6]  00 00 00 00 11 0E
  can0  0B2   [6]  00 00 00 00 11 0E
  can0  440   [8]  42 02 00 00 00 00 00 00
  can0  2C4   [8]  05 EE 00 1A 40 80 40 DB
  can0  0B4   [8]  00 00 00 00 00 00 00 BC
  can0  223   [8]  00 00 00 00 00 00 00 2D
  can0  4DC   [8]  1D 00 01 07 00 00 00 00
  can0  260   [8]  08 FF F4 00 00 00 00 65
  can0  2D5   [2]  00 00
  can0  2C1   [8]  08 02 FA 02 DB D7 00 83
  can0  398   [2]  01 FC
  can0  0B0   [6]  00 00 00 00 11 0F
  can0  0B2   [6]  00 00 00 00 11 0F
  can0  224   [8]  00 00 00 00 00 00 00 00
  can0  3B3   [3]  05 EE 28
  can0  262   [5]  20 00 00 00 89
  can0  0B4   [8]  00 00 00 00 00 00 00 BC
  can0  0BA   [4]  05 FF 00 C2
  can0  232   [4]  03 03 08 46
  can0  2D0   [8]  0B 8C 09 00 B0 9C 00 C6
  can0  0B0   [6]  00 00 00 00 11 00
  can0  0B2   [6]  00 00 00 00 11 00
  can0  2C4   [8]  05 F1 00 1A 40 80 40 DE
  can0  2C5   [4]  00 05 C0 90
  can0  260   [8]  08 FF F3 00 00 00 00 64
  can0  0B4   [8]  00 00 00 00 00 00 00 BC
  can0  223   [8]  00 00 00 00 00 00 00 2D
  can0  3B7   [8]  00 00 00 00 00 00 00 00
  can0  2C6   [8]  00 00 00 00 00 00 00 D0
  can0  2D5   [2]  00 00
  can0  0B0   [6]  00 00 00 00 11 01
  can0  0B2   [6]  00 00 00 00 11 01
  can0  224   [8]  00 00 00 00 00 00 00 00
  can0  262   [5]  20 00 00 00 89
  can0  0B4   [8]  00 00 00 00 00 00 00 BC
  can0  0BA   [4]  05 FE 00 C1
  can0  232   [4]  03 03 08 46
  can0  2C1   [8]  08 02 FF 02 E6 D7 00 93
  can0  3B0   [5]  00 00 00 48 00
  can0  260   [8]  08 FF F3 00 00 00 00 64
  can0  0B0   [6]  00 00 00 00 11 02
  can0  0B2   [6]  00 00 00 00 11 02
  can0  2C4   [8]  05 EF 00 1A 40 80 40 DC
  can0  0B4   [8]  00 00 00 00 00 00 00 BC
  can0  223   [8]  00 00 00 00 00 00 00 2D
  can0  2D0   [8]  0B 93 09 00 B0 9C 00 CD
  can0  2D5   [2]  00 00
  can0  262   [5]  20 00 00 00 89
  can0  0B0   [6]  00 00 00 00 11 03
  can0  0B2   [6]  00 00 00 00 11 03
  can0  224   [8]  00 00 00 00 00 00 00 00
  can0  2C6   [8]  00 00 00 00 00 00 00 D0
  can0  0B4   [8]  00 00 00 00 00 00 00 BC
  can0  0BA   [4]  05 FF 00 C2
  can0  232   [4]  03 03 08 46
  can0  260   [8]  08 FF F3 00 00 00 00 64
  can0  0B0   [6]  00 00 00 00 11 04
  can0  0B2   [6]  00 00 00 00 11 04
  can0  2C4   [8]  05 EB 00 1A 40 80 40 D8
  can0  3A0   [8]  00 00 00 00 00 00 00 00
  can0  2C1   [8]  08 03 12 02 EE D8 00 B0
  can0  2C5   [4]  00 05 C0 90
  can0  262   [5]  20 00 00 00 89
  can0  0B4   [8]  00 00 00 00 00 00 00 BC
  can0  223   [8]  00 00 00 00 00 00 00 2D
  can0  2D5   [2]  00 00
  can0  0B0   [6]  00 00 00 00 11 05
  can0  0B2   [6]  00 00 00 00 11 05
  can0  224   [8]  00 00 00 00 00 00 00 00
  can0  2D0   [8]  0B 95 09 00 B0 9C 00 CF
  can0  260   [8]  08 FF F3 00 00 00 00 64
  can0  0B4   [8]  00 00 00 00 00 00 00 BC
  can0  0BA   [4]  05 FF 00 C2
  can0  232   [4]  03 03 08 46
  can0  442   [8]  40 02 00 00 02 00 00 00
  can0  2C6   [8]  00 00 00 00 00 00 00 D0
  can0  2C4   [8]  05 EE 00 1A 40 80 40 DB
  can0  0B0   [6]  00 00 00 00 11 06
  can0  0B2   [6]  00 00 00 00 11 06
  can0  262   [5]  20 00 00 00 89
  can0  4C1   [8]  01 00 09 08 00 00 00 00
  can0  0B4   [8]  00 00 00 00 00 00 00 BC
  can0  223   [8]  00 00 00 00 00 00 00 2D
  can0  380   [8]  00 20 00 00 00 00 27 00
  can0  2D5   [2]  00 00
  can0  620   [8]  10 00 00 00 30 40 00 50
  can0  2C1   [8]  08 03 0F 02 F1 D8 00 B0
  can0  260   [8]  08 FF F3 00 00 00 00 64
  can0  0B0   [6]  00 00 00 00 11 07
  can0  0B2   [6]  00 00 00 00 11 07
  can0  224   [8]  00 00 00 00 00 00 00 00
  can0  0B4   [8]  00 00 00 00 00 00 00 BC
  can0  0BA   [4]  05 FE 00 C1
  can0  232   [4]  03 03 08 46
  can0  262   [5]  20 00 00 00 89
  can0  2D0   [8]  0B 96 09 00 B0 9C 00 D0
  can0  2C4   [8]  05 F0 00 1A 40 80 40 DD
  can0  0B0   [6]  00 00 00 00 11 08
  can0  0B2   [6]  00 00 00 00 11 08
  can0  2C5   [4]  00 05 C0 90
  can0  2C6   [8]  00 00 00 00 00 00 00 D0
  can0  0B4   [8]  00 00 00 00 00 00 00 BC
  can0  223   [8]  00 00 00 00 00 00 00 2D
  can0  260   [8]  08 FF F3 00 00 00 00 64
  can0  2D5   [2]  00 00
  can0  0B0   [6]  00 00 00 00 11 09
  can0  0B2   [6]  00 00 00 00 11 09
  can0  224   [8]  00 00 00 00 00 00 00 00
  can0  3A1   [8]  00 00 00 00 00 00 00 00
  can0  262   [5]  20 00 00 00 89
  can0  2C1   [8]  08 03 0E 02 F9 D8 00 B7
  can0  0B4   [8]  00 00 00 00 00 00 00 BC
  can0  0BA   [4]  05 FF 00 C2
  can0  232   [4]  03 03 08 46
  can0  2C4   [8]  05 EF 00 1A 40 80 40 DC
  can0  0B0   [6]  00 00 00 00 11 0A
  can0  0B2   [6]  00 00 00 00 11 0A
  can0  260   [8]  08 FF F3 00 00 00 00 64
  can0  2D0   [8]  0B 9A 09 00 B0 9C 00 D4
  can0  0B4   [8]  00 00 00 00 00 00 00 BC
  can0  223   [8]  00 00 00 00 00 00 00 2D
  can0  2D5   [2]  00 00
  can0  0B0   [6]  00 00 00 00 11 0B
  can0  0B2   [6]  00 00 00 00 11 0B
  can0  224   [8]  00 00 00 00 00 00 00 00
  can0  262   [5]  20 00 00 00 89
  can0  2C6   [8]  00 00 00 00 00 00 00 D0
  can0  0B4   [8]  00 00 00 00 00 00 00 BC
  can0  0BA   [4]  05 FF 00 C2
  can0  232   [4]  03 03 08 46
  can0  2C4   [8]  05 EC 00 1A 40 80 40 D9
  can0  260   [8]  08 FF F3 00 00 00 00 64
  can0  0B0   [6]  00 00 00 00 11 0C
  can0  0B2   [6]  00 00 00 00 11 0C
  can0  2C1   [8]  08 03 14 02 FA D8 00 BE
  can0  2C5   [4]  00 05 C0 90
  can0  3A0   [8]  00 00 00 00 00 00 00 00
  can0  610   [8]  20 00 00 64 00 00 00 00
  can0  0B4   [8]  00 00 00 00 00 00 00 BC
  can0  223   [8]  00 00 00 00 00 00 00 2D
  can0  2D5   [2]  00 00
  can0  262   [5]  20 00 00 00 89
  can0  0B0   [6]  00 00 00 00 11 0D
  can0  0B2   [6]  00 00 00 00 11 0D
  can0  224   [8]  00 00 00 00 00 00 00 00
  can0  2D0   [8]  0B 98 09 00 B0 9C 00 D2
  can0  611   [8]  21 00 00 10 00 03 C1 4F
  can0  0B4   [8]  00 00 00 00 00 00 00 BC
  can0  0BA   [4]  05 FF 00 C2
  can0  232   [4]  03 03 08 46
  can0  260   [8]  08 FF F3 00 00 00 00 64
  can0  2C6   [8]  00 00 00 00 00 00 00 D0
  can0  2C4   [8]  05 ED 00 1A 40 80 40 DA
  can0  440   [8]  42 02 00 00 00 00 00 00
  can0  394   [1]  00
  can0  0B0   [6]  00 00 00 00 11 0E
  can0  0B2   [6]  00 00 00 00 11 0E
  can0  262   [5]  20 00 00 00 89
  can0  2D5   [2]  00 00
  can0  0B4   [8]  00 00 00 00 00 00 00 BC
  can0  223   [8]  00 00 00 00 00 00 00 2D
  can0  2C1   [8]  08 03 0E 02 F3 D8 00 B1
  can0  0B0   [6]  00 00 00 00 11 0F
  can0  0B2   [6]  00 00 00 00 11 0F
  can0  224   [8]  00 00 00 00 00 00 00 00
  can0  260   [8]  08 FF F3 00 00 00 00 64
  can0  0B4   [8]  00 00 00 00 00 00 00 BC
  can0  0BA   [4]  06 01 00 C5
  can0  232   [4]  03 03 08 46
  can0  2D0   [8]  0B 96 09 00 B0 9C 00 D0
  can0  2C4   [8]  05 F0 00 1A 40 80 40 DD
  can0  0B0   [6]  00 00 00 00 11 00
  can0  0B2   [6]  00 00 00 00 11 00
  can0  262   [5]  20 00 00 00 89
  can0  2C5   [4]  00 05 C0 90
  can0  2C6   [8]  00 00 00 00 00 00 00 D0
  can0  2D5   [2]  00 00
  can0  0B4   [8]  00 00 00 00 00 00 00 BC
  can0  223   [8]  00 00 00 00 00 00 00 2D
  can0  260   [8]  08 FF F3 00 00 00 00 64
  can0  0B0   [6]  00 00 00 00 11 01
  can0  0B2   [6]  00 00 00 00 11 01
  can0  224   [8]  00 00 00 00 00 00 00 00
  can0  2C1   [8]  08 03 00 02 F7 D8 00 A7
  can0  0B4   [8]  00 00 00 00 00 00 00 BC
  can0  0BA   [4]  06 00 00 C4
  can0  232   [4]  03 03 08 46
  can0  262   [5]  20 00 00 00 89
  can0  2C4   [8]  05 F9 00 1A 40 80 40 E6
  can0  0B0   [6]  00 00 00 00 11 02
  can0  0B2   [6]  00 00 00 00 11 02
  can0  2D0   [8]  0B 99 09 00 B0 9C 00 D3
  can0  2D5   [2]  00 00
  can0  0B4   [8]  00 00 00 00 00 00 00 BC
  can0  223   [8]  00 00 00 00 00 00 00 2D
  can0  260   [8]  08 FF F3 00 00 00 00 64
  can0  2C6   [8]  00 00 00 00 00 00 00 D0
  can0  0B0   [6]  00 00 00 00 11 03
  can0  0B2   [6]  00 00 00 00 11 03
  can0  224   [8]  00 00 00 00 00 00 00 00
  can0  262   [5]  20 00 00 00 89
  can0  0B4   [8]  00 00 00 00 00 00 00 BC
  can0  0BA   [4]  06 00 00 C4
  can0  232   [4]  03 03 08 46
  can0  2C4   [8]  05 F6 00 1A 40 80 40 E3
  can0  2C1   [8]  08 03 07 02 F9 D8 00 B0
  can0  0B0   [6]  00 00 00 00 11 04
  can0  0B2   [6]  00 00 00 00 11 04
  can0  260   [8]  08 FF F5 00 00 00 00 66
  can0  2C5   [4]  00 05 C0 90
  can0  2D5   [2]  00 00
  can0  621   [8]  11 00 00 00 00 00 00 00
  can0  0B4   [8]  00 00 00 00 00 00 00 BC
  can0  223   [8]  00 00 00 00 00 00 00 2D
  can0  3A0   [8]  00 00 00 00 00 00 00 00
  can0  2D0   [8]  0B A2 09 00 B0 9C 00 DC
  can0  262   [5]  20 00 00 00 89
  can0  0B0   [6]  00 00 00 00 11 05
  can0  0B2   [6]  00 00 00 00 11 05
  can0  224   [8]  00 00 00 00 00 00 00 00
  can0  0B4   [8]  00 00 00 00 00 00 00 BC
  can0  0BA   [4]  06 01 00 C5
  can0  232   [4]  03 03 08 46
  can0  442   [8]  40 02 00 00 02 00 00 00
  can0  2C4   [8]  05 F4 00 1A 40 80 40 E1
  can0  2C6   [8]  00 00 00 00 00 00 00 D0
  can0  622   [8]  12 00 00 00 00 00 00 00
  can0  260   [8]  08 FF F5 00 00 00 00 66
  can0  0B0   [6]  00 00 00 00 11 06
  can0  0B2   [6]  00 00 00 00 11 06
  can0  2D5   [2]  00 00
  can0  38A   [5]  08 04 00 00 00
  can0  624   [8]  1A 00 00 49 49 00 00 00
  can0  0B4   [8]  00 00 00 00 00 00 00 BC
  can0  223   [8]  00 00 00 00 00 00 00 2D
  can0  2C1   [8]  08 03 03 02 F0 D8 00 A3
  can0  262   [5]  20 00 00 00 89
  can0  0B0   [6]  00 00 00 00 11 07
  can0  0B2   [6]  00 00 00 00 11 07
  can0  224   [8]  00 00 00 00 00 00 00 00
  can0  630   [8]  17 00 00 00 00 00 00 00
  can0  260   [8]  08 FF F4 00 00 00 00 65
  can0  0B4   [8]  00 00 00 00 00 00 00 BC
  can0  0BA   [4]  06 01 00 C5
  can0  232   [4]  03 03 08 46
  can0  2C4   [8]  05 F3 00 1A 40 80 40 E0
  can0  2D0   [8]  0B A5 09 00 B0 9C 00 DF
  can0  0B0   [6]  00 00 00 00 11 08
  can0  0B2   [6]  00 00 00 00 11 08
  can0  640   [8]  A8 00 00 00 01 88 00 00
  can0  638   [8]  13 00 10 00 00 00 00 00
  can0  2C5   [4]  00 05 C0 90
  can0  2C6   [8]  00 00 00 00 00 00 00 D0
  can0  2D5   [2]  00 00
  can0  262   [5]  20 00 00 00 89
  can0  7DF   [8]  02 01 10 00 00 00 00 00
  can0  7E8   [8]  04 41 10 01 DC 00 00 00
  can0  0B4   [8]  00 00 00 00 00 00 00 BC
  can0  223   [8]  00 00 00 00 00 00 00 2D
  can0  0B0   [6]  00 00 00 00 11 09
  can0  0B2   [6]  00 00 00 00 11 09
  can0  224   [8]  00 00 00 00 00 00 00 00
  can0  260   [8]  08 FF F5 00 00 00 00 66
  can0  2C1   [8]  08 03 06 02 F5 D8 00 AB
  can0  2C4   [8]  05 F9 00 1A 40 80 40 E6
  can0  0B4   [8]  00 00 00 00 00 00 00 BC
  can0  0BA   [4]  06 00 00 C4
  can0  232   [4]  03 03 08 46
  can0  3B7   [8]  00 00 00 00 00 00 00 00
  can0  262   [5]  20 00 00 00 89
  can0  0B0   [6]  00 00 00 00 11 0A
  can0  0B2   [6]  00 00 00 00 11 0A
  can0  2D0   [8]  0B A4 09 00 B0 9C 00 DE
  can0  2D5   [2]  00 00
  can0  0B4   [8]  00 00 00 00 00 00 00 BC
  can0  223   [8]  00 00 00 00 00 00 00 2D
  can0  260   [8]  08 FF F5 00 00 00 00 66
  can0  2C6   [8]  00 00 00 00 00 00 00 D0
  can0  0B0   [6]  00 00 00 00 11 0B
  can0  0B2   [6]  00 00 00 00 11 0B
  can0  224   [8]  00 00 00 00 00 00 00 00
  can0  2C4   [8]  05 FD 00 1A 40 80 40 EA
  can0  0B4   [8]  00 00 00 00 00 00 00 BC
  can0  0BA   [4]  06 01 00 C5
  can0  232   [4]  03 03 08 46
  can0  262   [5]  20 00 00 00 89
  can0  2C1   [8]  08 03 0A 03 03 D8 00 BE
  can0  0B0   [6]  00 00 00 00 11 0C
  can0  0B2   [6]  00 00 00 00 11 0C
  can0  2D5   [2]  00 00
  can0  2C5   [4]  00 05 C0 90
  can0  260   [8]  08 FF F4 00 00 00 00 65
  can0  0B4   [8]  00 00 00 00 00 00 00 BC
  can0  223   [8]  00 00 00 00 00 00 00 2D
  can0  2D0   [8]  0B AB 09 00 B0 9C 00 E5
  can0  3A0   [8]  00 00 00 00 00 00 00 00
  can0  0B0   [6]  00 00 00 00 11 0D
  can0  0B2   [6]  00 00 00 00 11 0D
  can0  224   [8]  00 00 00 00 00 00 00 00
  can0  4DD   [8]  1E 00 00 05 00 00 00 00
  can0  262   [5]  20 00 00 00 89
  can0  2C4   [8]  05 F8 00 1A 40 80 40 E5
  can0  2C6   [8]  00 00 00 00 00 00 00 D0
  can0  0B4   [8]  00 00 00 00 00 00 00 BC
  can0  0BA   [4]  06 01 00 C5
  can0  232   [4]  03 03 08 46
  can0  4C3   [8]  04 00 12 07 00 00 00 00
  can0  440   [8]  42 02 00 00 00 00 00 00
  can0  0B0   [6]  00 00 00 00 11 0E
  can0  0B2   [6]  00 00 00 00 11 0E
  can0  2D5   [2]  00 00
  can0  260   [8]  08 FF F4 00 00 00 00 65
  can0  2C1   [8]  08 03 0F 03 02 D8 00 C2
  can0  0B4   [8]  00 00 00 00 00 00 00 BC
  can0  223   [8]  00 00 00 00 00 00 00 2D
  can0  262   [5]  20 00 00 00 89
  can0  0B0   [6]  00 00 00 00 11 0F
  can0  0B2   [6]  00 00 00 00 11 0F
  can0  224   [8]  00 00 00 00 00 00 00 00
  can0  2C4   [8]  05 FA 00 1A 40 80 40 E7
  can0  2D0   [8]  0B AD 09 00 B0 9C 00 E7
  can0  0B4   [8]  00 00 00 00 00 00 00 BC
  can0  0BA   [4]  06 01 00 C5
  can0  232   [4]  03 03 08 46
  can0  620   [8]  10 00 00 00 30 40 00 50
  can0  260   [8]  08 FF F3 00 00 00 00 64
  can0  0B0   [6]  00 00 00 00 11 00
  can0  0B2   [6]  00 00 00 00 11 00
  can0  2D5   [2]  00 00
  can0  2C6   [8]  00 00 00 00 00 00 00 D0
  can0  2C5   [4]  00 05 C0 90
  can0  0B4   [8]  00 00 00 00 00 00 00 BC
  can0  223   [8]  00 00 00 00 00 00 00 2D
  can0  262   [5]  20 00 00 00 89
  can0  7DF   [8]  02 01 11 00 00 00 00 00
  can0  7E8   [8]  03 41 11 34 00 00 00 00
  can0  0B0   [6]  00 00 00 00 11 01
  can0  0B2   [6]  00 00 00 00 11 01
  can0  224   [8]  00 00 00 00 00 00 00 00
  can0  2C1   [8]  08 03 0D 03 03 D8 00 C1
  can0  2C4   [8]  05 FF 00 1A 40 80 40 EC
  can0  260   [8]  08 FF F3 00 00 00 00 64
  can0  0B4   [8]  00 00 00 00 00 00 00 BC
  can0  0BA   [4]  06 01 00 C5
  can0  232   [4]  03 03 08 46
  can0  2D5   [2]  00 00
  can0  0B0   [6]  00 00 00 00 11 02
  can0  0B2   [6]  00 00 00 00 11 02
  can0  2D0   [8]  0B AE 09 00 B0 9C 00 E8
  can0  262   [5]  20 00 00 00 89
  can0  0B4   [8]  00 00 00 00 00 00 00 BC
  can0  223   [8]  00 00 00 00 00 00 00 2D
  can0  2C6   [8]  00 00 00 00 00 00 00 D0
  can0  0B0   [6]  00 00 00 00 11 03
  can0  0B2   [6]  00 00 00 00 11 03
  can0  224   [8]  00 00 00 00 00 00 00 00
  can0  260   [8]  08 FF F3 00 00 00 00 64
  can0  2C4   [8]  06 00 00 1A 40 80 40 EE
  can0  0B4   [8]  00 00 00 00 00 00 00 BC
  can0  0BA   [4]  06 01 00 C5
  can0  232   [4]  03 03 08 46
  can0  2C1   [8]  08 03 0E 03 0F D8 00 CE
  can0  262   [5]  20 00 00 00 89
  can0  2D5   [2]  00 00
  can0  0B0   [6]  00 00 00 00 11 04
  can0  0B2   [6]  00 00 00 00 11 04
  can0  2C5   [4]  00 05 C0 90
  can0  0B4   [8]  00 00 00 00 00 00 00 BC
  can0  223   [8]  00 00 00 00 00 00 00 2D
  can0  2D0   [8]  0B B5 09 00 B0 9C 00 EF
  can0  260   [8]  08 FF F3 00 00 00 00 64
  can0  0B0   [6]  00 00 00 00 11 05
  can0  0B2   [6]  00 00 00 00 11 05
  can0  224   [8]  00 00 00 00 00 00 00 00
  can0  2C4   [8]  06 00 00 1A 40 80 40 EE
  can0  442   [8]  40 02 00 00 02 00 00 00
  can0  3A0   [8]  00 00 00 00 00 00 00 00
  can0  2C6   [8]  00 00 00 00 00 00 00 D0
  can0  0B4   [8]  00 00 00 00 00 00 00 BC
  can0  0BA   [4]  06 00 00 C4
  can0  232   [4]  03 03 08 46
  can0  262   [5]  20 00 00 00 89
  can0  2D5   [2]  00 00
  can0  0B0   [6]  00 00 00 00 11 06
  can0  0B2   [6]  00 00 00 00 11 06
  can0  260   [8]  08 FF F3 00 00 00 00 64
  can0  2C1   [8]  08 03 0F 03 0D D8 00 CD
  can0  0B4   [8]  00 00 00 00 00 00 00 BC
  can0  223   [8]  00 00 00 00 00 00 00 2D
  can0  394   [1]  00
  can0  0B0   [6]  00 00 00 00 11 07
  can0  0B2   [6]  00 00 00 00 11 07
  can0  224   [8]  00 00 00 00 00 00 00 00
  can0  2C4   [8]  06 01 00 1A 40 80 40 EF
  can0  262   [5]  20 00 00 00 89
  can0  2D0   [8]  0B BB 09 00 B0 9C 00 F5
  can0  0B4   [8]  00 00 00 00 00 00 00 BC
  can0  0BA   [4]  06 01 00 C5
  can0  232   [4]  03 03 08 46
  can0  2D5   [2]  00 00
  can0  2C6   [8]  00 00 00 00 00 00 00 D0
  can0  0B0   [6]  00 00 00 00 11 08
  can0  0B2   [6]  00 00 00 00 11 08
  can0  260   [8]  08 FF F3 00 00 00 00 64
  can0  2C5   [4]  00 05 C0 90
  can0  0B4   [8]  00 00 00 00 00 00 00 BC
  can0  223   [8]  00 00 00 00 00 00 00 2D
  can0  262   [5]  20 00 00 00 89
  can0  0B0   [6]  00 00 00 00 11 09
  can0  0B2   [6]  00 00 00 00 11 09
  can0  224   [8]  00 00 00 00 00 00 00 00
  can0  2C1   [8]  08 03 08 03 06 D8 00 BF
  can0  2C4   [8]  06 04 00 1A 40 80 40 F2
  can0  7DF   [8]  02 01 0E 00 00 00 00 00
  can0  7E8   [8]  03 41 0E 8E 00 00 00 00
  can0  0B4   [8]  00 00 00 00 00 00 00 BC
  can0  0BA   [4]  06 00 00 C4
  can0  232   [4]  03 03 08 46
  can0  260   [8]  08 FF F3 00 00 00 00 64
  can0  3B3   [3]  06 05 28
  can0  2D5   [2]  00 00
  can0  3B1   [8]  00 00 02 2A A0 00 00 00
  can0  2D0   [8]  0B BE 09 00 B0 9C 00 F8
  can0  0B0   [6]  00 00 00 00 11 0A
  can0  0B2   [6]  00 00 00 00 11 0A
  can0  262   [5]  20 00 00 00 89
  can0  0B4   [8]  00 00 00 00 00 00 00 BC
  can0  223   [8]  00 00 00 00 00 00 00 2D
  can0  2C6   [8]  00 00 00 00 00 00 00 D0
  can0  0B0   [6]  00 00 00 00 11 0B
  can0  0B2   [6]  00 00 00 00 11 0B
  can0  224   [8]  00 00 00 00 00 00 00 00
  can0  2C4   [8]  06 04 00 1A 40 80 40 F2
  can0  260   [8]  08 FF F3 00 00 00 00 64
  can0  0B4   [8]  00 00 00 00 00 00 00 BC
  can0  0BA   [4]  06 00 00 C4
  can0  232   [4]  03 03 08 46
  can0  2C1   [8]  08 03 08 03 08 D8 00 C1
  can0  2D5   [2]  00 00
  can0  0B0   [6]  00 00 00 00 11 0C
  can0  0B2   [6]  00 00 00 00 11 0C
  can0  262   [5]  20 00 00 00 89
  can0  2C5   [4]  00 05 C0 90
  can0  0B4   [8]  00 00 00 00 00 00 00 BC
  can0  223   [8]  00 00 00 00 00 00 00 2D
  can0  2D0   [8]  0B C3 09 00 B0 9C 00 FD
  can0  260   [8]  08 FF F3 00 00 00 00 64
  can0  0B0   [6]  00 00 00 00 11 0D
  can0  0B2   [6]  00 00 00 00 11 0D
  can0  224   [8]  00 00 00 00 00 00 00 00
  can0  2C4   [8]  06 02 00 1A 40 80 40 F0
  can0  2C6   [8]  00 00 00 00 00 00 00 D0
  can0  440   [8]  42 02 00 00 00 00 00 00
  can0  0B4   [8]  00 00 00 00 00 00 00 BC
  can0  0BA   [4]  06 00 00 C4
  can0  232   [4]  03 03 08 46
  can0  3A0   [8]  00 00 00 00 00 00 00 00
  can0  2D5   [2]  00 00
  can0  262   [5]  20 00 00 00 89
  can0  0B0   [6]  00 00 00 00 11 0E
  can0  0B2   [6]  00 00 00 00 11 0E
  can0  2C1   [8]  08 03 03 02 FC D8 00 AF
  can0  0B4   [8]  00 00 00 00 00 00 00 BC
  can0  223   [8]  00 00 00 00 00 00 00 2D
  can0  260   [8]  08 FF F3 00 00 00 00 64
  can0  2C4   [8]  05 FD 00 1A 40 80 40 EA
  can0  0B0   [6]  00 00 00 00 11 0F
  can0  0B2   [6]  00 00 00 00 11 0F
  can0  224   [8]  00 00 00 00 00 00 00 00
  can0  2D0   [8]  0B C3 09 00 B0 9C 00 FD
  can0  262   [5]  20 00 00 00 89
  can0  0B4   [8]  00 00 00 00 00 00 00 BC
  can0  0BA   [4]  05 FF 00 C2
  can0  232   [4]  03 03 08 46
  can0  2D5   [2]  00 00
  can0  2C6   [8]  00 00 00 00 00 00 00 D0
  can0  0B0   [6]  00 00 00 00 11 00
  can0  0B2   [6]  00 00 00 00 11 00
  can0  2C5   [4]  00 05 C0 90
  can0  260   [8]  08 FF F3 00 00 00 00 64
  can0  0B4   [8]  00 00 00 00 00 00 00 BC
  can0  223   [8]  00 00 00 00 00 00 00 2D
  can0  2C1   [8]  08 03 16 03 02 D8 00 C9
  can0  2C4   [8]  05 FF 00 1A 40 80 40 EC
  can0  0B0   [6]  00 00 00 00 11 01
  can0  0B2   [6]  00 00 00 00 11 01
  can0  224   [8]  00 00 00 00 00 00 00 00
  can0  262   [5]  20 00 00 00 89
  can0  0B4   [8]  00 00 00 00 00 00 00 BC
  can0  0BA   [4]  05 FF 00 C2
  can0  232   [4]  03 03 08 46
  can0  2D5   [2]  00 00
  can0  7DF   [8]  02 01 06 00 00 00 00 00
  can0  2D0   [8]  0B BE 09 00 B0 9C 00 F8
  can0  7E8   [8]  03 41 06 79 00 00 00 00
  can0  260   [8]  08 FF F4 00 00 00 00 65
  can0  0B0   [6]  00 00 00 00 11 02
  can0  0B2   [6]  00 00 00 00 11 02
  can0  0B4   [8]  00 00 00 00 00 00 00 BC
  can0  223   [8]  00 00 00 00 00 00 00 2D
  can0  2C6   [8]  00 00 00 00 00 00 00 D0
  can0  3B7   [8]  00 00 00 00 00 00 00 00
  can0  262   [5]  20 00 00 00 89
  can0  2C4   [8]  05 FE 00 1A 40 80 40 EB
  can0  0B0   [6]  00 00 00 00 11 03
  can0  0B2   [6]  00 00 00 00 11 03
  can0  224   [8]  00 00 00 00 00 00 00 00
  can0  4C8   [8]  09 00 01 06 00 00 00 00
  can0  0B4   [8]  00 00 00 00 00 00 00 BC
  can0  0BA   [4]  05 FF 00 C2
  can0  232   [4]  03 03 08 46
  can0  2C1   [8]  08 03 16 03 0B D8 00 D2
  can0  2D5   [2]  00 00
  can0  260   [8]  08 FF F5 00 00 00 00 66
  can0  0B0   [6]  00 00 00 00 11 04
  can0  0B2   [6]  00 00 00 00 11 04
  can0  2C5   [4]  00 05 C0 90
  can0  262   [5]  20 00 00 00 89
  can0  2D0   [8]  0B BC 09 00 B0 9C 00 F6
  can0  0B4   [8]  00 00 00 00 00 00 00 BC
  can0  223   [8]  00 00 00 00 00 00 00 2D
  can0  2C4   [8]  05 F9 00 1A 40 80 40 E6
  can0  0B0   [6]  00 00 00 00 11 05
  can0  0B2   [6]  00 00 00 00 11 05
  can0  224   [8]  00 00 00 00 00 00 00 00
  can0  442   [8]  40 02 00 00 02 00 00 00
  can0  2C6   [8]  00 00 00 00 00 00 00 D0
  can0  260   [8]  08 FF F5 00 00 00 00 66
  can0  2D5   [2]  00 00
  can0  0B4   [8]  00 00 00 00 00 00 00 BC
  can0  0BA   [4]  05 FF 00 C2
  can0  232   [4]  03 03 08 46
  can0  3A0   [8]  00 00 00 00 00 00 00 00
  can0  610   [8]  20 00 00 64 00 00 00 00
  can0  0B0   [6]  00 00 00 00 11 06
  can0  0B2   [6]  00 00 00 00 11 06
  can0  262   [5]  20 00 00 00 89
  can0  2C1   [8]  08 03 15 03 03 D8 00 C9
  can0  0B4   [8]  00 00 00 00 00 00 00 BC
  can0  223   [8]  00 00 00 00 00 00 00 2D
  can0  2C4   [8]  05 FA 00 1A 40 80 40 E7
  can0  260   [8]  08 FF F5 00 00 00 00 66
  can0  0B0   [6]  00 00 00 00 11 07
  can0  0B2   [6]  00 00 00 00 11 07
  can0  224   [8]  00 00 00 00 00 00 00 00
  can0  2D0   [8]  0B B6 09 00 B0 9C 00 F0
  can0  2D5   [2]  00 00
  can0  0B4   [8]  00 00 00 00 00 00 00 BC
  can0  0BA   [4]  05 FF 00 C2
  can0  232   [4]  03 03 08 46
  can0  262   [5]  20 00 00 00 89
  can0  2C6   [8]  00 00 00 00 00 00 00 D0
  can0  0B0   [6]  00 00 00 00 11 08
  can0  0B2   [6]  00 00 00 00 11 08
  can0  2C5   [4]  00 05 C0 90
  can0  0B4   [8]  00 00 00 00 00 00 00 BC
  can0  223   [8]  00 00 00 00 00 00 00 2D
  can0  260   [8]  08 FF F4 00 00 00 00 65
  can0  620   [8]  10 00 00 00 30 40 00 50
  can0  2C4   [8]  05 FA 00 1A 40 80 40 E7
  can0  2C1   [8]  08 03 0F 02 FD D8 00 BC
  can0  0B0   [6]  00 00 00 00 11 09
  can0  0B2   [6]  00 00 00 00 11 09
  can0  224   [8]  00 00 00 00 00 00 00 00
  can0  262   [5]  20 00 00 00 89
  can0  2D5   [2]  00 00
  can0  0B4   [8]  00 00 00 00 00 00 00 BC
  can0  0BA   [4]  05 FE 00 C1
  can0  232   [4]  03 03 08 46
  can0  2D0   [8]  0B B3 09 00 B0 9C 00 ED
  can0  0B0   [6]  00 00 00 00 11 0A
  can0  0B2   [6]  00 00 00 00 11 0A
  can0  260   [8]  08 FF F3 00 00 00 00 64
  can0  7DF   [8]  02 01 07 00 00 00 00 00
  can0  2C6   [8]  00 00 00 00 00 00 00 D0
  can0  7E8   [8]  03 41 07 88 00 00 00 00
  can0  0B4   [8]  00 00 00 00 00 00 00 BC
  can0  223   [8]  00 00 00 00 00 00 00 2D
  can0  2C4   [8]  06 00 00 1A 40 80 40 EE
  can0  0B0   [6]  00 00 00 00 11 0B
  can0  0B2   [6]  00 00 00 00 11 0B
  can0  224   [8]  00 00 00 00 00 00 00 00
  can0  262   [5]  20 00 00 00 89
  can0  2D5   [2]  00 00
  can0  2C1   [8]  08 03 08 03 01 D8 00 BA
  can0  0B4   [8]  00 00 00 00 00 00 00 BC
  can0  0BA   [4]  05 FE 00 C1
  can0  232   [4]  03 03 08 46
  can0  260   [8]  08 FF F3 00 00 00 00 64
  can0  0B0   [6]  00 00 00 00 11 0C
  can0  0B2   [6]  00 00 00 00 11 0C
  can0  2C5   [4]  00 05 C0 90
  can0  2D0   [8]  0B B5 09 00 B0 9C 00 EF
  can0  0B4   [8]  00 00 00 00 00 00 00 BC
  can0  223   [8]  00 00 00 00 00 00 00 2D
  can0  2C4   [8]  05 FA 00 1A 40 80 40 E7
  can0  262   [5]  20 00 00 00 89
  can0  0B0   [6]  00 00 00 00 11 0D
  can0  0B2   [6]  00 00 00 00 11 0D
  can0  224   [8]  00 00 00 00 00 00 00 00
  can0  2C6   [8]  00 00 00 00 00 00 00 D0
  can0  440   [8]  42 02 00 00 00 00 00 00
  can0  2D5   [2]  00 00
  can0  260   [8]  08 FF F3 00 00 00 00 64
  can0  0B4   [8]  00 00 00 00 00 00 00 BC
  can0  0BA   [4]  05 FF 00 C2
  can0  232   [4]  03 03 08 46
  can0  0B0   [6]  00 00 00 00 11 0E
  can0  0B2   [6]  00 00 00 00 11 0E
  can0  2C1   [8]  08 03 0F 02 F4 D8 00 B3
  can0  3A0   [8]  00 00 00 00 00 00 00 00
  can0  262   [5]  20 00 00 00 89
  can0  0B4   [8]  00 00 00 00 00 00 00 BC
  can0  223   [8]  00 00 00 00 00 00 00 2D
  can0  2C4   [8]  05 EF 00 1A 40 80 40 DC
  can0  2D0   [8]  0B B4 09 00 B0 9C 00 EE
  can0  0B0   [6]  00 00 00 00 11 0F
  can0  0B2   [6]  00 00 00 00 11 0F
  can0  224   [8]  00 00 00 00 00 00 00 00
  can0  260   [8]  08 FF F3 00 00 00 00 64
  can0  2D5   [2]  00 00
  can0  0B4   [8]  00 00 00 00 00 00 00 BC
  can0  0BA   [4]  05 FF 00 C2
  can0  232   [4]  03 03 08 46
  can0  394   [1]  00
  can0  2C6   [8]  00 00 00 00 00 00 00 D0
  can0  262   [5]  20 00 00 00 89
  can0  0B0   [6]  00 00 00 00 11 00
  can0  0B2   [6]  00 00 00 00 11 00
  can0  2C5   [4]  00 05 C0 90
  can0  2C4   [8]  05 F8 00 1A 40 80 40 E5
  can0  0B4   [8]  00 00 00 00 00 00 00 BC
  can0  223   [8]  00 00 00 00 00 00 00 2D
  can0  2C1   [8]  08 03 21 02 F2 D9 00 C4
  can0  260   [8]  08 FF F3 00 00 00 00 64
  can0  0B0   [6]  00 00 00 00 11 01
  can0  0B2   [6]  00 00 00 00 11 01
  can0  224   [8]  00 00 00 00 00 00 00 00
  can0  2D5   [2]  00 00
  can0  0B4   [8]  00 00 00 00 00 00 00 BC
  can0  0BA   [4]  05 FF 00 C2
  can0  232   [4]  03 03 08 46
  can0  2D0   [8]  0B AC 09 00 B0 9C 00 E6
  can0  262   [5]  20 00 00 00 89
  can0  0B0   [6]  00 00 00 00 11 02
  can0  0B2   [6]  00 00 00 00 11 02
  can0  2C6   [8]  00 00 00 00 00 00 00 D0
  can0  2C4   [8]  05 FF 00 1A 40 80 40 EC
  can0  260   [8]  08 FF F3 00 00 00 00 64
  can0  0B4   [8]  00 00 00 00 00 00 00 BC
  can0  223   [8]  00 00 00 00 00 00 00 2D
  can0  7DF   [8]  02 01 15 00 00 00 00 00
  can0  7E8   [8]  04 41 15 00 FF 00 00 00
  can0  0B0   [6]  00 00 00 00 11 03
  can0  0B2   [6]  00 00 00 00 11 03
  can0  224   [8]  00 00 00 00 00 00 00 00
  can0  2D5   [2]  00 00
  can0  262   [5]  20 00 00 00 89
  can0  2C1   [8]  08 03 04 02 FD D8 00 B1
  can0  0B4   [8]  00 00 00 00 00 00 00 BC
  can0  0BA   [4]  05 FF 00 C2
  can0  232   [4]  03 03 08 46
  can0  0B0   [6]  00 00 00 00 11 04
  can0  0B2   [6]  00 00 00 00 11 04
  can0  2C5   [4]  00 05 C0 90
  can0  260   [8]  08 FF F3 00 00 00 00 64
  can0  2D0   [8]  0B AE 09 00 B0 9C 00 E8
  can0  2C4   [8]  06 00 00 1A 40 80 40 EE
  can0  0B4   [8]  00 00 00 00 00 00 00 BC
  can0  223   [8]  00 00 00 00 00 00 00 2D
  can0  442   [8]  40 02 00 00 02 00 00 00
  can0  2C6   [8]  00 00 00 00 00 00 00 D0
  can0  262   [5]  20 00 00 00 89
  can0  0B0   [6]  00 00 00 00 11 05
  can0  0B2   [6]  00 00 00 00 11 05
  can0  224   [8]  00 00 00 00 00 00 00 00
  can0  2D5   [2]  00 00
  can0  0B4   [8]  00 00 00 00 00 00 00 BC
  can0  0BA   [4]  05 FF 00 C2
  can0  232   [4]  03 03 08 46
  can0  260   [8]  08 FF F3 00 00 00 00 64
  can0  2C1   [8]  08 03 05 02 F9 D8 00 AE
  can0  0B0   [6]  00 00 00 00 11 06
  can0  0B2   [6]  00 00 00 00 11 06
  can0  3B4   [8]  00 00 44 4C 80 00 00 00
  can0  2C4   [8]  05 F9 00 1A 40 80 40 E6
  can0  3A0   [8]  00 00 00 00 00 00 00 00
  can0  0B4   [8]  00 00 00 00 00 00 00 BC
  can0  223   [8]  00 00 00 00 00 00 00 2D
  can0  262   [5]  20 00 00 00 89
  can0  2D0   [8]  0B B3 09 00 B0 9C 00 ED
  can0  0B0   [6]  00 00 00 00 11 07
  can0  0B2   [6]  00 00 00 00 11 07
  can0  224   [8]  00 00 00 00 00 00 00 00
  can0  2D5   [2]  00 00
  can0  260   [8]  08 FF F3 00 00 00 00 64
  can0  0B4   [8]  00 00 00 00 00 00 00 BC
  can0  0BA   [4]  06 00 00 C4
  can0  232   [4]  03 03 08 46
  can0  2C6   [8]  00 00 00 00 00 00 00 D0
  can0  0B0   [6]  00 00 00 00 11 08
  can0  0B2   [6]  00 00 00 00 11 08
  can0  2C5   [4]  00 05 C0 90
  can0  262   [5]  20 00 00 00 89
  can0  2C4   [8]  05 FE 00 1A 40 80 40 EB
  can0  0B4   [8]  00 00 00 00 00 00 00 BC
  can0  223   [8]  00 00 00 00 00 00 00 2D
  can0  2C1   [8]  08 03 05 02 F3 D8 00 A8
  can0  2D5   [2]  00 00
  can0  0B0   [6]  00 00 00 00 11 09
  can0  0B2   [6]  00 00 00 00 11 09
  can0  224   [8]  00 00 00 00 00 00 00 00
  can0  260   [8]  08 FF F3 00 00 00 00 64
  can0  2D0   [8]  0B B3 09 00 B0 9C 00 ED
  can0  0B4   [8]  00 00 00 00 00 00 00 BC
  can0  0BA   [4]  06 01 00 C5
  can0  232   [4]  03 03 08 46
  can0  262   [5]  20 00 00 00 89
  can0  0B0   [6]  00 00 00 00 11 0A
  can0  0B2   [6]  00 00 00 00 11 0A
  can0  2C6   [8]  00 00 00 00 00 00 00 D0
  can0  2C4   [8]  06 03 00 1A 40 80 40 F1
  can0  0B4   [8]  00 00 00 00 00 00 00 BC
  can0  223   [8]  00 00 00 00 00 00 00 2D
  can0  260   [8]  08 FF F3 00 00 00 00 64
  can0  2D5   [2]  00 00
  can0  0B0   [6]  00 00 00 00 11 0B
  can0  0B2   [6]  00 00 00 00 11 0B
  can0  224   [8]  00 00 00 00 00 00 00 00
  can0  2C1   [8]  08 03 09 03 07 D8 00 C1
  can0  7DF   [8]  02 01 1F 00 00 00 00 00
  can0  7E8   [8]  04 41 1F 00 29 00 00 00
  can0  0B4   [8]  00 00 00 00 00 00 00 BC
  can0  0BA   [4]  06 00 00 C4
  can0  232   [4]  03 03 08 46
  can0  3B7   [8]  00 00 00 00 00 00 00 00
  can0  262   [5]  20 00 00 00 89
  can0  0B0   [6]  00 00 00 00 11 0C
  can0  0B2   [6]  00 00 00 00 11 0C
  can0  2C5   [4]  00 05 C0 90
  can0  2D0   [8]  0B B8 09 00 B0 9C 00 F2
  can0  2C4   [8]  06 09 00 1A 40 80 40 F7
  can0  260   [8]  08 FF F4 00 00 00 00 65
  can0  0B4   [8]  00 00 00 00 00 00 00 BC
  can0  223   [8]  00 00 00 00 00 00 00 2D
  can0  2C6   [8]  00 00 00 00 00 00 00 D0
  can0  2D5   [2]  00 00
  can0  440   [8]  42 02 00 00 00 00 00 00
  can0  0B0   [6]  00 00 00 00 11 0D
  can0  0B2   [6]  00 00 00 00 11 0D
  can0  224   [8]  00 00 00 00 00 00 00 00
  can0  262   [5]  20 00 00 00 89
  can0  0B4   [8]  00 00 00 00 00 00 00 BC
  can0  0BA   [4]  06 00 00 C4
  can0  232   [4]  03 03 08 46
  can0  2C1   [8]  08 02 F8 02 FA D7 00 A0
  can0  0B0   [6]  00 00 00 00 11 0E
  can0  0B2   [6]  00 00 00 00 11 0E
  can0  260   [8]  08 FF F3 00 00 00 00 64
  can0  2C4   [8]  06 08 00 1A 40 80 40 F6
  can0  0B4   [8]  00 00 00 00 00 00 00 BC
  can0  223   [8]  00 00 00 00 00 00 00 2D
  can0  3A0   [8]  00 00 00 00 00 00 00 00
  can0  2D0   [8]  0B C3 09 00 B0 9C 00 FD
  can0  2D5   [2]  00 00
  can0  262   [5]  20 00 00 00 89
  can0  0B0   [6]  00 00 00 00 11 0F
  can0  0B2   [6]  00 00 00 00 11 0F
  can0  224   [8]  00 00 00 00 00 00 00 00
  can0  2C6   [8]  00 00 00 00 00 00 00 D0
  can0  0B4   [8]  00 00 00 00 00 00 00 BC
  can0  0BA   [4]  06 01 00 C5
  can0  232   [4]  03 03 08 46
  can0  260   [8]  08 FF F5 00 00 00 00 66
  can0  0B0   [6]  00 00 00 00 11 00
  can0  0B2   [6]  00 00 00 00 11 00
  can0  2C5   [4]  00 05 C0 90
  can0  2C4   [8]  06 02 00 1A 40 80 40 F0
  can0  2C1   [8]  08 02 FB 02 F9 D7 00 A2
  can0  0B4   [8]  00 00 00 00 00 00 00 BC
  can0  223   [8]  00 00 00 00 00 00 00 2D
  can0  262   [5]  20 00 00 00 89
  can0  2D5   [2]  00 00
  can0  0B0   [6]  00 00 00 00 11 01
  can0  0B2   [6]  00 00 00 00 11 01
  can0  224   [8]  00 00 00 00 00 00 00 00
  can0  4DC   [8]  1D 00 01 07 00 00 00 00
  can0  260   [8]  08 FF F5 00 00 00 00 66
  can0  2D0   [8]  0B C7 09 00 B0 9C 00 01
  can0  620   [8]  10 00 00 00 30 40 00 50
  can0  0B4   [8]  00 00 00 00 00 00 00 BC
  can0  0BA   [4]  06 01 00 C5
  can0  232   [4]  03 03 08 46
  can0  4C1   [8]  01 00 09 08 00 00 00 00
  can0  398   [2]  02 00
  can0  0B0   [6]  00 00 00 00 11 02
  can0  0B2   [6]  00 00 00 00 11 02
  can0  2C4   [8]  06 03 00 1A 40 80 40 F1
  can0  2C6   [8]  00 00 00 00 00 00 00 D0
  can0  262   [5]  20 00 00 00 89
  can0  0B4   [8]  00 00 00 00 00 00 00 BC
  can0  223   [8]  00 00 00 00 00 00 00 2D
  can0  2D5   [2]  00 00
  can0  0B0   [6]  00 00 00 00 11 03
  can0  0B2   [6]  00 00 00 00 11 03
  can0  224   [8]  00 00 00 00 00 00 00 00
  can0  260   [8]  08 FF F5 00 00 00 00 66
  can0  2C1   [8]  08 03 07 02 FF D8 00 B6
  can0  0B4   [8]  00 00 00 00 00 00 00 BC
  can0  0BA   [4]  06 01 00 C5
  can0  232   [4]  03 03 08 46
  can0  7DF   [8]  02 01 2F 00 00 00 00 00
  can0  262   [5]  20 00 00 00 89
  can0  2C4   [8]  06 02 00 1A 40 80 40 F0
  can0  0B0   [6]  00 00 00 00 11 04
  can0  0B2   [6]  00 00 00 00 11 04
  can0  2C5   [4]  00 05 C0 90
  can0  2D0   [8]  0B C5 09 00 B0 9C 00 FF
  can0  3B3   [3]  06 05 28
  can0  442   [8]  40 02 00 00 02 00 00 00
  can0  3B0   [5]  00 00 00 48 00
  can0  0B4   [8]  00 00 00 00 00 00 00 BC
  can0  223   [8]  00 00 00 00 00 00 00 2D
  can0  260   [8]  08 FF F5 00 00 00 00 66
  can0  2C6   [8]  00 00 00 00 00 00 00 D0
  can0  2D5   [2]  00 00
  can0  0B0   [6]  00 00 00 00 11 05
  can0  0B2   [6]  00 00 00 00 11 05
  can0  224   [8]  00 00 00 00 00 00 00 00
  can0  262   [5]  20 00 00 00 89
  can0  0B4   [8]  00 00 00 00 00 00 00 BC
  can0  0BA   [4]  06 01 00 C5
  can0  232   [4]  03 03 08 46
  can0  2C1   [8]  08 02 FE 02 FA D7 00 A6
  can0  2C4   [8]  05 F5 00 1A 40 80 40 E2
  can0  0B0   [6]  00 00 00 00 11 06
  can0  0B2   [6]  00 00 00 00 11 06
  can0  260   [8]  08 FF F5 00 00 00 00 66
  can0  0B4   [8]  00 00 00 00 00 00 00 BC
  can0  223   [8]  00 00 00 00 00 00 00 2D
  can0  2D0   [8]  0B C4 09 00 B0 9C 00 FE
  can0  2D5   [2]  00 00
  can0  3A0   [8]  00 00 00 00 00 00 00 00
  can0  0B0   [6]  00 00 00 00 11 07
  can0  0B2   [6]  00 00 00 00 11 07
  can0  224   [8]  00 00 00 00 00 00 00 00
  can0  262   [5]  20 00 00 00 89
  can0  2C6   [8]  00 00 00 00 00 00 00 D0
  can0  0B4   [8]  00 00 00 00 00 00 00 BC
  can0  0BA   [4]  06 01 00 C5
  can0  232   [4]  03 03 08 46
  can0  2C4   [8]  05 EE 00 1A 40 80 40 DB
  can0  2C5   [4]  00 05 C0 90
  can0  260   [8]  08 FF F4 00 00 00 00 65
  can0  0B0   [6]  00 00 00 00 11 08
  can0  0B2   [6]  00 00 00 00 11 08
  can0  2C1   [8]  08 03 12 02 EA D8 00 AC
  can0  394   [1]  00
  can0  0B4   [8]  00 00 00 00 00 00 00 BC
  can0  223   [8]  00 00 00 00 00 00 00 2D
  can0  2D5   [2]  00 00
  can0  262   [5]  20 00 00 00 89
  can0  0B0   [6]  00 00 00 00 11 09
  can0  0B2   [6]  00 00 00 00 11 09
  can0  224   [8]  00 00 00 00 00 00 00 00
  can0  2D0   [8]  0B B4 09 00 B0 9C 00 EE
  can0  380   [8]  00 20 00 00 00 00 27 00
  can0  0B4   [8]  00 00 00 00 00 00 00 BC
  can0  0BA   [4]  06 01 00 C5
  can0  232   [4]  03 03 08 46
  can0  260   [8]  08 FF F3 00 00 00 00 64
  can0  2C4   [8]  05 EE 00 1A 40 80 40 DB
  can0  2C6   [8]  00 00 00 00 00 00 00 D0
  can0  0B0   [6]  00 00 00 00 11 0A
  can0  0B2   [6]  00 00 00 00 11 0A
  can0  262   [5]  20 00 00 00 89
  can0  0B4   [8]  00 00 00 00 00 00 00 BC
  can0  223   [8]  00 00 00 00 00 00 00 2D
  can0  2D5   [2]  00 00
  can0  2C1   [8]  08 03 0D 02 F4 D8 00 B1
  can0  0B0   [6]  00 00 00 00 11 0B
  can0  0B2   [6]  00 00 00 00 11 0B
  can0  224   [8]  00 00 00 00 00 00 00 00
  can0  260   [8]  08 FF F3 00 00 00 00 64
  can0  0B4   [8]  00 00 00 00 00 00 00 BC
  can0  0BA   [4]  06 01 00 C5
  can0  232   [4]  03 03 08 46
  can0  2C4   [8]  05 FD 00 1A 40 80 40 EA
  can0  2D0   [8]  0B AA 09 00 B0 9C 00 E4
  can0  3A1   [8]  00 00 00 00 00 00 00 00
  can0  2C5   [4]  00 05 C0 90
  can0  0B0   [6]  00 00 00 00 11 0C
  can0  0B2   [6]  00 00 00 00 11 0C
  can0  262   [5]  20 00 00 00 89
  can0  2D5   [2]  00 00
  can0  0B4   [8]  00 00 00 00 00 00 00 BC
  can0  223   [8]  00 00 00 00 00 00 00 2D
  can0  2C6   [8]  00 00 00 00 00 00 00 D0
  can0  440   [8]  42 02 00 00 00 00 00 00
  can0  260   [8]  08 FF F3 00 00 00 00 64
  can0  0B0   [6]  00 00 00 00 11 0D
  can0  0B2   [6]  00 00 00 00 11 0D
  can0  224   [8]  00 00 00 00 00 00 00 00
  can0  0B4   [8]  00 00 00 00 00 00 00 BC
  can0  0BA   [4]  06 01 00 C5
  can0  232   [4]  03 03 08 46
  can0  2C1   [8]  08 03 15 03 03 D8 00 C9
  can0  2C4   [8]  05 F1 00 1A 40 80 40 DE
  can0  262   [5]  20 00 00 00 89
  can0  0B0   [6]  00 00 00 00 11 0E
  can0  0B2   [6]  00 00 00 00 11 0E
  can0  2D5   [2]  00 00
  can0  0B4   [8]  00 00 00 00 00 00 00 BC
  can0  223   [8]  00 00 00 00 00 00 00 2D
  can0  2D0   [8]  0B A8 09 00 B0 9C 00 E2
  can0  260   [8]  08 FF F3 00 00 00 00 64
  can0  0B0   [6]  00 00 00 00 11 0F
  can0  0B2   [6]  00 00 00 00 11 0F
  can0  224   [8]  00 00 00 00 00 00 00 00
  can0  2C6   [8]  00 00 00 00 00 00 00 D0
  can0  3A0   [8]  00 00 00 00 00 00 00 00
  can0  610   [8]  20 00 00 64 00 00 00 00
  can0  262   [5]  20 00 00 00 89
  can0  0B4   [8]  00 00 00 00 00 00 00 BC
  can0  0BA   [4]  06 01 00 C5
  can0  232   [4]  03 03 08 46
  can0  2C4   [8]  05 F4 00 1A 40 80 40 E1
  can0  2C5   [4]  00 05 C0 90
  can0  0B0   [6]  00 00 00 00 11 00
  can0  0B2   [6]  00 00 00 00 11 00
  can0  2C1   [8]  08 03 18 03 08 D8 00 D1
  can0  611   [8]  21 00 00 10 00 03 C1 4F
  can0  260   [8]  08 FF F3 00 00 00 00 64
  can0  2D5   [2]  00 00
  can0  0B4   [8]  00 00 00 00 00 00 00 BC
  can0  223   [8]  00 00 00 00 00 00 00 2D
  can0  0B0   [6]  00 00 00 00 11 01
  can0  0B2   [6]  00 00 00 00 11 01
  can0  224   [8]  00 00 00 00 00 00 00 00
  can0  262   [5]  20 00 00 00 89
  can0  2D0   [8]  0B A4 09 00 B0 9C 00 DE
  can0  0B4   [8]  00 00 00 00 00 00 00 BC
  can0  0BA   [4]  06 02 00 C6
  can0  232   [4]  03 03 08 46
  can0  2C4   [8]  05 FB 00 1A 40 80 40 E8
  can0  2C6   [8]  00 00 00 00 00 00 00 D0
  can0  260   [8]  08 FF F3 00 00 00 00 64
  can0  0B0   [6]  00 00 00 00 11 02
  can0  0B2   [6]  00 00 00 00 11 02
  can0  2D5   [2]  00 00
  can0  0B4   [8]  00 00 00 00 00 00 00 BC
  can0  223   [8]  00 00 00 00 00 00 00 2D
  can0  262   [5]  20 00 00 00 89
  can0  2C1   [8]  08 03 17 03 14 D8 00 DC
  can0  0B0   [6]  00 00 00 00 11 03
  can0  0B2   [6]  00 00 00 00 11 03
  can0  224   [8]  00 00 00 00 00 00 00 00
  can0  0B4   [8]  00 00 00 00 00 00 00 BC
  can0  0BA   [4]  06 00 00 C4
  can0  232   [4]  03 03 08 46
  can0  260   [8]  08 FF F3 00 00 00 00 64
  can0  2C4   [8]  06 00 00 1A 40 80 40 EE
  can0  2D0   [8]  0B A9 09 00 B0 9C 00 E3
  can0  2C5   [4]  00 05 C0 90
  can0  0B0   [6]  00 00 00 00 11 04
  can0  0B2   [6]  00 00 00 00 11 04
  can0  442   [8]  40 02 00 00 02 00 00 00
  can0  2D5   [2]  00 00
  can0  262   [5]  20 00 00 00 89
  can0  2C6   [8]  00 00 00 00 00 00 00 D0
  can0  0B4   [8]  00 00 00 00 00 00 00 BC
  can0  223   [8]  00 00 00 00 00 00 00 2D
  can0  3B7   [8]  00 00 00 00 00 00 00 00
  can0  0B0   [6]  00 00 00 00 11 05
  can0  0B2   [6]  00 00 00 00 11 05
  can0  224   [8]  00 00 00 00 00 00 00 00
  can0  260   [8]  08 FF F3 00 00 00 00 64
  can0  2C1   [8]  08 03 16 03 1F D8 00 E6
  can0  0B4   [8]  00 00 00 00 00 00 00 BC
  can0  0BA   [4]  05 FF 00 C2
  can0  232   [4]  03 03 08 46
  can0  2C4   [8]  06 05 00 1A 40 80 40 F3
  can0  0B0   [6]  00 00 00 00 11 06
  can0  0B2   [6]  00 00 00 00 11 06
  can0  262   [5]  20 00 00 00 89
  can0  2D5   [2]  00 00
  can0  2D0   [8]  0B AD 09 00 B0 9C 00 E7
  can0  0B4   [8]  00 00 00 00 00 00 00 BC
  can0  223   [8]  00 00 00 00 00 00 00 2D
  can0  260   [8]  08 FF F3 00 00 00 00 64
  can0  0B0   [6]  00 00 00 00 11 07
  can0  0B2   [6]  00 00 00 00 11 07
  can0  224   [8]  00 00 00 00 00 00 00 00
  can0  2C6   [8]  00 00 00 00 00 00 00 D0
  can0  0B4   [8]  00 00 00 00 00 00 00 BC
  can0  0BA   [4]  06 00 00 C4
  can0  232   [4]  03 03 08 46
  can0  2C4   [8]  06 05 00 1A 40 80 40 F3
  can0  3A0   [8]  00 00 00 00 00 00 00 00
  can0  621   [8]  11 00 00 00 00 00 00 00
  can0  262   [5]  20 00 00 00 89
  can0  2C5   [4]  00 05 C0 90
  can0  0B0   [6]  00 00 00 00 11 08
  can0  0B2   [6]  00 00 00 00 11 08
  can0  2C1   [8]  08 03 08 03 14 D8 00 CD
  can0  2D5   [2]  00 00
  can0  0B4   [8]  00 00 00 00 00 00 00 BC
  can0  223   [8]  00 00 00 00 00 00 00 2D
  can0  260   [8]  08 FF F3 00 00 00 00 64
  can0  622   [8]  12 00 00 00 00 00 00 00
  can0  0B0   [6]  00 00 00 00 11 09
  can0  0B2   [6]  00 00 00 00 11 09
  can0  224   [8]  00 00 00 00 00 00 00 00
  can0  2D0   [8]  0B B8 09 00 B0 9C 00 F2
  can0  262   [5]  20 00 00 00 89
  can0  2C4   [8]  06 05 00 1A 40 80 40 F3
  can0  0B4   [8]  00 00 00 00 00 00 00 BC
  can0  0BA   [4]  06 00 00 C4
  can0  232   [4]  03 03 08 46
  can0  624   [8]  1A 00 00 49 49 00 00 00
  can0  2C6   [8]  00 00 00 00 00 00 00 D0
  can0  0B0   [6]  00 00 00 00 11 0A
  can0  0B2   [6]  00 00 00 00 11 0A
  can0  2D5   [2]  00 00
  can0  260   [8]  08 FF F3 00 00 00 00 64
  can0  630   [8]  17 00 00 00 00 00 00 00
  can0  0B4   [8]  00 00 00 00 00 00 00 BC
  can0  223   [8]  00 00 00 00 00 00 00 2D
  can0  2C1   [8]  08 03 06 03 14 D8 00 CB
  can0  640   [8]  A8 00 00 00 01 88 00 00
  can0  262   [5]  20 00 00 00 89
  can0  0B0   [6]  00 00 00 00 11 0B
  can0  0B2   [6]  00 00 00 00 11 0B
  can0  224   [8]  00 00 00 00 00 00 00 00
  can0  620   [8]  10 00 00 00 30 40 00 50
  can0  4C3   [8]  04 00 12 07 00 00 00 00
  can0  2C4   [8]  06 0A 00 1A 40 80 40 F8
  can0  0B4   [8]  00 00 00 00 00 00 00 BC
  can0  0BA   [4]  05 FE 00 C1
  can0  232   [4]  03 03 08 46
  can0  2D0   [8]  0B C0 09 00 B0 9C 00 FA
  can0  638   [8]  13 00 10 00 00 00 00 00
  can0  260   [8]  08 FF F5 00 00 00 00 66
  can0  2C5   [4]  00 05 C0 90
  can0  0B0   [6]  00 00 00 00 11 0C
  can0  0B2   [6]  00 00 00 00 11 0C
  can0  2D5   [2]  00 00
  can0  2C6   [8]  00 00 00 00 00 00 00 D0
  can0  440   [8]  42 02 00 00 00 00 00 00
  can0  0B4   [8]  00 00 00 00 00 00 00 BC
  can0  223   [8]  00 00 00 00 00 00 00 2D
  can0  262   [5]  20 00 00 00 89
  can0  0B0   [6]  00 00 00 00 11 0D
  can0  0B2   [6]  00 00 00 00 11 0D
  can0  224   [8]  00 00 00 00 00 00 00 00
  can0  2C1   [8]  08 03 0B 03 1A D8 00 D6
  can0  2C4   [8]  06 09 00 1A 40 80 40 F7
  can0  0B4   [8]  00 00 00 00 00 00 00 BC
  can0  0BA   [4]  05 FF 00 C2
  can0  232   [4]  03 03 08 46
  can0  260   [8]  08 FF F5 00 00 00 00 66
  can0  0B0   [6]  00 00 00 00 11 0E
  can0  0B2   [6]  00 00 00 00 11 0E
  can0  2D5   [2]  00 00
  can0  2D0   [8]  0B C9 09 00 B0 9C 00 03
  can0  262   [5]  20 00 00 00 89
  can0  0B4   [8]  00 00 00 00 00 00 00 BC
  can0  223   [8]  00 00 00 00 00 00 00 2D
  can0  2C6   [8]  00 00 00 00 00 00 00 D0
  can0  0B0   [6]  00 00 00 00 11 0F
  can0  0B2   [6]  00 00 00 00 11 0F
  can0  224   [8]  00 00 00 00 00 00 00 00
  can0  260   [8]  08 FF F5 00 00 00 00 66
  can0  2C4   [8]  06 01 00 1A 40 80 40 EF
  can0  0B4   [8]  00 00 00 00 00 00 00 BC
  can0  0BA   [4]  05 FE 00 C1
  can0  232   [4]  03 03 08 46
  can0  3A0   [8]  00 00 00 00 00 00 00 00
  can0  2C5   [4]  00 05 C0 90
  can0  262   [5]  20 00 00 00 89
  can0  2C1   [8]  08 03 22 03 10 D9 00 E4
  can0  0B0   [6]  00 00 00 00 11 00
  can0  0B2   [6]  00 00 00 00 11 00
  can0  2D5   [2]  00 00
  can0  0B4   [8]  00 00 00 00 00 00 00 BC
  can0  223   [8]  00 00 00 00 00 00 00 2D
  can0  4DD   [8]  1E 00 00 05 00 00 00 00
  can0  260   [8]  08 FF F5 00 00 00 00 66
  can0  7DF   [8]  02 01 0C 00 00 00 00 00
  can0  2D0   [8]  0B C8 09 00 B0 9C 00 02
  can0  0B0   [6]  00 00 00 00 11 01
  can0  0B2   [6]  00 00 00 00 11 01
  can0  224   [8]  00 00 00 00 00 00 00 00
  can0  7E8   [8]  04 41 0C 12 C0 00 00 00
  can0  394   [1]  00
  can0  2C4   [8]  06 00 00 1A 40 80 40 EE
  can0  0B4   [8]  00 00 00 00 00 00 00 BC
  can0  0BA   [4]  05 FE 00 C1
  can0  232   [4]  03 03 08 46
  can0  2C6   [8]  00 00 00 00 00 00 00 D0
  can0  262   [5]  20 00 00 00 89
  can0  2D5   [2]  00 00
  can0  0B0   [6]  00 00 00 00 11 02
  can0  0B2   [6]  00 00 00 00 11 02
  can0  260   [8]  08 FF F4 00 00 00 00 65
  can0  0B4   [8]  00 00 00 00 00 00 00 BC
  can0  223   [8]  00 00 00 00 00 00 00 2D
  can0  2C1   [8]  08 03 13 03 12 D8 00 D6
  can0  0B0   [6]  00 00 00 00 11 03
  can0  0B2   [6]  00 00 00 00 11 03
  can0  224   [8]  00 00 00 00 00 00 00 00
  can0  2C4   [8]  06 03 00 1A 40 80 40 F1
  can0  262   [5]  20 00 00 00 89
  can0  0B4   [8]  00 00 00 00 00 00 00 BC
  can0  0BA   [4]  05 FF 00 C2
  can0  232   [4]  03 03 08 46
  can0  2D0   [8]  0B C7 09 00 B0 9C 00 01
  can0  2C5   [4]  00 05 C0 90
  can0  2D5   [2]  00 00
  can0  442   [8]  40 02 00 00 02 00 00 00
  can0  0B0   [6]  00 00 00 00 11 04
  can0  0B2   [6]  00 00 00 00 11 04
  can0  260   [8]  08 FF F4 00 00 00 00 65
  can0  2C6   [8]  00 00 00 00 00 00 00 D0
  can0  0B4   [8]  00 00 00 00 00 00 00 BC
  can0  223   [8]  00 00 00 00 00 00 00 2D
  can0  262   [5]  20 00 00 00 89
  can0  0B0   [6]  00 00 00 00 11 05
  can0  0B2   [6]  00 00 00 00 11 05
  can0  224   [8]  00 00 00 00 00 00 00 00
  can0  2C4   [8]  06 01 00 1A 40 80 40 EF
  can0  2C1   [8]  08 02 FF 03 05 D7 00 B3
  can0  0B4   [8]  00 00 00 00 00 00 00 BC
  can0  0BA   [4]  05 FF 00 C2
  can0  232   [4]  03 03 08 46
  can0  260   [8]  08 FF F4 00 00 00 00 65
  can0  2D5   [2]  00 00
  can0  38A   [5]  08 04 00 00 00
  can0  0B0   [6]  00 00 00 00 11 06
  can0  0B2   [6]  00 00 00 00 11 06
  can0  2D0   [8]  0B C4 09 00 B0 9C 00 FE
  can0  0B4   [8]  00 00 00 00 00 00 00 BC
  can0  223   [8]  00 00 00 00 00 00 00 2D
  can0  262   [5]  20 00 00 00 89
  can0  2C6   [8]  00 00 00 00 00 00 00 D0
  can0  0B0   [6]  00 00 00 00 11 07
  can0  0B2   [6]  00 00 00 00 11 07
  can0  224   [8]  00 00 00 00 00 00 00 00
  can0  2C4   [8]  05 FF 00 1A 40 80 40 EC
  can0  260   [8]  08 FF F3 00 00 00 00 64
  can0  0B4   [8]  00 00 00 00 00 00 00 BC
  can0  0BA   [4]  05 FE 00 C1
  can0  232   [4]  03 03 08 46
  can0  2D5   [2]  00 00
  can0  2C1   [8]  08 03 08 03 07 D8 00 C0
  can0  2C5   [4]  00 05 C0 90
  can0  0B0   [6]  00 00 00 00 11 08
  can0  0B2   [6]  00 00 00 00 11 08
  can0  3A0   [8]  00 00 00 00 00 00 00 00
  can0  262   [5]  20 00 00 00 89
  can0  0B4   [8]  00 00 00 00 00 00 00 BC
  can0  223   [8]  00 00 00 00 00 00 00 2D
  can0  2D0   [8]  0B C0 09 00 B0 9C 00 FA
  can0  0B0   [6]  00 00 00 00 11 09
  can0  0B2   [6]  00 00 00 00 11 09
  can0  224   [8]  00 00 00 00 00 00 00 00
  can0  260   [8]  08 FF F3 00 00 00 00 64
  can0  2C4   [8]  06 00 00 1A 40 80 40 EE
  can0  7DF   [8]  02 01 0D 00 00 00 00 00
  can0  2C6   [8]  00 00 00 00 00 00 00 D0
  can0  0B4   [8]  00 00 00 00 00 00 00 BC
  can0  0BA   [4]  06 00 00 C4
  can0  232   [4]  03 03 08 46
  can0  2D5   [2]  00 00
  can0  7E8   [8]  03 41 0D 00 00 00 00 00
  can0  262   [5]  20 00 00 00 89
  can0  0B0   [6]  00 00 00 00 11 0A
  can0  0B2   [6]  00 00 00 00 11 0A
  can0  2C1   [8]  08 03 0B 03 0F D8 00 CB
  can0  0B4   [8]  00 00 00 00 00 00 00 BC
  can0  223   [8]  00 00 00 00 00 00 00 2D
  can0  260   [8]  08 FF F3 00 00 00 00 64
  can0  0B0   [6]  00 00 00 00 11 0B
  can0  0B2   [6]  00 00 00 00 11 0B
  can0  224   [8]  00 00 00 00 00 00 00 00
  can0  2C4   [8]  06 03 00 1A 40 80 40 F1
  can0  2D0   [8]  0B C0 09 00 B0 9C 00 FA
  can0  0B4   [8]  00 00 00 00 00 00 00 BC
  can0  0BA   [4]  05 FF 00 C2
  can0  232   [4]  03 03 08 46
  can0  262   [5]  20 00 00 00 89
  can0  2D5   [2]  00 00
  can0  2C5   [4]  00 05 C0 90
  can0  0B0   [6]  00 00 00 00 11 0C
  can0  0B2   [6]  00 00 00 00 11 0C
  can0  2C6   [8]  00 00 00 00 00 00 00 D0
  can0  440   [8]  42 02 00 00 00 00 00 00
  can0  260   [8]  08 FF F3 00 00 00 00 64
  can0  0B4   [8]  00 00 00 00 00 00 00 BC
  can0  223   [8]  00 00 00 00 00 00 00 2D
  can0  3B1   [8]  00 00 02 2A A0 00 00 00
  can0  2C4   [8]  06 05 00 1A 40 80 40 F3
  can0  0B0   [6]  00 00 00 00 11 0D
  can0  0B2   [6]  00 00 00 00 11 0D
  can0  224   [8]  00 00 00 00 00 00 00 00
  can0  2C1   [8]  08 02 FB 02 FB D7 00 A4
  can0  262   [5]  20 00 00 00 89
  can0  0B4   [8]  00 00 00 00 00 00 00 BC
  can0  0BA   [4]  05 FE 00 C1
  can0  232   [4]  03 03 08 46
  can0  3B7   [8]  00 00 00 00 00 00 00 00
  can0  2D5   [2]  00 00
  can0  0B0   [6]  00 00 00 00 11 0E
  can0  0B2   [6]  00 00 00 00 11 0E
  can0  260   [8]  08 FF F3 00 00 00 00 64
  can0  2D0   [8]  0B C1 09 00 B0 9C 00 FB
  can0  3B3   [3]  06 02 28
  can0  0B4   [8]  00 00 00 00 00 00 00 BC
  can0  223   [8]  00 00 00 00 00 00 00 2D
  can0  2C6   [8]  00 00 00 00 00 00 00 D0
  can0  262   [5]  20 00 00 00 89
  can0  2C4   [8]  05 FF 00 1A 40 80 40 EC
  can0  0B0   [6]  00 00 00 00 11 0F
  can0  0B2   [6]  00 00 00 00 11 0F
  can0  224   [8]  00 00 00 00 00 00 00 00
  can0  0B4   [8]  00 00 00 00 00 00 00 BC
  can0  0BA   [4]  05 FF 00 C2
  can0  232   [4]  03 03 08 46
  can0  2D5   [2]  00 00
  can0  260   [8]  08 FF F3 00 00 00 00 64
  can0  2C1   [8]  08 02 FB 02 F8 D7 00 A1
  can0  2C5   [4]  00 05 C0 90
  can0  0B0   [6]  00 00 00 00 11 00
  can0  0B2   [6]  00 00 00 00 11 00
  can0  3A0   [8]  00 00 00 00 00 00 00 00
  can0  262   [5]  20 00 00 00 89
  can0  0B4   [8]  00 00 00 00 00 00 00 BC
  can0  223   [8]  00 00 00 00 00 00 00 2D
  can0  2D0   [8]  0B C0 09 00 B0 9C 00 FA
  can0  2C4   [8]  05 FF 00 1A 40 80 40 EC
  can0  0B0   [6]  00 00 00 00 11 01
  can0  0B2   [6]  00 00 00 00 11 01
  can0  224   [8]  00 00 00 00 00 00 00 00
  can0  260   [8]  08 FF F3 00 00 00 00 64
  can0  2C6   [8]  00 00 00 00 00 00 00 D0
  can0  0B4   [8]  00 00 00 00 00 00 00 BC
  can0  0BA   [4]  06 00 00 C4
  can0  232   [4]  03 03 08 46
  can0  2D5   [2]  00 00
  can0  0B0   [6]  00 00 00 00 11 02
  can0  0B2   [6]  00 00 00 00 11 02
  can0  262   [5]  20 00 00 00 89
  can0  7DF   [8]  02 01 04 00 00 00 00 00
  can0  7E8   [8]  03 41 04 8B 00 00 00 00
  can0  2C1   [8]  08 03 01 02 FF D8 00 B0
  can0  0B4   [8]  00 00 00 00 00 00 00 BC
  can0  223   [8]  00 00 00 00 00 00 00 2D
  can0  2C4   [8]  05 FF 00 1A 40 80 40 EC
  can0  260   [8]  08 FF F3 00 00 00 00 64
  can0  0B0   [6]  00 00 00 00 11 03
  can0  0B2   [6]  00 00 00 00 11 03
  can0  224   [8]  00 00 00 00 00 00 00 00
  can0  620   [8]  10 00 00 00 30 40 00 50
  can0  2D0   [8]  0B BC 09 00 B0 9C 00 F6
  can0  2D5   [2]  00 00
  can0  0B4   [8]  00 00 00 00 00 00 00 BC
  can0  0BA   [4]  06 00 00 C4
  can0  232   [4]  03 03 08 46
  can0  262   [5]  20 00 00 00 89
  can0  2C5   [4]  00 05 C0 90
  can0  2C6   [8]  00 00 00 00 00 00 00 D0
  can0  0B0   [6]  00 00 00 00 11 04
  can0  0B2   [6]  00 00 00 00 11 04
  can0  4C8   [8]  09 00 01 06 00 00 00 00
  can0  442   [8]  40 02 00 00 02 00 00 00
  can0  0B4   [8]  00 00 00 00 00 00 00 BC
  can0  223   [8]  00 00 00 00 00 00 00 2D
  can0  260   [8]  08 FF F3 00 00 00 00 64
  can0  2C4   [8]  06 07 00 1A 40 80 40 F5
  can0  0B0   [6]  00 00 00 00 11 05
  can0  0B2   [6]  00 00 00 00 11 05
  can0  224   [8]  00 00 00 00 00 00 00 00
  can0  2C1   [8]  08 02 F1 02 F4 D7 00 93
  can0  2D5   [2]  00 00
  can0  262   [5]  20 00 00 00 89
  can0  0B4   [8]  00 00 00 00 00 00 00 BC
  can0  0BA   [4]  06 00 00 C4
  can0  232   [4]  03 03 08 46
  can0  2D0   [8]  0B BF 09 00 B0 9C 00 F9
  can0  0B0   [6]  00 00 00 00 11 06
  can0  0B2   [6]  00 00 00 00 11 06
  can0  260   [8]  08 FF F3 00 00 00 00 64
  can0  0B4   [8]  00 00 00 00 00 00 00 BC
  can0  223   [8]  00 00 00 00 00 00 00 2D
  can0  2C6   [8]  00 00 00 00 00 00 00 D0
  can0  2C4   [8]  05 F7 00 1A 40 80 40 E4
  can0  0B0   [6]  00 00 00 00 11 07
  can0  0B2   [6]  00 00 00 00 11 07
  can0  224   [8]  00 00 00 00 00 00 00 00
  can0  262   [5]  20 00 00 00 89
  can0  2D5   [2]  00 00
  can0  0B4   [8]  00 00 00 00 00 00 00 BC
  can0  0BA   [4]  06 01 00 C5
  can0  232   [4]  03 03 08 46
  can0  2C1   [8]  08 02 F7 02 EF D7 00 94
  can0  2C5   [4]  00 05 C0 90
  can0  260   [8]  08 FF F3 00 00 00 00 64
  can0  0B0   [6]  00 00 00 00 11 08
  can0  0B2   [6]  00 00 00 00 11 08
  can0  0B4   [8]  00 00 00 00 00 00 00 BC
  can0  223   [8]  00 00 00 00 00 00 00 2D
  can0  2D0   [8]  0B B8 09 00 B0 9C 00 F2
  can0  3A0   [8]  00 00 00 00 00 00 00 00
  can0  2C4   [8]  05 F2 00 1A 40 80 40 DF
  can0  610   [8]  20 00 00 64 00 00 00 00
  can0  262   [5]  20 00 00 00 89
  can0  0B0   [6]  00 00 00 00 11 09
  can0  0B2   [6]  00 00 00 00 11 09
  can0  224   [8]  00 00 00 00 00 00 00 00
  can0  2C6   [8]  00 00 00 00 00 00 00 D0
  can0  2D5   [2]  00 00
  can0  0B4   [8]  00 00 00 00 00 00 00 BC
  can0  0BA   [4]  06 01 00 C5
  can0  232   [4]  03 03 08 46
  can0  260   [8]  08 FF F4 00 00 00 00 65
  can0  394   [1]  00
  can0  0B0   [6]  00 00 00 00 11 0A
  can0  0B2   [6]  00 00 00 00 11 0A
  can0  2C1   [8]  08 02 FE 02 E9 D7 00 95
  can0  262   [5]  20 00 00 00 89
  can0  0B4   [8]  00 00 00 00 00 00 00 BC
  can0  223   [8]  00 00 00 00 00 00 00 2D
  can0  2C4   [8]  05 F9 00 1A 40 80 40 E6
  can0  7DF   [8]  02 01 05 00 00 00 00 00
  can0  7E8   [8]  03 41 05 49 00 00 00 00
  can0  0B0   [6]  00 00 00 00 11 0B
  can0  0B2   [6]  00 00 00 00 11 0B
  can0  224   [8]  00 00 00 00 00 00 00 00
  can0  2D0   [8]  0B B0 09 00 B0 9C 00 EA
  can0  260   [8]  08 FF F4 00 00 00 00 65
  can0  2D5   [2]  00 00
  can0  0B4   [8]  00 00 00 00 00 00 00 BC
  can0  0BA   [4]  06 01 00 C5
  can0  232   [4]  03 03 08 46
  can0  2C5   [4]  00 05 C0 90
  can0  2C6   [8]  00 00 00 00 00 00 00 D0
  can0  0B0   [6]  00 00 00 00 11 0C
  can0  0B2   [6]  00 00 00 00 11 0C
  can0  262   [5]  20 00 00 00 89
  can0  0B4   [8]  00 00 00 00 00 00 00 BC
  can0  223   [8]  00 00 00 00 00 00 00 2D
  can0  2C4   [8]  06 04 00 1A 40 80 40 F2
  can0  440   [8]  42 02 00 00 00 00 00 00
  can0  2C1   [8]  08 02 F9 02 F5 D7 00 9C
  can0  260   [8]  08 FF F5 00 00 00 00 66
  can0  0B0   [6]  00 00 00 00 11 0D
  can0  0B2   [6]  00 00 00 00 11 0D
  can0  224   [8]  00 00 00 00 00 00 00 00
  can0  2D5   [2]  00 00
  can0  0B4   [8]  00 00 00 00 00 00 00 BC
  can0  0BA   [4]  06 01 00 C5
  can0  232   [4]  03 03 08 46
  can0  262   [5]  20 00 00 00 89
  can0  2D0   [8]  0B B5 09 00 B0 9C 00 EF
  can0  0B0   [6]  00 00 00 00 11 0E
  can0  0B2   [6]  00 00 00 00 11 0E
  can0  2C4   [8]  06 0A 00 1A 40 80 40 F8
  can0  0B4   [8]  00 00 00 00 00 00 00 BC
  can0  223   [8]  00 00 00 00 00 00 00 2D
  can0  2C6   [8]  00 00 00 00 00 00 00 D0
  can0  260   [8]  08 FF F4 00 00 00 00 65
  can0  0B0   [6]  00 00 00 00 11 0F
  can0  0B2   [6]  00 00 00 00 11 0F
  can0  224   [8]  00 00 00 00 00 00 00 00
  can0  2D5   [2]  00 00
  can0  262   [5]  20 00 00 00 89
  can0  0B4   [8]  00 00 00 00 00 00 00 BC
  can0  0BA   [4]  06 00 00 C4
  can0  232   [4]  03 03 08 46
  can0  2C1   [8]  08 02 FC 02 FB D7 00 A5
  can0  2C5   [4]  00 05 C0 90
  can0  0B0   [6]  00 00 00 00 11 00
  can0  0B2   [6]  00 00 00 00 11 00
  can0  260   [8]  08 FF F5 00 00 00 00 66
  can0  2C4   [8]  06 0A 00 1A 40 80 40 F8
  can0  2D0   [8]  0B BC 09 00 B0 9C 00 F6
  can0  0B4   [8]  00 00 00 00 00 00 00 BC
  can0  223   [8]  00 00 00 00 00 00 00 2D
  can0  3A0   [8]  00 00 00 00 00 00 00 00
  can0  0B0   [6]  00 00 00 00 11 01
  can0  0B2   [6]  00 00 00 00 11 01
  can0  224   [8]  00 00 00 00 00 00 00 00
  can0  262   [5]  20 00 00 00 89
  can0  2C6   [8]  00 00 00 00 00 00 00 D0
  can0  2D5   [2]  00 00
  can0  0B4   [8]  00 00 00 00 00 00 00 BC
  can0  0BA   [4]  06 02 00 C6
  can0  232   [4]  03 03 08 46
  can0  260   [8]  08 FF F3 00 00 00 00 64
  can0  0B0   [6]  00 00 00 00 11 02
  can0  0B2   [6]  00 00 00 00 11 02
  can0  2C1   [8]  08 03 03 03 02 D8 00 B6
  can0  2C4   [8]  06 0A 00 1A 40 80 40 F8
  can0  0B4   [8]  00 00 00 00 00 00 00 BC
  can0  223   [8]  00 00 00 00 00 00 00 2D
  can0  262   [5]  20 00 00 00 89
  can0  0B0   [6]  00 00 00 00 11 03
  can0  0B2   [6]  00 00 00 00 11 03
  can0  224   [8]  00 00 00 00 00 00 00 00
  can0  2D0   [8]  0B C5 09 00 B0 9C 00 FF
  can0  2D5   [2]  00 00
  can0  7DF   [8]  02 01 0F 00 00 00 00 00
  can0  7E8   [8]  03 41 0F 42 00 00 00 00
  can0  0B4   [8]  00 00 00 00 00 00 00 BC
  can0  0BA   [4]  06 02 00 C6
  can0  232   [4]  03 03 08 46
  can0  260   [8]  08 FF F3 00 00 00 00 64
  can0  2C5   [4]  00 05 C0 90
  can0  2C6   [8]  00 00 00 00 00 00 00 D0
  can0  0B0   [6]  00 00 00 00 11 04
  can0  0B2   [6]  00 00 00 00 11 04
  can0  262   [5]  20 00 00 00 89
  can0  2C4   [8]  06 0E 00 1A 40 80 40 FC
  can0  0B4   [8]  00 00 00 00 00 00 00 BC
  can0  223   [8]  00 00 00 00 00 00 00 2D
  can0  2C1   [8]  08 03 09 03 0B D8 00 C5
  can0  0B0   [6]  00 00 00 00 11 05
  can0  0B2   [6]  00 00 00 00 11 05
  can0  224   [8]  00 00 00 00 00 00 00 00
  can0  2D5   [2]  00 00
  can0  442   [8]  40 02 00 00 02 00 00 00
  can0  260   [8]  08 FF F3 00 00 00 00 64
  can0  0B4   [8]  00 00 00 00 00 00 00 BC
  can0  0BA   [4]  06 00 00 C4
  can0  232   [4]  03 03 08 46
  can0  2D0   [8]  0B CD 09 00 B0 9C 00 07
  can0  0B0   [6]  00 00 00 00 11 06
  can0  0B2   [6]  00 00 00 00 11 06
  can0  262   [5]  20 00 00 00 89
  can0  2C4   [8]  06 09 00 1A 40 80 40 F7
  can0  2C6   [8]  00 00 00 00 00 00 00 D0
  can0  0B4   [8]  00 00 00 00 00 00 00 BC
  can0  223   [8]  00 00 00 00 00 00 00 2D
  can0  3B7   [8]  00 00 00 00 00 00 00 00
  can0  260   [8]  08 FF F3 00 00 00 00 64
  can0  2D5   [2]  00 00
  can0  0B0   [6]  00 00 00 00 11 07
  can0  0B2   [6]  00 00 00 00 11 07
  can0  224   [8]  00 00 00 00 00 00 00 00
  can0  2C1   [8]  08 03 05 03 01 D8 00 B7
  can0  0B4   [8]  00 00 00 00 00 00 00 BC
  can0  0BA   [4]  06 01 00 C5
  can0  232   [4]  03 03 08 46
  can0  262   [5]  20 00 00 00 89
  can0  2C5   [4]  00 05 C0 90
  can0  0B0   [6]  00 00 00 00 11 08
  can0  0B2   [6]  00 00 00 00 11 08
  can0  2C4   [8]  06 00 00 1A 40 80 40 EE
  can0  2D0   [8]  0B D2 09 00 B0 9C 00 0C
  can0  260   [8]  08 FF F3 00 00 00 00 64
  can0  0B4   [8]  00 00 00 00 00 00 00 BC
  can0  223   [8]  00 00 00 00 00 00 00 2D
  can0  2D5   [2]  00 00
  can0  2C6   [8]  00 00 00 00 00 00 00 D0
  can0  0B0   [6]  00 00 00 00 11 09
  can0  0B2   [6]  00 00 00 00 11 09
  can0  224   [8]  00 00 00 00 00 00 00 00
  can0  3A0   [8]  00 00 00 00 00 00 00 00
  can0  262   [5]  20 00 00 00 89
  can0  0B4   [8]  00 00 00 00 00 00 00 BC
  can0  0BA   [4]  06 01 00 C5
  can0  232   [4]  03 03 08 46
  can0  0B0   [6]  00 00 00 00 11 0A
  can0  0B2   [6]  00 00 00 00 11 0A
  can0  2C1   [8]  08 03 32 02 FD D9 00 E0
  can0  260   [8]  08 FF F3 00 00 00 00 64
  can0  2C4   [8]  06 03 00 1A 40 80 40 F1
  can0  0B4   [8]  00 00 00 00 00 00 00 BC
  can0  223   [8]  00 00 00 00 00 00 00 2D
  can0  2D5   [2]  00 00
  can0  262   [5]  20 00 00 00 89
  can0  2D0   [8]  0B CD 09 00 B0 9C 00 07
  can0  0B0   [6]  00 00 00 00 11 0B
  can0  0B2   [6]  00 00 00 00 11 0B
  can0  224   [8]  00 00 00 00 00 00 00 00
  can0  3B4   [8]  00 00 44 4C 80 00 00 00
  can0  0B4   [8]  00 00 00 00 00 00 00 BC
  can0  0BA   [4]  06 01 00 C5
  can0  232   [4]  03 03 08 46
  can0  7DF   [8]  02 01 0B 00 00 00 00 00
  can0  2C6   [8]  00 00 00 00 00 00 00 D0
  can0  2C5   [4]  00 05 C0 90
  can0  260   [8]  08 FF F3 00 00 00 00 64
  can0  0B0   [6]  00 00 00 00 11 0C
  can0  0B2   [6]  00 00 00 00 11 0C
  can0  2C4   [8]  06 08 00 1A 40 80 40 F6
  can0  620   [8]  10 00 00 00 30 40 00 50
  can0  0B4   [8]  00 00 00 00 00 00 00 BC
  can0  223   [8]  00 00 00 00 00 00 00 2D
  can0  262   [5]  20 00 00 00 89
  can0  2C1   [8]  08 03 09 03 04 D8 00 BE
  can0  2D5   [2]  00 00
  can0  0B0   [6]  00 00 00 00 11 0D
  can0  0B2   [6]  00 00 00 00 11 0D
  can0  224   [8]  00 00 00 00 00 00 00 00
  can0  4C1   [8]  01 00 09 08 00 00 00 00
  can0  440   [8]  42 02 00 00 00 00 00 00
  can0  260   [8]  08 FF F3 00 00 00 00 64
  can0  0B4   [8]  00 00 00 00 00 00 00 BC
  can0  0BA   [4]  06 01 00 C5
  can0  232   [4]  03 03 08 46
  can0  2D0   [8]  0B CD 09 00 B0 9C 00 07
  can0  0B0   [6]  00 00 00 00 11 0E
  can0  0B2   [6]  00 00 00 00 11 0E
  can0  2C4   [8]  06 0E 00 1A 40 80 40 FC
  can0  262   [5]  20 00 00 00 89
  can0  2C6   [8]  00 00 00 00 00 00 00 D0
  can0  0B4   [8]  00 00 00 00 00 00 00 BC
  can0  223   [8]  00 00 00 00 00 00 00 2D
  can0  2D5   [2]  00 00
  can0  0B0   [6]  00 00 00 00 11 0F
  can0  0B2   [6]  00 00 00 00 11 0F
  can0  224   [8]  00 00 00 00 00 00 00 00
  can0  260   [8]  08 FF F3 00 00 00 00 64
  can0  2C1   [8]  08 02 FD 02 FF D7 00 AA
  can0  0B4   [8]  00 00 00 00 00 00 00 BC
  can0  0BA   [4]  06 00 00 C4
  can0  232   [4]  03 03 08 46
  can0  2C5   [4]  00 05 C0 90
  can0  262   [5]  20 00 00 00 89
  can0  0B0   [6]  00 00 00 00 11 00
  can0  0B2   [6]  00 00 00 00 11 00
  can0  2C4   [8]  06 0F 00 1A 40 80 40 FD
  can0  2D0   [8]  0B D2 09 00 B0 9C 00 0C
  can0  0B4   [8]  00 00 00 00 00 00 00 BC
  can0  223   [8]  00 00 00 00 00 00 00 2D
  can0  2D5   [2]  00 00
  can0  260   [8]  08 FF F3 00 00 00 00 64
  can0  2C6   [8]  00 00 00 00 00 00 00 D0
  can0  0B0   [6]  00 00 00 00 11 01
  can0  0B2   [6]  00 00 00 00 11 01
  can0  224   [8]  00 00 00 00 00 00 00 00
  can0  3A0   [8]  00 00 00 00 00 00 00 00
  can0  0B4   [8]  00 00 00 00 00 00 00 BC
  can0  0BA   [4]  06 01 00 C5
  can0  232   [4]  03 03 08 46
  can0  262   [5]  20 00 00 00 89
  can0  2C1   [8]  08 03 03 03 01 D8 00 B5
  can0  2C4   [8]  05 FF 00 1A 40 80 40 EC
  can0  0B0   [6]  00 00 00 00 11 02
  can0  0B2   [6]  00 00 00 00 11 02
  can0  260   [8]  08 FF F3 00 00 00 00 64
  can0  0B4   [8]  00 00 00 00 00 00 00 BC
  can0  223   [8]  00 00 00 00 00 00 00 2D
  can0  2D5   [2]  00 00
  can0  394   [1]  00
  can0  2D0   [8]  0B D2 09 00 B0 9C 00 0C
  can0  0B0   [6]  00 00 00 00 11 03
  can0  0B2   [6]  00 00 00 00 11 03
  can0  224   [8]  00 00 00 00 00 00 00 00
  can0  262   [5]  20 00 00 00 89
  can0  0B4   [8]  00 00 00 00 00 00 00 BC
  can0  0BA   [4]  06 01 00 C5
  can0  232   [4]  03 03 08 46
  can0  2C6   [8]  00 00 00 00 00 00 00 D0
  can0  2C5   [4]  00 05 C0 90
  can0  4DC   [8]  1D 00 01 07 00 00 00 00
  can0  2C4   [8]  06 04 00 1A 40 80 40 F2
  can0  0B0   [6]  00 00 00 00 11 04
  can0  0B2   [6]  00 00 00 00 11 04
  can0  260   [8]  08 FF F3 00 00 00 00 64
  can0  0B4   [8]  00 00 00 00 00 00 00 BC
  can0  223   [8]  00 00 00 00 00 00 00 2D
  can0  2C1   [8]  08 03 32 02 F9 D9 00 DC
  can0  2D5   [2]  00 00
  can0  398   [2]  02 05
  can0  262   [5]  20 00 00 00 89
  can0  0B0   [6]  00 00 00 00 11 05
  can0  0B2   [6]  00 00 00 00 11 05
  can0  224   [8]  00 00 00 00 00 00 00 00
  can0  2D0   [8]  0B CC 09 00 B0 9C 00 06
  can0  0B4   [8]  00 00 00 00 00 00 00 BC
  can0  0BA   [4]  06 00 00 C4
  can0  232   [4]  03 03 08 46
  can0  442   [8]  40 02 00 00 02 00 00 00
  can0  260   [8]  08 FF F4 00 00 00 00 65
  can0  2C4   [8]  06 0B 00 1A 40 80 40 F9
  can0  0B0   [6]  00 00 00 00 11 06
  can0  0B2   [6]  00 00 00 00 11 06
  can0  2C6   [8]  00 00 00 00 00 00 00 D0
  can0  262   [5]  20 00 00 00 89
  can0  0B4   [8]  00 00 00 00 00 00 00 BC
  can0  223   [8]  00 00 00 00 00 00 00 2D
  can0  2D5   [2]  00 00
  can0  0B0   [6]  00 00 00 00 11 07
  can0  0B2   [6]  00 00 00 00 11 07
  can0  224   [8]  00 00 00 00 00 00 00 00
  can0  2C1   [8]  08 02 FF 03 03 D7 00 B1
  can0  3B0   [5]  00 00 00 48 00
  can0  260   [8]  08 FF F5 00 00 00 00 66
  can0  0B4   [8]  00 00 00 00 00 00 00 BC
  can0  0BA   [4]  06 01 00 C5
  can0  232   [4]  03 03 08 46
  can0  2C5   [4]  00 05 C0 90
  can0  2C4   [8]  06 05 00 1A 40 80 40 F3
  can0  0B0   [6]  00 00 00 00 11 08
  can0  0B2   [6]  00 00 00 00 11 08
  can0  2D0   [8]  0B CB 09 00 B0 9C 00 05
  can0  262   [5]  20 00 00 00 89
  can0  2D5   [2]  00 00
  can0  0B4   [8]  00 00 00 00 00 00 00 BC
  can0  223   [8]  00 00 00 00 00 00 00 2D
  can0  2C6   [8]  00 00 00 00 00 00 00 D0
  can0  3B3   [3]  06 03 28
  can0  260   [8]  08 FF F5 00 00 00 00 66
  can0  0B0   [6]  00 00 00 00 11 09
  can0  0B2   [6]  00 00 00 00 11 09
  can0  224   [8]  00 00 00 00 00 00 00 00
  can0  0B4   [8]  00 00 00 00 00 00 00 BC
  can0  0BA   [4]  05 FF 00 C2
  can0  232   [4]  03 03 08 46
  can0  3A0   [8]  00 00 00 00 00 00 00 00
  can0  2C1   [8]  08 03 11 03 0A D8 00 CC
  can0  2C4   [8]  05 FD 00 1A 40 80 40 EA
  can0  262   [5]  20 00 00 00 89
  can0  0B0   [6]  00 00 00 00 11 0A
  can0  0B2   [6]  00 00 00 00 11 0A
  can0  2D5   [2]  00 00
  can0  0B4   [8]  00 00 00 00 00 00 00 BC
  can0  223   [8]  00 00 00 00 00 00 00 2D
  can0  260   [8]  08 FF F5 00 00 00 00 66
  can0  2D0   [8]  0B C7 09 00 B0 9C 00 01
  can0  0B0   [6]  00 00 00 00 11 0B
  can0  0B2   [6]  00 00 00 00 11 0B
  can0  224   [8]  00 00 00 00 00 00 00 00
  can0  2C6   [8]  00 00 00 00 00 00 00 D0
  can0  262   [5]  20 00 00 00 89
  can0  0B4   [8]  00 00 00 00 00 00 00 BC
  can0  0BA   [4]  05 FF 00 C2
  can0  232   [4]  03 03 08 46
  can0  2C5   [4]  00 05 C0 90
  can0  2C4   [8]  06 02 00 1A 40 80 40 F0
  can0  0B0   [6]  00 00 00 00 11 0C
  can0  0B2   [6]  00 00 00 00 11 0C
  can0  380   [8]  00 20 00 00 00 00 27 00
  can0  260   [8]  08 FF F4 00 00 00 00 65
  can0  2C1   [8]  08 03 08 02 FE D8 00 B6
  can0  2D5   [2]  00 00
  can0  0B4   [8]  00 00 00 00 00 00 00 BC
  can0  223   [8]  00 00 00 00 00 00 00 2D
  can0  0B0   [6]  00 00 00 00 11 0D
  can0  0B2   [6]  00 00 00 00 11 0D
  can0  224   [8]  00 00 00 00 00 00 00 00
  can0  262   [5]  20 00 00 00 89
  can0  2D0   [8]  0B C1 09 00 B0 9C 00 FB
  can0  0B4   [8]  00 00 00 00 00 00 00 BC
  can0  0BA   [4]  06 00 00 C4
  can0  232   [4]  03 03 08 46
  can0  440   [8]  42 02 00 00 00 00 00 00
  can0  2C4   [8]  06 0A 00 1A 40 80 40 F8
  can0  260   [8]  08 FF F4 00 00 00 00 65
  can0  0B0   [6]  00 00 00 00 11 0E
  can0  0B2   [6]  00 00 00 00 11 0E
  can0  2C6   [8]  00 00 00 00 00 00 00 D0
  can0  2D5   [2]  00 00
  can0  0B4   [8]  00 00 00 00 00 00 00 BC
  can0  223   [8]  00 00 00 00 00 00 00 2D
  can0  3A1   [8]  00 00 00 00 00 00 00 00
  can0  262   [5]  20 00 00 00 89
  can0  0B0   [6]  00 00 00 00 11 0F
  can0  0B2   [6]  00 00 00 00 11 0F
  can0  224   [8]  00 00 00 00 00 00 00 00
  can0  2C1   [8]  08 02 F7 03 00 D7 00 A6
  can0  0B4   [8]  00 00 00 00 00 00 00 BC
  can0  0BA   [4]  05 FF 00 C2
  can0  232   [4]  03 03 08 46
  can0  3B7   [8]  00 00 00 00 00 00 00 00
  can0  260   [8]  08 FF F4 00 00 00 00 65
  can0  2C4   [8]  06 08 00 1A 40 80 40 F6
  can0  2C5   [4]  00 05 C0 90
  can0  2D0   [8]  0B C5 09 00 B0 9C 00 FF
  can0  0B0   [6]  00 00 00 00 11 00
  can0  0B2   [6]  00 00 00 00 11 00
  can0  2D5   [2]  00 00
  can0  262   [5]  20 00 00 00 89
  can0  0B4   [8]  00 00 00 00 00 00 00 BC
  can0  223   [8]  00 00 00 00 00 00 00 2D
  can0  2C6   [8]  00 00 00 00 00 00 00 D0
  can0  0B0   [6]  00 00 00 00 11 01
  can0  0B2   [6]  00 00 00 00 11 01
  can0  224   [8]  00 00 00 00 00 00 00 00
  can0  260   [8]  08 FF F3 00 00 00 00 64
  can0  0B4   [8]  00 00 00 00 00 00 00 BC
  can0  0BA   [4]  05 FD 00 C0
  can0  232   [4]  03 03 08 46
  can0  2C4   [8]  06 03 00 1A 40 80 40 F1
  can0  2C1   [8]  08 02 FB 03 02 D7 00 AC
  can0  0B0   [6]  00 00 00 00 11 02
  can0  3A0   [8]  00 00 00 00 00 00 00 00
  can0  0B2   [6]  00 00 00 00 11 02
  can0  262   [5]  20 00 00 00 89
  can0  610   [8]  20 00 00 64 00 00 00 00
  can0  2D5   [2]  00 00
  can0  0B4   [8]  00 00 00 00 00 00 00 BC
  can0  223   [8]  00 00 00 00 00 00 00 2D
  can0  2D0   [8]  0B C7 09 00 B0 9C 00 01
  can0  611   [8]  21 00 00 10 00 03 C1 4F
  can0  260   [8]  08 FF F3 00 00 00 00 64
  can0  0B0   [6]  00 00 00 00 11 03
  can0  0B2   [6]  00 00 00 00 11 03
  can0  224   [8]  00 00 00 00 00 00 00 00
  can0  2C6   [8]  00 00 00 00 00 00 00 D0
  can0  0B4   [8]  00 00 00 00 00 00 00 BC
  can0  0BA   [4]  05 FF 00 C2
  can0  232   [4]  03 03 08 46
  can0  2C4   [8]  06 09 00 1A 40 80 40 F7
  can0  2C5   [4]  00 05 C0 90
  can0  262   [5]  20 00 00 00 89
  can0  0B0   [6]  00 00 00 00 11 04
  can0  0B2   [6]  00 00 00 00 11 04
  can0  2D5   [2]  00 00
  can0  2C1   [8]  08 02 FA 02 FA D7 00 A2
  can0  0B4   [8]  00 00 00 00 00 00 00 BC
  can0  223   [8]  00 00 00 00 00 00 00 2D
  can0  260   [8]  08 FF F3 00 00 00 00 64
  can0  0B0   [6]  00 00 00 00 11 05
  can0  0B2   [6]  00 00 00 00 11 05
  can0  224   [8]  00 00 00 00 00 00 00 00
  can0  620   [8]  10 00 00 00 30 40 00 50
  can0  2D0   [8]  0B CA 09 00 B0 9C 00 04
  can0  442   [8]  40 02 00 00 02 00 00 00
  can0  262   [5]  20 00 00 00 89
  can0  2C4   [8]  06 0D 00 1A 40 80 40 FB
  can0  0B4   [8]  00 00 00 00 00 00 00 BC
  can0  0BA   [4]  05 FF 00 C2
  can0  232   [4]  03 03 08 46
  can0  2C6   [8]  00 00 00 00 00 00 00 D0
  can0  0B0   [6]  00 00 00 00 11 06
  can0  0B2   [6]  00 00 00 00 11 06
  can0  2D5   [2]  00 00
  can0  260   [8]  08 FF F3 00 00 00 00 64
  can0  0B4   [8]  00 00 00 00 00 00 00 BC
  can0  223   [8]  00 00 00 00 00 00 00 2D
  can0  2C1   [8]  08 02 E6 02 F5 D7 00 89
  can0  0B0   [6]  00 00 00 00 11 07
  can0  0B2   [6]  00 00 00 00 11 07
  can0  224   [8]  00 00 00 00 00 00 00 00
  can0  262   [5]  20 00 00 00 89
  can0  2C4   [8]  06 0E 00 1A 40 80 40 FC
  can0  0B4   [8]  00 00 00 00 00 00 00 BC
  can0  0BA   [4]  05 FE 00 C1
  can0  232   [4]  03 03 08 46
  can0  2C5   [4]  00 05 C0 90
  can0  2D0   [8]  0B D1 09 00 B0 9C 00 0B
  can0  260   [8]  08 FF F3 00 00 00 00 64
  can0  0B0   [6]  00 00 00 00 11 08
  can0  0B2   [6]  00 00 00 00 11 08
  can0  2D5   [2]  00 00
  can0  0B4   [8]  00 00 00 00 00 00 00 BC
  can0  223   [8]  00 00 00 00 00 00 00 2D
  can0  2C6   [8]  00 00 00 00 00 00 00 D0
  can0  4C3   [8]  04 00 12 07 00 00 00 00
  can0  7DF   [8]  02 01 10 00 00 00 00 00
  can0  262   [5]  20 00 00 00 89
  can0  7E8   [8]  04 41 10 01 E7 00 00 00
  can0  0B0   [6]  00 00 00 00 11 09
  can0  0B2   [6]  00 00 00 00 11 09
  can0  224   [8]  00 00 00 00 00 00 00 00
  can0  2C4   [8]  06 06 00 1A 40 80 40 F4
  can0  0B4   [8]  00 00 00 00 00 00 00 BC
  can0  0BA   [4]  05 FE 00 C1
  can0  232   [4]  03 03 08 46
  can0  260   [8]  08 FF F3 00 00 00 00 64
  can0  2C1   [8]  08 02 F1 02 F4 D7 00 93
  can0  0B0   [6]  00 00 00 00 11 0A
  can0  0B2   [6]  00 00 00 00 11 0A
  can0  2D5   [2]  00 00
  can0  3A0   [8]  00 00 00 00 00 00 00 00
  can0  262   [5]  20 00 00 00 89
  can0  621   [8]  11 00 00 00 00 00 00 00
  can0  2D0   [8]  0B D3 09 00 B0 9C 00 0D
  can0  0B4   [8]  00 00 00 00 00 00 00 BC
  can0  223   [8]  00 00 00 00 00 00 00 2D
  can0  0B0   [6]  00 00 00 00 11 0B
  can0  0B2   [6]  00 00 00 00 11 0B
  can0  224   [8]  00 00 00 00 00 00 00 00
  can0  2C6   [8]  00 00 00 00 00 00 00 D0
  can0  260   [8]  08 FF F3 00 00 00 00 64
  can0  2C4   [8]  06 05 00 1A 40 80 40 F3
  can0  0B4   [8]  00 00 00 00 00 00 00 BC
  can0  0BA   [4]  05 FF 00 C2
  can0  232   [4]  03 03 08 46
  can0  2C5   [4]  00 05 C0 90
  can0  394   [1]  00
  can0  622   [8]  12 00 00 00 00 00 00 00
  can0  2D5   [2]  00 00
  can0  0B0   [6]  00 00 00 00 11 0C
  can0  0B2   [6]  00 00 00 00 11 0C
  can0  262   [5]  20 00 00 00 89
  can0  2C1   [8]  08 03 15 03 00 D8 00 C6
  can0  624   [8]  1A 00 00 49 49 00 00 00
  can0  0B4   [8]  00 00 00 00 00 00 00 BC
  can0  223   [8]  00 00 00 00 00 00 00 2D
  can0  260   [8]  08 FF F3 00 00 00 00 64
  can0  0B0   [6]  00 00 00 00 11 0D
  can0  0B2   [6]  00 00 00 00 11 0D
  can0  224   [8]  00 00 00 00 00 00 00 00
  can0  2D0   [8]  0B CE 09 00 B0 9C 00 08
  can0  630   [8]  17 00 00 00 00 00 00 00
  can0  2C4   [8]  06 07 00 1A 40 80 40 F5
  can0  440   [8]  42 02 00 00 00 00 00 00
  can0  0B4   [8]  00 00 00 00 00 00 00 BC
  can0  0BA   [4]  05 FF 00 C2
  can0  232   [4]  03 03 08 46
  can0  640   [8]  A8 00 00 00 01 89 00 00
  can0  262   [5]  20 00 00 00 89
  can0  2C6   [8]  00 00 00 00 00 00 00 D0
  can0  2D5   [2]  00 00
  can0  0B0   [6]  00 00 00 00 11 0E
  can0  0B2   [6]  00 00 00 00 11 0E
  can0  638   [8]  13 00 10 00 00 00 00 00
  can0  260   [8]  08 FF F3 00 00 00 00 64
  can0  0B4   [8]  00 00 00 00 00 00 00 BC
  can0  223   [8]  00 00 00 00 00 00 00 2D
  can0  2C1   [8]  08 02 FF 03 09 D7 00 B7
  can0  0B0   [6]  00 00 00 00 11 0F
  can0  0B2   [6]  00 00 00 00 11 0F
  can0  224   [8]  00 00 00 00 00 00 00 00
  can0  2C4   [8]  06 0C 00 1A 40 80 40 FA
  can0  262   [5]  20 00 00 00 89
  can0  0B4   [8]  00 00 00 00 00 00 00 BC
  can0  0BA   [4]  05 FE 00 C1
  can0  232   [4]  03 03 08 46
  can0  2C5   [4]  00 05 C0 90
  can0  2D0   [8]  0B CF 09 00 B0 9C 00 09
  can0  2D5   [2]  00 00
  can0  0B0   [6]  00 00 00 00 11 00
  can0  0B2   [6]  00 00 00 00 11 00
  can0  260   [8]  08 FF F3 00 00 00 00 64
  can0  2C6   [8]  00 00 00 00 00 00 00 D0
  can0  0B4   [8]  00 00 00 00 00 00 00 BC
  can0  223   [8]  00 00 00 00 00 00 00 2D
  can0  262   [5]  20 00 00 00 89
  can0  0B0   [6]  00 00 00 00 11 01
  can0  0B2   [6]  00 00 00 00 11 01
  can0  224   [8]  00 00 00 00 00 00 00 00
  can0  2C4   [8]  06 0D 00 1A 40 80 40 FB
  can0  7DF   [8]  02 01 11 00 00 00 00 00
  can0  7E8   [8]  03 41 11 34 00 00 00 00
  can0  2C1   [8]  08 03 04 03 10 D8 00 C5
  can0  0B4   [8]  00 00 00 00 00 00 00 BC
  can0  0BA   [4]  05 FF 00 C2
  can0  232   [4]  03 03 08 46
  can0  260   [8]  08 FF F3 00 00 00 00 64
  can0  2D5   [2]  00 00
  can0  0B0   [6]  00 00 00 00 11 02
  can0  0B2   [6]  00 00 00 00 11 02
  can0  2D0   [8]  0B D1 09 00 B0 9C 00 0B
  can0  0B4   [8]  00 00 00 00 00 00 00 BC
  can0  223   [8]  00 00 00 00 00 00 00 2D
  can0  3A0   [8]  00 00 00 00 00 00 00 00
  can0  262   [5]  20 00 00 00 89
  can0  0B0   [6]  00 00 00 00 11 03
  can0  0B2   [6]  00 00 00 00 11 03
  can0  224   [8]  00 00 00 00 00 00 00 00
  can0  2C6   [8]  00 00 00 00 00 00 00 D0
  can0  2C4   [8]  06 0D 00 1A 40 80 40 FB
  can0  260   [8]  08 FF F4 00 00 00 00 65
  can0  0B4   [8]  00 00 00 00 00 00 00 BC
  can0  0BA   [4]  05 FF 00 C2
  can0  232   [4]  03 03 08 46
  can0  2C5   [4]  00 05 C0 90
  can0  2D5   [2]  00 00
  can0  0B0   [6]  00 00 00 00 11 04
  can0  0B2   [6]  00 00 00 00 11 04
  can0  2C1   [8]  08 03 1C 03 1A D8 00 E7
  can0  4DD   [8]  1E 00 00 05 00 00 00 00
  can0  262   [5]  20 00 00 00 89
  can0  0B4   [8]  00 00 00 00 00 00 00 BC
  can0  223   [8]  00 00 00 00 00 00 00 2D
  can0  2D0   [8]  0B D4 09 00 B0 9C 00 0E
  can0  0B0   [6]  00 00 00 00 11 05
  can0  0B2   [6]  00 00 00 00 11 05
  can0  224   [8]  00 00 00 00 00 00 00 00
  can0  442   [8]  40 02 00 00 02 00 00 00
  can0  2C4   [8]  06 0D 00 1A 40 80 40 FB
  can0  260   [8]  08 FF F4 00 00 00 00 65
  can0  0B4   [8]  00 00 00 00 00 00 00 BC
  can0  0BA   [4]  06 00 00 C4
  can0  232   [4]  03 03 08 46
  can0  2C6   [8]  00 00 00 00 00 00 00 D0
  can0  2D5   [2]  00 00
  can0  262   [5]  20 00 00 00 89
  can0  0B0   [6]  00 00 00 00 11 06
  can0  0B2   [6]  00 00 00 00 11 06
  can0  0B4   [8]  00 00 00 00 00 00 00 BC
  can0  223   [8]  00 00 00 00 00 00 00 2D
  can0  2C1   [8]  08 03 07 03 14 D8 00 CC
  can0  260   [8]  08 FF F5 00 00 00 00 66
  can0  0B0   [6]  00 00 00 00 11 07
  can0  0B2   [6]  00 00 00 00 11 07
  can0  224   [8]  00 00 00 00 00 00 00 00
  can0  2C4   [8]  06 0F 00 1A 40 80 40 FD
  can0  0B4   [8]  00 00 00 00 00 00 00 BC
  can0  0BA   [4]  06 00 00 C4
  can0  232   [4]  03 03 08 46
  can0  2C5   [4]  00 05 C0 90
  can0  262   [5]  20 00 00 00 89
  can0  2D0   [8]  0B D9 09 00 B0 9C 00 13
  can0  2D5   [2]  00 00
  can0  0B0   [6]  00 00 00 00 11 08
  can0  0B2   [6]  00 00 00 00 11 08
  can0  2C6   [8]  00 00 00 00 00 00 00 D0
  can0  260   [8]  08 FF F5 00 00 00 00 66
  can0  0B4   [8]  00 00 00 00 00 00 00 BC
  can0  223   [8]  00 00 00 00 00 00 00 2D
  can0  3B7   [8]  00 00 00 00 00 00 00 00
  can0  2C4   [8]  06 0D 00 1A 40 80 40 FB
  can0  0B0   [6]  00 00 00 00 11 09
  can0  0B2   [6]  00 00 00 00 11 09
  can0  224   [8]  00 00 00 00 00 00 00 00
  can0  262   [5]  20 00 00 00 89
  can0  2C1   [8]  08 03 10 03 19 D8 00 DA
  can0  0B4   [8]  00 00 00 00 00 00 00 BC
  can0  0BA   [4]  06 00 00 C4
  can0  232   [4]  03 03 08 46
  can0  2D5   [2]  00 00
  can0  7DF   [8]  02 01 0E 00 00 00 00 00
  can0  7E8   [8]  03 41 0E 8F 00 00 00 00
  can0  0B0   [6]  00 00 00 00 11 0A
  can0  0B2   [6]  00 00 00 00 11 0A
  can0  260   [8]  08 FF F5 00 00 00 00 66
  can0  2D0   [8]  0B D9 09 00 B0 9C 00 13
  can0  0B4   [8]  00 00 00 00 00 00 00 BC
  can0  223   [8]  00 00 00 00 00 00 00 2D
  can0  3A0   [8]  00 00 00 00 00 00 00 00
  can0  262   [5]  20 00 00 00 89
  can0  2C4   [8]  06 02 00 1A 40 80 40 F0
  can0  2C6   [8]  00 00 00 00 00 00 00 D0
  can0  0B0   [6]  00 00 00 00 11 0B
  can0  0B2   [6]  00 00 00 00 11 0B
  can0  224   [8]  00 00 00 00 00 00 00 00
  can0  2C5   [4]  00 05 C0 90
  can0  0B4   [8]  00 00 00 00 00 00 00 BC
  can0  0BA   [4]  06 00 00 C4
  can0  232   [4]  03 03 08 46
  can0  2D5   [2]  00 00
  can0  260   [8]  08 FF F4 00 00 00 00 65
  can0  2C1   [8]  08 03 0E 03 15 D8 00 D4
  can0  0B0   [6]  00 00 00 00 11 0C
  can0  0B2   [6]  00 00 00 00 11 0C
  can0  0B4   [8]  00 00 00 00 00 00 00 BC
  can0  223   [8]  00 00 00 00 00 00 00 2D
  can0  262   [5]  20 00 00 00 89
  can0  2C4   [8]  06 0A 00 1A 40 80 40 F8
  can0  2D0   [8]  0B D5 09 00 B0 9C 00 0F
  can0  0B0   [6]  00 00 00 00 11 0D
  can0  0B2   [6]  00 00 00 00 11 0D
  can0  224   [8]  00 00 00 00 00 00 00 00
  can0  440   [8]  42 02 00 00 00 00 00 00
  can0  260   [8]  08 FF F3 00 00 00 00 64
  can0  0B4   [8]  00 00 00 00 00 00 00 BC
  can0  0BA   [4]  06 01 00 C5
  can0  232   [4]  03 03 08 46
  can0  2C6   [8]  00 00 00 00 00 00 00 D0
  can0  2D5   [2]  00 00
  can0  620   [8]  10 00 00 00 30 40 00 50
  can0  0B0   [6]  00 00 00 00 11 0E
  can0  0B2   [6]  00 00 00 00 11 0E
  can0  262   [5]  20 00 00 00 89
  can0  0B4   [8]  00 00 00 00 00 00 00 BC
  can0  223   [8]  00 00 00 00 00 00 00 2D
  can0  2C1   [8]  08 03 2A 03 10 D9 00 EC
  can0  2C4   [8]  06 16 00 1A 40 80 40 04
  can0  0B0   [6]  00 00 00 00 11 0F
  can0  0B2   [6]  00 00 00 00 11 0F
  can0  224   [8]  00 00 00 00 00 00 00 00
  can0  260   [8]  08 FF F3 00 00 00 00 64
  can0  3B1   [8]  00 00 02 2A A0 00 00 00
  can0  2C5   [4]  00 05 C0 90
  can0  2D0   [8]  0B D4 09 00 B0 9C 00 0E
  can0  0B4   [8]  00 00 00 00 00 00 00 BC
  can0  0BA   [4]  06 01 00 C5
  can0  232   [4]  03 03 08 46
  can0  2D5   [2]  00 00
  can0  262   [5]  20 00 00 00 89
  can0  0B0   [6]  00 00 00 00 11 00
  can0  0B2   [6]  00 00 00 00 11 00
  can0  2C6   [8]  00 00 00 00 00 00 00 D0
  can0  0B4   [8]  00 00 00 00 00 00 00 BC
  can0  223   [8]  00 00 00 00 00 00 00 2D
  can0  260   [8]  08 FF F3 00 00 00 00 64
  can0  2C4   [8]  06 0B 00 1A 40 80 40 F9
  can0  0B0   [6]  00 00 00 00 11 01
  can0  0B2   [6]  00 00 00 00 11 01
  can0  224   [8]  00 00 00 00 00 00 00 00
  can0  2C1   [8]  08 02 FE 03 0F D7 00 BC
  can0  2D5   [2]  00 00
  can0  262   [5]  20 00 00 00 89
  can0  0B4   [8]  00 00 00 00 00 00 00 BC
  can0  0BA   [4]  06 01 00 C5
  can0  232   [4]  03 03 08 46
  can0  0B0   [6]  00 00 00 00 11 02
  can0  0B2   [6]  00 00 00 00 11 02
  can0  2D0   [8]  0B D8 09 00 B0 9C 00 12
  can0  7DF   [8]  02 01 06 00 00 00 00 00
  can0  7E8   [8]  03 41 06 79 00 00 00 00
  can0  260   [8]  08 FF F3 00 00 00 00 64
  can0  0B4   [8]  00 00 00 00 00 00 00 BC
  can0  223   [8]  00 00 00 00 00 00 00 2D
  can0  2C4   [8]  06 07 00 1A 40 80 40 F5
  can0  2C6   [8]  00 00 00 00 00 00 00 D0
  can0  0B0   [6]  00 00 00 00 11 03
  can0  0B2   [6]  00 00 00 00 11 03
  can0  224   [8]  00 00 00 00 00 00 00 00
  can0  3A0   [8]  00 00 00 00 00 00 00 00
  can0  262   [5]  20 00 00 00 89
  can0  3B3   [3]  06 07 28
  can0  2D5   [2]  00 00
  can0  2C5   [4]  00 05 C0 90
  can0  0B4   [8]  00 00 00 00 00 00 00 BC
  can0  0BA   [4]  06 00 00 C4
  can0  232   [4]  03 03 08 46
  can0  2C1   [8]  08 03 1F 03 05 D8 00 D5
  can0  260   [8]  08 FF F3 00 00 00 00 64
  can0  0B0   [6]  00 00 00 00 11 04
  can0  0B2   [6]  00 00 00 00 11 04
  can0  394   [1]  00
  can0  0B4   [8]  00 00 00 00 00 00 00 BC
  can0  223   [8]  00 00 00 00 00 00 00 2D
  can0  2C4   [8]  06 0C 00 1A 40 80 40 FA
  can0  2D0   [8]  0B D5 09 00 B0 9C 00 0F
  can0  442   [8]  40 02 00 00 02 00 00 00
  can0  262   [5]  20 00 00 00 89
  can0  0B0   [6]  00 00 00 00 11 05
  can0  0B2   [6]  00 00 00 00 11 05
  can0  224   [8]  00 00 00 00 00 00 00 00
  can0  38A   [5]  08 04 00 00 00
  can0  4C8   [8]  09 00 01 06 00 00 00 00
  can0  2D5   [2]  00 00
  can0  2C6   [8]  00 00 00 00 00 00 00 D0
  can0  0B4   [8]  00 00 00 00 00 00 00 BC
  can0  0BA   [4]  06 01 00 C5
  can0  232   [4]  03 03 08 46
  can0  260   [8]  08 FF F3 00 00 00 00 64
  can0  0B0   [6]  00 00 00 00 11 06
  can0  0B2   [6]  00 00 00 00 11 06
  can0  2C1   [8]  08 03 00 03 03 D8 00 B4
  can0  262   [5]  20 00 00 00 89
  can0  0B4   [8]  00 00 00 00 00 00 00 BC
  can0  223   [8]  00 00 00 00 00 00 00 2D
  can0  2C4   [8]  06 12 00 1A 40 80 40 00
  can0  0B0   [6]  00 00 00 00 11 07
  can0  0B2   [6]  00 00 00 00 11 07
  can0  224   [8]  00 00 00 00 00 00 00 00
  can0  260   [8]  08 FF F3 00 00 00 00 64
  can0  2D5   [2]  00 00
  can0  2D0   [8]  0B D9 09 00 B0 9C 00 13
  can0  2C5   [4]  00 05 C0 90
  can0  0B4   [8]  00 00 00 00 00 00 00 BC
  can0  0BA   [4]  06 01 00 C5
  can0  232   [4]  03 03 08 46
  can0  0B0   [6]  00 00 00 00 11 08
  can0  0B2   [6]  00 00 00 00 11 08
  can0  2C6   [8]  00 00 00 00 00 00 00 D0
  can0  262   [5]  20 00 00 00 89
  can0  0B4   [8]  00 00 00 00 00 00 00 BC
  can0  223   [8]  00 00 00 00 00 00 00 2D
  can0  2C4   [8]  06 11 00 1A 40 80 40 FF
  can0  260   [8]  08 FF F3 00 00 00 00 64
  can0  0B0   [6]  00 00 00 00 11 09
  can0  0B2   [6]  00 00 00 00 11 09
  can0  224   [8]  00 00 00 00 00 00 00 00
  can0  2C1   [8]  08 03 01 03 0F D8 00 C1
  can0  2D5   [2]  00 00
  can0  0B4   [8]  00 00 00 00 00 00 00 BC
  can0  0BA   [4]  06 00 00 C4
  can0  232   [4]  03 03 08 46
  can0  262   [5]  20 00 00 00 89
  can0  2D0   [8]  0B DB 09 00 B0 9C 00 15
  can0  0B0   [6]  00 00 00 00 11 0A
  can0  0B2   [6]  00 00 00 00 11 0A
  can0  2C4   [8]  06 09 00 1A 40 80 40 F7
  can0  0B4   [8]  00 00 00 00 00 00 00 BC
  can0  223   [8]  00 00 00 00 00 00 00 2D
  can0  260   [8]  08 FF F3 00 00 00 00 64
  can0  7DF   [8]  02 01 07 00 00 00 00 00
  can0  2C6   [8]  00 00 00 00 00 00 00 D0
  can0  7E8   [8]  03 41 07 88 00 00 00 00
  can0  0B0   [6]  00 00 00 00 11 0B
  can0  0B2   [6]  00 00 00 00 11 0B
  can0  224   [8]  00 00 00 00 00 00 00 00
  can0  2D5   [2]  00 00
  can0  3A0   [8]  00 00 00 00 00 00 00 00
  can0  262   [5]  20 00 00 00 89
  can0  610   [8]  20 00 00 64 00 00 00 00
  can0  2C5   [4]  00 05 C0 90
  can0  0B4   [8]  00 00 00 00 00 00 00 BC
  can0  0BA   [4]  06 01 00 C5
  can0  232   [4]  03 03 08 46
  can0  2C1   [8]  08 03 23 03 01 D9 00 D6
  can0  0B0   [6]  00 00 00 00 11 0C
  can0  0B2   [6]  00 00 00 00 11 0C
  can0  260   [8]  08 FF F3 00 00 00 00 64
  can0  2C4   [8]  06 0D 00 1A 40 80 40 FB
  can0  0B4   [8]  00 00 00 00 00 00 00 BC
  can0  223   [8]  00 00 00 00 00 00 00 2D
  can0  2D0   [8]  0B D8 09 00 B0 9C 00 12
  can0  440   [8]  42 02 00 00 00 00 00 00
  can0  0B0   [6]  00 00 00 00 11 0D
  can0  0B2   [6]  00 00 00 00 11 0D
  can0  224   [8]  00 00 00 00 00 00 00 00
  can0  262   [5]  20 00 00 00 89
  can0  2D5   [2]  00 00
  can0  2C6   [8]  00 00 00 00 00 00 00 D0
  can0  0B4   [8]  00 00 00 00 00 00 00 BC
  can0  0BA   [4]  06 02 00 C6
  can0  232   [4]  03 03 08 46
  can0  260   [8]  08 FF F3 00 00 00 00 64
  can0  0B0   [6]  00 00 00 00 11 0E
  can0  0B2   [6]  00 00 00 00 11 0E
  can0  2C1   [8]  08 03 09 03 05 D8 00 BF
  can0  2C4   [8]  06 15 00 1A 40 80 40 03
  can0  0B4   [8]  00 00 00 00 00 00 00 BC
  can0  223   [8]  00 00 00 00 00 00 00 2D
  can0  262   [5]  20 00 00 00 89
  can0  0B0   [6]  00 00 00 00 11 0F
  can0  0B2   [6]  00 00 00 00 11 0F
  can0  224   [8]  00 00 00 00 00 00 00 00
  can0  2D5   [2]  00 00
  can0  2D0   [8]  0B DD 09 00 B0 9C 00 17
  can0  2C5   [4]  00 05 C0 90
  can0  0B4   [8]  00 00 00 00 00 00 00 BC
  can0  0BA   [4]  06 01 00 C5
  can0  232   [4]  03 03 08 46
  can0  260   [8]  08 FF F4 00 00 00 00 65
  can0  2C6   [8]  00 00 00 00 00 00 00 D0
  can0  0B0   [6]  00 00 00 00 11 00
  can0  0B2   [6]  00 00 00 00 11 00
  can0  2C4   [8]  06 14 00 1A 40 80 40 02
  can0  262   [5]  20 00 00 00 89
  can0  0B4   [8]  00 00 00 00 00 00 00 BC
  can0  223   [8]  00 00 00 00 00 00 00 2D
  can0  2C1   [8]  08 02 FB 03 09 D7 00 B3
  can0  0B0   [6]  00 00 00 00 11 01
  can0  0B2   [6]  00 00 00 00 11 01
  can0  224   [8]  00 00 00 00 00 00 00 00
  can0  2D5   [2]  00 00
  can0  260   [8]  08 FF F3 00 00 00 00 64
  can0  0B4   [8]  00 00 00 00 00 00 00 BC
  can0  0BA   [4]  06 01 00 C5
  can0  232   [4]  03 03 08 46
  can0  3B7   [8]  00 00 00 00 00 00 00 00
  can0  2D0   [8]  0B E0 09 00 B0 9C 00 1A
  can0  0B0   [6]  00 00 00 00 11 02
  can0  0B2   [6]  00 00 00 00 11 02
  can0  262   [5]  20 00 00 00 89
  can0  2C4   [8]  06 12 00 1A 40 80 40 00
  can0  0B4   [8]  00 00 00 00 00 00 00 BC
  can0  223   [8]  00 00 00 00 00 00 00 2D
  can0  2C6   [8]  00 00 00 00 00 00 00 D0
  can0  260   [8]  08 FF F5 00 00 00 00 66
  can0  2D5   [2]  00 00
  can0  0B0   [6]  00 00 00 00 11 03
  can0  0B2   [6]  00 00 00 00 11 03
  can0  224   [8]  00 00 00 00 00 00 00 00
  can0  7DF   [8]  02 01 15 00 00 00 00 00
  can0  7E8   [8]  04 41 15 00 FF 00 00 00
  can0  2C5   [4]  00 05 C0 90
  can0  0B4   [8]  00 00 00 00 00 00 00 BC
  can0  0BA   [4]  06 01 00 C5
  can0  232   [4]  03 03 08 46
  can0  2C1   [8]  08 03 16 03 08 D8 00 CF
  can0  3A0   [8]  00 00 00 00 00 00 00 00
  can0  262   [5]  20 00 00 00 89
  can0  0B0   [6]  00 00 00 00 11 04
  can0  0B2   [6]  00 00 00 00 11 04
  can0  2C4   [8]  06 12 00 1A 40 80 40 00
  can0  442   [8]  40 02 00 00 02 00 00 00
  can0  0B4   [8]  00 00 00 00 00 00 00 BC
  can0  223   [8]  00 00 00 00 00 00 00 2D
  can0  260   [8]  08 FF F5 00 00 00 00 66
  can0  2D0   [8]  0B E0 09 00 B0 9C 00 1A
  can0  2D5   [2]  00 00
  can0  0B0   [6]  00 00 00 00 11 05
  can0  0B2   [6]  00 00 00 00 11 05
  can0  224   [8]  00 00 00 00 00 00 00 00
  can0  2C6   [8]  00 00 00 00 00 00 00 D0
  can0  262   [5]  20 00 00 00 89
  can0  0B4   [8]  00 00 00 00 00 00 00 BC
  can0  0BA   [4]  06 02 00 C6
  can0  232   [4]  03 03 08 46
  can0  0B0   [6]  00 00 00 00 11 06
  can0  0B2   [6]  00 00 00 00 11 06
  can0  260   [8]  08 FF F4 00 00 00 00 65
  can0  2C1   [8]  08 02 F5 03 01 D7 00 A5
  can0  2C4   [8]  06 11 00 1A 40 80 40 FF
  can0  0B4   [8]  00 00 00 00 00 00 00 BC
  can0  223   [8]  00 00 00 00 00 00 00 2D
  can0  620   [8]  10 00 00 00 30 40 00 50
  can0  2D5   [2]  00 00
  can0  262   [5]  20 00 00 00 89
  can0  0B0   [6]  00 00 00 00 11 07
  can0  0B2   [6]  00 00 00 00 11 07
  can0  224   [8]  00 00 00 00 00 00 00 00
  can0  2D0   [8]  0B E2 09 00 B0 9C 00 1C
  can0  2C5   [4]  00 05 C0 90
  can0  0B4   [8]  00 00 00 00 00 00 00 BC
  can0  0BA   [4]  06 00 00 C4
  can0  232   [4]  03 03 08 46
  can0  2C6   [8]  00 00 00 00 00 00 00 D0
  can0  260   [8]  08 FF F4 00 00 00 00 65
  can0  0B0   [6]  00 00 00 00 11 08
  can0  0B2   [6]  00 00 00 00 11 08
  can0  2C4   [8]  06 15 00 1A 40 80 40 03
  can0  4C1   [8]  01 00 09 08 00 00 00 00
  can0  0B4   [8]  00 00 00 00 00 00 00 BC
  can0  223   [8]  00 00 00 00 00 00 00 2D
  can0  262   [5]  20 00 00 00 89
  can0  2C1   [8]  08 02 F8 03 04 D7 00 AB
  can0  2D5   [2]  00 00
  can0  0B0   [6]  00 00 00 00 11 09
  can0  0B2   [6]  00 00 00 00 11 09
  can0  224   [8]  00 00 00 00 00 00 00 00
  can0  260   [8]  08 FF F4 00 00 00 00 65
  can0  0B4   [8]  00 00 00 00 00 00 00 BC
  can0  0BA   [4]  06 01 00 C5
  can0  232   [4]  03 03 08 46
  can0  2D0   [8]  0B E4 09 00 B0 9C 00 1E
  can0  0B0   [6]  00 00 00 00 11 0A
  can0  0B2   [6]  00 00 00 00 11 0A
  can0  2C4   [8]  06 05 00 1A 40 80 40 F3
  can0  262   [5]  20 00 00 00 89
  can0  2C6   [8]  00 00 00 00 00 00 00 D0
  can0  0B4   [8]  00 00 00 00 00 00 00 BC
  can0  223   [8]  00 00 00 00 00 00 00 2D
  can0  2D5   [2]  00 00
  can0  0B0   [6]  00 00 00 00 11 0B
  can0  0B2   [6]  00 00 00 00 11 0B
  can0  224   [8]  00 00 00 00 00 00 00 00
  can0  260   [8]  08 FF F3 00 00 00 00 64
  can0  2C5   [4]  00 05 C0 90
  can0  2C1   [8]  08 03 1D 02 FA D8 00 C7
  can0  0B4   [8]  00 00 00 00 00 00 00 BC
  can0  0BA   [4]  06 01 00 C5
  can0  232   [4]  03 03 08 46
  can0  7DF   [8]  02 01 1F 00 00 00 00 00
  can0  7E8   [8]  04 41 1F 00 2B 00 00 00
  can0  3A0   [8]  00 00 00 00 00 00 00 00
  can0  262   [5]  20 00 00 00 89
  can0  0B0   [6]  00 00 00 00 11 0C
  can0  0B2   [6]  00 00 00 00 11 0C
  can0  2C4   [8]  05 FE 00 1A 40 80 40 EB
  can0  2D0   [8]  0B DA 09 00 B0 9C 00 14
  can0  0B4   [8]  00 00 00 00 00 00 00 BC
  can0  223   [8]  00 00 00 00 00 00 00 2D
  can0  440   [8]  42 02 00 00 00 00 00 00
  can0  2D5   [2]  00 00
  can0  260   [8]  08 FF F3 00 00 00 00 64
  can0  0B0   [6]  00 00 00 00 11 0D
  can0  0B2   [6]  00 00 00 00 11 0D
  can0  224   [8]  00 00 00 00 00 00 00 00
  can0  2C6   [8]  00 00 00 00 00 00 00 D0
  can0  394   [1]  00
  can0  0B4   [8]  00 00 00 00 00 00 00 BC
  can0  0BA   [4]  06 01 00 C5
  can0  232   [4]  03 03 08 46
  can0  262   [5]  20 00 00 00 89
  can0  0B0   [6]  00 00 00 00 11 0E
  can0  0B2   [6]  00 00 00 00 11 0E
  can0  2C4   [8]  06 00 00 1A 40 80 40 EE
  can0  2C1   [8]  08 03 2F 02 FF D9 00 DF
  can0  260   [8]  08 FF F3 00 00 00 00 64
  can0  0B4   [8]  00 00 00 00 00 00 00 BC
  can0  223   [8]  00 00 00 00 00 00 00 2D
  can0  2D5   [2]  00 00
  can0  0B0   [6]  00 00 00 00 11 0F
  can0  2D0   [8]  0B CD 09 00 B0 9C 00 07
  can0  0B2   [6]  00 00 00 00 11 0F
  can0  224   [8]  00 00 00 00 00 00 00 00
  can0  262   [5]  20 00 00 00 89
  can0  2C5   [4]  00 05 C0 90
  can0  0B4   [8]  00 00 00 00 00 00 00 BC
  can0  0BA   [4]  05 FF 00 C2
  can0  232   [4]  03 03 08 46
  can0  2C6   [8]  00 00 00 00 00 00 00 D0
  can0  3B4   [8]  00 00 44 4C 80 00 00 00
  can0  2C4   [8]  06 0D 00 1A 40 80 40 FB
  can0  0B0   [6]  00 00 00 00 11 00
  can0  0B2   [6]  00 00 00 00 11 00
  can0  260   [8]  08 FF F3 00 00 00 00 64
  can0  0B4   [8]  00 00 00 00 00 00 00 BC
  can0  223   [8]  00 00 00 00 00 00 00 2D
  can0  2D5   [2]  00 00
  can0  2C1   [8]  08 02 FB 02 FD D7 00 A6
  can0  262   [5]  20 00 00 00 89
  can0  0B0   [6]  00 00 00 00 11 01
  can0  0B2   [6]  00 00 00 00 11 01
  can0  224   [8]  00 00 00 00 00 00 00 00
  can0  0B4   [8]  00 00 00 00 00 00 00 BC
  can0  0BA   [4]  06 00 00 C4
  can0  232   [4]  03 03 08 46
  can0  2D0   [8]  0B CC 09 00 B0 9C 00 06
  can0  260   [8]  08 FF F3 00 00 00 00 64
  can0  2C4   [8]  06 0F 00 1A 40 80 40 FD
  can0  0B0   [6]  00 00 00 00 11 02
  can0  0B2   [6]  00 00 00 00 11 02
  can0  2C6   [8]  00 00 00 00 00 00 00 D0
  can0  0B4   [8]  00 00 00 00 00 00 00 BC
  can0  223   [8]  00 00 00 00 00 00 00 2D
  can0  262   [5]  20 00 00 00 89
  can0  2D5   [2]  00 00
  can0  0B0   [6]  00 00 00 00 11 03
  can0  0B2   [6]  00 00 00 00 11 03
  can0  224   [8]  00 00 00 00 00 00 00 00
  can0  2C1   [8]  08 02 EC 02 F3 D7 00 8D
  can0  2C5   [4]  00 05 C0 90
  can0  260   [8]  08 FF F3 00 00 00 00 64
  can0  0B4   [8]  00 00 00 00 00 00 00 BC
  can0  0BA   [4]  06 00 00 C4
  can0  232   [4]  03 03 08 46
  can0  2C4   [8]  06 0D 00 1A 40 80 40 FB
  can0  0B0   [6]  00 00 00 00 11 04
  can0  0B2   [6]  00 00 00 00 11 04
  can0  7DF   [8]  02 01 2F 00 00 00 00 00
  can0  3A0   [8]  00 00 00 00 00 00 00 00
  can0  262   [5]  20 00 00 00 89
  can0  442   [8]  40 02 00 00 02 00 00 00
  can0  2D0   [8]  0B D0 09 00 B0 9C 00 0A
  can0  0B4   [8]  00 00 00 00 00 00 00 BC
  can0  223   [8]  00 00 00 00 00 00 00 2D
  can0  2D5   [2]  00 00
  can0  2C6   [8]  00 00 00 00 00 00 00 D0
  can0  0B0   [6]  00 00 00 00 11 05
  can0  0B2   [6]  00 00 00 00 11 05
  can0  224   [8]  00 00 00 00 00 00 00 00
  can0  260   [8]  08 FF F3 00 00 00 00 64
  can0  0B4   [8]  00 00 00 00 00 00 00 BC
  can0  0BA   [4]  06 00 00 C4
  can0  232   [4]  03 03 08 46
  can0  2C4   [8]  06 0D 00 1A 40 80 40 FB
  can0  262   [5]  20 00 00 00 89
  can0  2C1   [8]  08 03 06 03 01 D8 00 B8
  can0  0B0   [6]  00 00 00 00 11 06
  can0  0B2   [6]  00 00 00 00 11 06
  can0  2D5   [2]  00 00
  can0  0B4   [8]  00 00 00 00 00 00 00 BC
  can0  223   [8]  00 00 00 00 00 00 00 2D
  can0  4DC   [8]  1D 00 01 07 00 00 00 00
  can0  260   [8]  08 FF F3 00 00 00 00 64
  can0  398   [2]  02 03
  can0  2D0   [8]  0B D4 09 00 B0 9C 00 0E
  can0  0B0   [6]  00 00 00 00 11 07
  can0  0B2   [6]  00 00 00 00 11 07
  can0  224   [8]  00 00 00 00 00 00 00 00
  can0  2C5   [4]  00 05 C0 90
  can0  0B4   [8]  00 00 00 00 00 00 00 BC
  can0  0BA   [4]  05 FF 00 C2
  can0  232   [4]  03 03 08 46
  can0  262   [5]  20 00 00 00 89
  can0  2C6   [8]  00 00 00 00 00 00 00 D0
  can0  2C4   [8]  06 0B 00 1A 40 80 40 F9
  can0  0B0   [6]  00 00 00 00 11 08
  can0  0B2   [6]  00 00 00 00 11 08
  can0  260   [8]  08 FF F3 00 00 00 00 64
  can0  2D5   [2]  00 00
  can0  0B4   [8]  00 00 00 00 00 00 00 BC
  can0  223   [8]  00 00 00 00 00 00 00 2D
  can0  2C1   [8]  08 02 FC 03 04 D7 00 AF
  can0  0B0   [6]  00 00 00 00 11 09
  can0  0B2   [6]  00 00 00 00 11 09
  can0  224   [8]  00 00 00 00 00 00 00 00
  can0  262   [5]  20 00 00 00 89
  can0  0B4   [8]  00 00 00 00 00 00 00 BC
  can0  0BA   [4]  05 FE 00 C1
  can0  232   [4]  03 03 08 46
  can0  2D0   [8]  0B D4 09 00 B0 9C 00 0E
  can0  2C4   [8]  06 0B 00 1A 40 80 40 F9
  can0  3B0   [5]  00 00 00 48 00
  can0  0B0   [6]  00 00 00 00 11 0A
  can0  0B2   [6]  00 00 00 00 11 0A
  can0  260   [8]  08 FF F3 00 00 00 00 64
  can0  2C6   [8]  00 00 00 00 00 00 00 D0
  can0  2D5   [2]  00 00
  can0  0B4   [8]  00 00 00 00 00 00 00 BC
  can0  223   [8]  00 00 00 00 00 00 00 2D
  can0  3B7   [8]  00 00 00 00 00 00 00 00
  can0  262   [5]  20 00 00 00 89
  can0  0B0   [6]  00 00 00 00 11 0B
  can0  0B2   [6]  00 00 00 00 11 0B
  can0  224   [8]  00 00 00 00 00 00 00 00
  can0  2C1   [8]  08 02 FE 02 FE D7 00 AA
  can0  2C5   [4]  00 05 C0 90
  can0  0B4   [8]  00 00 00 00 00 00 00 BC
  can0  0BA   [4]  05 FF 00 C2
  can0  232   [4]  03 03 08 46
  can0  2C4   [8]  06 06 00 1A 40 80 40 F4
  can0  260   [8]  08 FF F3 00 00 00 00 64
  can0  0B0   [6]  00 00 00 00 11 0C
  can0  0B2   [6]  00 00 00 00 11 0C
  can0  2D0   [8]  0B D3 09 00 B0 9C 00 0D
  can0  2D5   [2]  00 00
  can0  440   [8]  42 02 00 00 00 00 00 00
  can0  3A0   [8]  00 00 00 00 00 00 00 00
  can0  0B4   [8]  00 00 00 00 00 00 00 BC
  can0  223   [8]  00 00 00 00 00 00 00 2D
  can0  262   [5]  20 00 00 00 89
  can0  2C6   [8]  00 00 00 00 00 00 00 D0
  can0  0B0   [6]  00 00 00 00 11 0D
  can0  0B2   [6]  00 00 00 00 11 0D
  can0  224   [8]  00 00 00 00 00 00 00 00
  can0  260   [8]  08 FF F4 00 00 00 00 65
  can0  0B4   [8]  00 00 00 00 00 00 00 BC
  can0  0BA   [4]  05 FF 00 C2
  can0  232   [4]  03 03 08 46
  can0  2C4   [8]  06 09 00 1A 40 80 40 F7
  can0  3B3   [3]  06 07 28
  can0  2C1   [8]  08 03 04 03 01 D8 00 B6
  can0  0B0   [6]  00 00 00 00 11 0E
  can0  0B2   [6]  00 00 00 00 11 0E
  can0  262   [5]  20 00 00 00 89
  can0  2D5   [2]  00 00
  can0  0B4   [8]  00 00 00 00 00 00 00 BC
  can0  223   [8]  00 00 00 00 00 00 00 2D
  can0  2D0   [8]  0B D0 09 00 B0 9C 00 0A
  can0  380   [8]  00 20 00 00 00 00 27 00
  can0  260   [8]  08 FF F5 00 00 00 00 66
  can0  0B0   [6]  00 00 00 00 11 0F
  can0  0B2   [6]  00 00 00 00 11 0F
  can0  224   [8]  00 00 00 00 00 00 00 00
  can0  2C5   [4]  00 05 C0 90
  can0  2C6   [8]  00 00 00 00 00 00 00 D0
  can0  0B4   [8]  00 00 00 00 00 00 00 BC
  can0  0BA   [4]  05 FE 00 C1
  can0  232   [4]  03 03 08 46
  can0  2C4   [8]  06 0D 00 1A 40 80 40 FB
  can0  620   [8]  10 00 00 00 30 40 00 50
  can0  262   [5]  20 00 00 00 89
  can0  0B0   [6]  00 00 00 00 11 00
  can0  0B2   [6]  00 00 00 00 11 00
  can0  2D5   [2]  00 00
  can0  2C1   [8]  08 02 E6 02 F4 D7 00 88
  can0  0B4   [8]  00 00 00 00 00 00 00 BC
  can0  223   [8]  00 00 00 00 00 00 00 2D
  can0  260   [8]  08 FF F5 00 00 00 00 66
  can0  0B0   [6]  00 00 00 00 11 01
  can0  0B2   [6]  00 00 00 00 11 01
  can0  224   [8]  00 00 00 00 00 00 00 00
  can0  2D0   [8]  0B D5 09 00 B0 9C 00 0F
  can0  262   [5]  20 00 00 00 89
  can0  3A1   [8]  00 00 00 00 00 00 00 00
  can0  2C4   [8]  06 11 00 1A 40 80 40 FF
  can0  0B4   [8]  00 00 00 00 00 00 00 BC
  can0  0BA   [4]  05 FE 00 C1
  can0  232   [4]  03 03 08 46
  can0  0B0   [6]  00 00 00 00 11 02
  can0  0B2   [6]  00 00 00 00 11 02
  can0  2C6   [8]  00 00 00 00 00 00 00 D0
  can0  2D5   [2]  00 00
  can0  260   [8]  08 FF F4 00 00 00 00 65
  can0  0B4   [8]  00 00 00 00 00 00 00 BC
  can0  223   [8]  00 00 00 00 00 00 00 2D
  can0  0B0   [6]  00 00 00 00 11 03
  can0  0B2   [6]  00 00 00 00 11 03
  can0  224   [8]  00 00 00 00 00 00 00 00
  can0  262   [5]  20 00 00 00 89
  can0  2C1   [8]  08 02 DA 02 E6 D6 00 6D
  can0  2C5   [4]  00 05 C0 90
  can0  2C4   [8]  06 09 00 1A 40 80 40 F7
  can0  0B4   [8]  00 00 00 00 00 00 00 BC
  can0  0BA   [4]  05 FF 00 C2
  can0  232   [4]  03 03 08 46
  can0  260   [8]  08 FF F5 00 00 00 00 66
  can0  442   [8]  40 02 00 00 02 00 00 00
  can0  0B0   [6]  00 00 00 00 11 04
  can0  0B2   [6]  00 00 00 00 11 04
  can0  2D0   [8]  0B D7 09 00 B0 9C 00 11
  can0  2D5   [2]  00 00
  can0  0B4   [8]  00 00 00 00 00 00 00 BC
  can0  223   [8]  00 00 00 00 00 00 00 2D
  can0  2C6   [8]  00 00 00 00 00 00 00 D0
  can0  262   [5]  20 00 00 00 89
  can0  3A0   [8]  00 00 00 00 00 00 00 00
  can0  610   [8]  20 00 00 64 00 00 00 00
  can0  0B0   [6]  00 00 00 00 11 05
  can0  0B2   [6]  00 00 00 00 11 05
  can0  224   [8]  00 00 00 00 00 00 00 00
  can0  2C4   [8]  06 09 00 1A 40 80 40 F7
  can0  0B4   [8]  00 00 00 00 00 00 00 BC
  can0  0BA   [4]  05 FE 00 C1
  can0  232   [4]  03 03 08 46
  can0  260   [8]  08 FF F4 00 00 00 00 65
  can0  611   [8]  21 00 00 10 00 03 C1 4F
  can0  2C1   [8]  08 03 05 02 EC D8 00 A1
  can0  394   [1]  00
  can0  0B0   [6]  00 00 00 00 11 06
  can0  0B2   [6]  00 00 00 00 11 06
  can0  4C3   [8]  04 00 12 07 00 00 00 00
  can0  2D5   [2]  00 00
  can0  262   [5]  20 00 00 00 89
  can0  0B4   [8]  00 00 00 00 00 00 00 BC
  can0  223   [8]  00 00 00 00 00 00 00 2D
  can0  2D0   [8]  0B D6 09 00 B0 9C 00 10
  can0  0B0   [6]  00 00 00 00 11 07
  can0  0B2   [6]  00 00 00 00 11 07
  can0  224   [8]  00 00 00 00 00 00 00 00
  can0  260   [8]  08 FF F4 00 00 00 00 65
  can0  2C5   [4]  00 05 C0 90
  can0  2C4   [8]  06 0D 00 1A 40 80 40 FB
  can0  2C6   [8]  00 00 00 00 00 00 00 D0
  can0  0B4   [8]  00 00 00 00 00 00 00 BC
  can0  0BA   [4]  05 FF 00 C2
  can0  232   [4]  03 03 08 46
  can0  0B0   [6]  00 00 00 00 11 08
  can0  0B2   [6]  00 00 00 00 11 08
  can0  2D5   [2]  00 00
  can0  262   [5]  20 00 00 00 89
  can0  2C1   [8]  08 02 F1 02 FA D7 00 99
  can0  0B4   [8]  00 00 00 00 00 00 00 BC
  can0  223   [8]  00 00 00 00 00 00 00 2D
  can0  260   [8]  08 FF F4 00 00 00 00 65
  can0  0B0   [6]  00 00 00 00 11 09
  can0  0B2   [6]  00 00 00 00 11 09
  can0  224   [8]  00 00 00 00 00 00 00 00
  can0  2C4   [8]  06 12 00 1A 40 80 40 00
  can0  2D0   [8]  0B D9 09 00 B0 9C 00 13
  can0  0B4   [8]  00 00 00 00 00 00 00 BC
  can0  0BA   [4]  05 FF 00 C2
  can0  232   [4]  03 03 08 46
  can0  262   [5]  20 00 00 00 89
  can0  2C6   [8]  00 00 00 00 00 00 00 D0
  can0  0B0   [6]  00 00 00 00 11 0A
  can0  0B2   [6]  00 00 00 00 11 0A
  can0  2D5   [2]  00 00
  can0  0B4   [8]  00 00 00 00 00 00 00 BC
  can0  223   [8]  00 00 00 00 00 00 00 2D
  can0  260   [8]  08 FF F3 00 00 00 00 64
  can0  2C1   [8]  08 02 F2 02 F8 D7 00 98
  can0  0B0   [6]  00 00 00 00 11 0B
  can0  0B2   [6]  00 00 00 00 11 0B
  can0  224   [8]  00 00 00 00 00 00 00 00
  can0  2C4   [8]  06 08 00 1A 40 80 40 F6
  can0  2C5   [4]  00 05 C0 90
  can0  262   [5]  20 00 00 00 89
  can0  0B4   [8]  00 00 00 00 00 00 00 BC
  can0  0BA   [4]  05 FE 00 C1
  can0  232   [4]  03 03 08 46
  can0  2D0   [8]  0B D8 09 00 B0 9C 00 12
  can0  2D5   [2]  00 00
  can0  0B0   [6]  00 00 00 00 11 0C
  can0  0B2   [6]  00 00 00 00 11 0C
  can0  440   [8]  42 02 00 00 00 00 00 00
  can0  260   [8]  08 FF F3 00 00 00 00 64
  can0  0B4   [8]  00 00 00 00 00 00 00 BC
  can0  223   [8]  00 00 00 00 00 00 00 2D
  can0  2C6   [8]  00 00 00 00 00 00 00 D0
  can0  0B0   [6]  00 00 00 00 11 0D
  can0  0B2   [6]  00 00 00 00 11 0D
  can0  224   [8]  00 00 00 00 00 00 00 00
  can0  262   [5]  20 00 00 00 89
  can0  3A0   [8]  00 00 00 00 00 00 00 00
  can0  2C4   [8]  06 04 00 1A 40 80 40 F2
  can0  621   [8]  11 00 00 00 00 00 00 00
  can0  0B4   [8]  00 00 00 00 00 00 00 BC
  can0  0BA   [4]  05 FF 00 C2
  can0  232   [4]  03 03 08 46
  can0  2C1   [8]  08 03 1A 03 02 D8 00 CD
  can0  260   [8]  08 FF F3 00 00 00 00 64
  can0  2D5   [2]  00 00
  can0  0B0   [6]  00 00 00 00 11 0E
  can0  0B2   [6]  00 00 00 00 11 0E
  can0  0B4   [8]  00 00 00 00 00 00 00 BC
  can0  223   [8]  00 00 00 00 00 00 00 2D
  can0  2D0   [8]  0B D5 09 00 B0 9C 00 0F
  can0  622   [8]  12 00 00 00 00 00 00 00
  can0  262   [5]  20 00 00 00 89
  can0  0B0   [6]  00 00 00 00 11 0F
  can0  0B2   [6]  00 00 00 00 11 0F
  can0  224   [8]  00 00 00 00 00 00 00 00
  can0  2C4   [8]  06 04 00 1A 40 80 40 F2
  can0  2C5   [4]  00 05 C0 90
  can0  2C6   [8]  00 00 00 00 00 00 00 D0
  can0  624   [8]  1A 00 00 49 49 00 00 00
  can0  0B4   [8]  00 00 00 00 00 00 00 BC
  can0  0BA   [4]  06 00 00 C4
  can0  232   [4]  03 03 08 46
  can0  260   [8]  08 FF F3 00 00 00 00 64
  can0  2D5   [2]  00 00
  can0  0B0   [6]  00 00 00 00 11 00
  can0  0B2   [6]  00 00 00 00 11 00
  can0  630   [8]  17 00 00 00 00 00 00 00
  can0  2C1   [8]  08 03 0A 03 0B D8 00 C6
  can0  262   [5]  20 00 00 00 89
  can0  640   [8]  A8 00 00 00 01 8A 00 00
  can0  0B4   [8]  00 00 00 00 00 00 00 BC
  can0  223   [8]  00 00 00 00 00 00 00 2D
  can0  0B0   [6]  00 00 00 00 11 01
  can0  0B2   [6]  00 00 00 00 11 01
  can0  224   [8]  00 00 00 00 00 00 00 00
  can0  2C4   [8]  06 09 00 1A 40 80 40 F7
  can0  638   [8]  13 00 10 00 00 00 00 00
  can0  260   [8]  08 FF F3 00 00 00 00 64
  can0  2D0   [8]  0B CF 09 00 B0 9C 00 09
  can0  7DF   [8]  02 01 0C 00 00 00 00 00
  can0  7E8   [8]  04 41 0C 12 D5 00 00 00
  can0  0B4   [8]  00 00 00 00 00 00 00 BC
  can0  0BA   [4]  05 FF 00 C2
  can0  232   [4]  03 03 08 46
  can0  2D5   [2]  00 00
  can0  2C6   [8]  00 00 00 00 00 00 00 D0
  can0  262   [5]  20 00 00 00 89
  can0  0B0   [6]  00 00 00 00 11 02
  can0  0B2   [6]  00 00 00 00 11 02
  can0  0B4   [8]  00 00 00 00 00 00 00 BC
  can0  223   [8]  00 00 00 00 00 00 00 2D
  can0  260   [8]  08 FF F3 00 00 00 00 64
  can0  2C1   [8]  08 03 05 03 07 D8 00 BD
  can0  0B0   [6]  00 00 00 00 11 03
  can0  0B2   [6]  00 00 00 00 11 03
  can0  224   [8]  00 00 00 00 00 00 00 00
  can0  2C4   [8]  06 02 00 1A 40 80 40 F0
  can0  2C5   [4]  00 05 C0 90
  can0  0B4   [8]  00 00 00 00 00 00 00 BC
  can0  0BA   [4]  05 FF 00 C2
  can0  232   [4]  03 03 08 46
  can0  3B7   [8]  00 00 00 00 00 00 00 00
  can0  262   [5]  20 00 00 00 89
  can0  442   [8]  40 02 00 00 02 00 00 00
  can0  2D5   [2]  00 00
  can0  2D0   [8]  0B CF 09 00 B0 9C 00 09
  can0  0B0   [6]  00 00 00 00 11 04
  can0  0B2   [6]  00 00 00 00 11 04
  can0  260   [8]  08 FF F3 00 00 00 00 64
  can0  2C6   [8]  00 00 00 00 00 00 00 D0
  can0  0B4   [8]  00 00 00 00 00 00 00 BC
  can0  223   [8]  00 00 00 00 00 00 00 2D
  can0  2C4   [8]  05 FB 00 1A 40 80 40 E8
  can0  0B0   [6]  00 00 00 00 11 05
  can0  0B2   [6]  00 00 00 00 11 05
  can0  224   [8]  00 00 00 00 00 00 00 00
  can0  262   [5]  20 00 00 00 89
  can0  3A0   [8]  00 00 00 00 00 00 00 00
  can0  0B4   [8]  00 00 00 00 00 00 00 BC
  can0  0BA   [4]  06 00 00 C4
  can0  232   [4]  03 03 08 46
  can0  2C1   [8]  08 03 10 03 07 D8 00 C8
  can0  2D5   [2]  00 00
  can0  0B0   [6]  00 00 00 00 11 06
  can0  0B2   [6]  00 00 00 00 11 06
  can0  260   [8]  08 FF F3 00 00 00 00 64
  can0  2D0   [8]  0B C8 09 00 B0 9C 00 02
  can0  0B4   [8]  00 00 00 00 00 00 00 BC
  can0  223   [8]  00 00 00 00 00 00 00 2D
  can0  262   [5]  20 00 00 00 89
  can0  2C4   [8]  06 05 00 1A 40 80 40 F3
  can0  0B0   [6]  00 00 00 00 11 07
  can0  0B2   [6]  00 00 00 00 11 07
  can0  224   [8]  00 00 00 00 00 00 00 00
  can0  2C6   [8]  00 00 00 00 00 00 00 D0
  can0  2C5   [4]  00 05 C0 90
  can0  0B4   [8]  00 00 00 00 00 00 00 BC
  can0  0BA   [4]  06 00 00 C4
  can0  232   [4]  03 03 08 46
  can0  2D5   [2]  00 00
  can0  260   [8]  08 FF F3 00 00 00 00 64
  can0  4DD   [8]  1E 00 00 05 00 00 00 00
  can0  0B0   [6]  00 00 00 00 11 08
  can0  0B2   [6]  00 00 00 00 11 08
  can0  2C1   [8]  08 03 03 03 0D D8 00 C1
  can0  0B4   [8]  00 00 00 00 00 00 00 BC
  can0  223   [8]  00 00 00 00 00 00 00 2D
  can0  262   [5]  20 00 00 00 89
  can0  620   [8]  10 00 00 00 30 40 00 50
  can0  2C4   [8]  06 0A 00 1A 40 80 40 F8
  can0  0B0   [6]  00 00 00 00 11 09
  can0  0B2   [6]  00 00 00 00 11 09
  can0  224   [8]  00 00 00 00 00 00 00 00
  can0  2D0   [8]  0B C6 09 00 B0 9C 00 00
  can0  260   [8]  08 FF F4 00 00 00 00 65
  can0  0B4   [8]  00 00 00 00 00 00 00 BC
  can0  0BA   [4]  06 01 00 C5
  can0  232   [4]  03 03 08 46
  can0  2D5   [2]  00 00
  can0  7DF   [8]  02 01 0D 00 00 00 00 00
  can0  2C6   [8]  00 00 00 00 00 00 00 D0
  can0  7E8   [8]  03 41 0D 00 00 00 00 00
  can0  0B0   [6]  00 00 00 00 11 0A
  can0  0B2   [6]  00 00 00 00 11 0A
  can0  262   [5]  20 00 00 00 89
  can0  0B4   [8]  00 00 00 00 00 00 00 BC
  can0  223   [8]  00 00 00 00 00 00 00 2D
  can0  2C1   [8]  08 02 FB 03 08 D7 00 B2
  can0  2C4   [8]  06 12 00 1A 40 80 40 00
  can0  0B0   [6]  00 00 00 00 11 0B
  can0  0B2   [6]  00 00 00 00 11 0B
  can0  224   [8]  00 00 00 00 00 00 00 00
  can0  260   [8]  08 FF F4 00 00 00 00 65
  can0  2C5   [4]  00 05 C0 90
  can0  0B4   [8]  00 00 00 00 00 00 00 BC
  can0  0BA   [4]  06 00 00 C4
  can0  232   [4]  03 03 08 46
  can0  2D5   [2]  00 00
  can0  2D0   [8]  0B CE 09 00 B0 9C 00 08
  can0  440   [8]  42 02 00 00 00 00 00 00
  can0  262   [5]  20 00 00 00 89
  can0  0B0   [6]  00 00 00 00 11 0C
  can0  0B2   [6]  00 00 00 00 11 0C
  can0  2C6   [8]  00 00 00 00 00 00 00 D0
  can0  0B4   [8]  00 00 00 00 00 00 00 BC
  can0  223   [8]  00 00 00 00 00 00 00 2D
  can0  260   [8]  08 FF F5 00 00 00 00 66
  can0  2C4   [8]  06 07 00 1A 40 80 40 F5
  can0  0B0   [6]  00 00 00 00 11 0D
  can0  0B2   [6]  00 00 00 00 11 0D
  can0  224   [8]  00 00 00 00 00 00 00 00
  can0  2C1   [8]  08 03 01 03 0A D8 00 BC
  can0  2D5   [2]  00 00
  can0  0B4   [8]  00 00 00 00 00 00 00 BC
  can0  0BA   [4]  06 00 00 C4
  can0  232   [4]  03 03 08 46
  can0  262   [5]  20 00 00 00 89
  can0  3A0   [8]  00 00 00 00 00 00 00 00
  can0  0B0   [6]  00 00 00 00 11 0E
  can0  0B2   [6]  00 00 00 00 11 0E
  can0  2D0   [8]  0B D1 09 00 B0 9C 00 0B
  can0  260   [8]  08 FF F5 00 00 00 00 66
  can0  0B4   [8]  00 00 00 00 00 00 00 BC
  can0  223   [8]  00 00 00 00 00 00 00 2D
  can0  2C4   [8]  06 04 00 1A 40 80 40 F2
  can0  394   [1]  00
  can0  0B0   [6]  00 00 00 00 11 0F
  can0  0B2   [6]  00 00 00 00 11 0F
  can0  224   [8]  00 00 00 00 00 00 00 00
  can0  2C6   [8]  00 00 00 00 00 00 00 D0
  can0  2C5   [4]  00 05 C0 90
  can0  262   [5]  20 00 00 00 89
  can0  2D5   [2]  00 00
  can0  0B4   [8]  00 00 00 00 00 00 00 BC
  can0  0BA   [4]  06 02 00 C6
  can0  232   [4]  03 03 08 46
  can0  0B0   [6]  00 00 00 00 11 00
  can0  0B2   [6]  00 00 00 00 11 00
  can0  2C1   [8]  08 03 25 02 FD D9 00 D3
  can0  260   [8]  08 FF F5 00 00 00 00 66
  can0  0B4   [8]  00 00 00 00 00 00 00 BC
  can0  223   [8]  00 00 00 00 00 00 00 2D
  can0  2C4   [8]  06 0A 00 1A 40 80 40 F8
  can0  262   [5]  20 00 00 00 89
  can0  2D0   [8]  0B CF 09 00 B0 9C 00 09
  can0  0B0   [6]  00 00 00 00 11 01
  can0  0B2   [6]  00 00 00 00 11 01
  can0  224   [8]  00 00 00 00 00 00 00 00
  can0  2D5   [2]  00 00
  can0  0B4   [8]  00 00 00 00 00 00 00 BC
  can0  0BA   [4]  06 00 00 C4
  can0  232   [4]  03 03 08 46
  can0  2C6   [8]  00 00 00 00 00 00 00 D0
  can0  260   [8]  08 FF F5 00 00 00 00 66
  can0  0B0   [6]  00 00 00 00 11 02
  can0  0B2   [6]  00 00 00 00 11 02
  can0  3B1   [8]  00 00 02 2A A0 00 00 00
  can0  7DF   [8]  02 01 04 00 00 00 00 00
  can0  7E8   [8]  03 41 04 8A 00 00 00 00
  can0  0B4   [8]  00 00 00 00 00 00 00 BC
  can0  223   [8]  00 00 00 00 00 00 00 2D
  can0  262   [5]  20 00 00 00 89
  can0  2C1   [8]  08 02 F5 02 FB D7 00 9E
  can0  2C4   [8]  06 00 00 1A 40 80 40 EE
  can0  0B0   [6]  00 00 00 00 11 03
  can0  0B2   [6]  00 00 00 00 11 03
  can0  224   [8]  00 00 00 00 00 00 00 00
  can0  2C5   [4]  00 05 C0 90
  can0  2D5   [2]  00 00
  can0  260   [8]  08 FF F4 00 00 00 00 65
  can0  442   [8]  40 02 00 00 02 00 00 00
  can0  0B4   [8]  00 00 00 00 00 00 00 BC
  can0  0BA   [4]  06 01 00 C5
  can0  232   [4]  03 03 08 46
  can0  2D0   [8]  0B CF 09 00 B0 9C 00 09
  can0  0B0   [6]  00 00 00 00 11 04
  can0  0B2   [6]  00 00 00 00 11 04
  can0  262   [5]  20 00 00 00 89
  can0  2C6   [8]  00 00 00 00 00 00 00 D0
  can0  0B4   [8]  00 00 00 00 00 00 00 BC
  can0  223   [8]  00 00 00 00 00 00 00 2D
  can0  2C4   [8]  05 FC 00 1A 40 80 40 E9
  can0  0B0   [6]  00 00 00 00 11 05
  can0  260   [8]  08 FF F3 00 00 00 00 64
  can0  0B2   [6]  00 00 00 00 11 05
  can0  224   [8]  00 00 00 00 00 00 00 00
  can0  2C1   [8]  08 03 1D 02 F9 D8 00 C6
  can0  2D5   [2]  00 00
  can0  0B4   [8]  00 00 00 00 00 00 00 BC
  can0  0BA   [4]  06 01 00 C5
  can0  232   [4]  03 03 08 46
  can0  262   [5]  20 00 00 00 89
  can0  3A0   [8]  00 00 00 00 00 00 00 00
  can0  0B0   [6]  00 00 00 00 11 06
  can0  0B2   [6]  00 00 00 00 11 06
  can0  2D0   [8]  0B C5 09 00 B0 9C 00 FF
  can0  4C8   [8]  09 00 01 06 00 00 00 00
  can0  0B4   [8]  00 00 00 00 00 00 00 BC
  can0  223   [8]  00 00 00 00 00 00 00 2D
  can0  2C4   [8]  05 FE 00 1A 40 80 40 EB
  can0  260   [8]  08 FF F3 00 00 00 00 64
  can0  2C6   [8]  00 00 00 00 00 00 00 D0
  can0  0B0   [6]  00 00 00 00 11 07
  can0  0B2   [6]  00 00 00 00 11 07
  can0  224   [8]  00 00 00 00 00 00 00 00
  can0  2C5   [4]  00 05 C0 90
  can0  2D5   [2]  00 00
  can0  262   [5]  20 00 00 00 89
  can0  0B4   [8]  00 00 00 00 00 00 00 BC
  can0  0BA   [4]  06 02 00 C6
  can0  232   [4]  03 03 08 46
  can0  2C1   [8]  08 02 F6 02 F4 D7 00 98
  can0  3B3   [3]  06 01 28
  can0  0B0   [6]  00 00 00 00 11 08
  can0  0B2   [6]  00 00 00 00 11 08
  can0  260   [8]  08 FF F3 00 00 00 00 64
  can0  2C4   [8]  06 01 00 1A 40 80 40 EF
  can0  0B4   [8]  00 00 00 00 00 00 00 BC
  can0  223   [8]  00 00 00 00 00 00 00 2D
  can0  2D0   [8]  0B C1 09 00 B0 9C 00 FB
  can0  0B0   [6]  00 00 00 00 11 09
  can0  0B2   [6]  00 00 00 00 11 09
  can0  224   [8]  00 00 00 00 00 00 00 00
  can0  262   [5]  20 00 00 00 89
  can0  2D5   [2]  00 00
  can0  0B4   [8]  00 00 00 00 00 00 00 BC
  can0  0BA   [4]  06 01 00 C5
  can0  232   [4]  03 03 08 46
  can0  2C6   [8]  00 00 00 00 00 00 00 D0
  can0  260   [8]  08 FF F3 00 00 00 00 64
  can0  0B0   [6]  00 00 00 00 11 0A
  can0  0B2   [6]  00 00 00 00 11 0A
  can0  2C4   [8]  06 0A 00 1A 40 80 40 F8
  can0  0B4   [8]  00 00 00 00 00 00 00 BC
  can0  223   [8]  00 00 00 00 00 00 00 2D
  can0  2C1   [8]  08 02 F7 02 F8 D7 00 9D
  can0  7DF   [8]  02 01 05 00 00 00 00 00
  can0  7E8   [8]  03 41 05 49 00 00 00 00
  can0  262   [5]  20 00 00 00 89
  can0  0B0   [6]  00 00 00 00 11 0B
  can0  0B2   [6]  00 00 00 00 11 0B
  can0  224   [8]  00 00 00 00 00 00 00 00
  can0  2C5   [4]  00 05 C0 90
  can0  2D5   [2]  00 00
  can0  2D0   [8]  0B C4 09 00 B0 9C 00 FE
  can0  0B4   [8]  00 00 00 00 00 00 00 BC
  can0  0BA   [4]  06 00 00 C4
  can0  232   [4]  03 03 08 46
  can0  260   [8]  08 FF F3 00 00 00 00 64
  can0  440   [8]  42 02 00 00 00 00 00 00
  can0  0B0   [6]  00 00 00 00 11 0C
  can0  0B2   [6]  00 00 00 00 11 0C
  can0  2C6   [8]  00 00 00 00 00 00 00 D0
  can0  2C4   [8]  06 0B 00 1A 40 80 40 F9
  can0  262   [5]  20 00 00 00 89
  can0  0B4   [8]  00 00 00 00 00 00 00 BC
  can0  223   [8]  00 00 00 00 00 00 00 2D
  can0  3B7   [8]  00 00 00 00 00 00 00 00
  can0  0B0   [6]  00 00 00 00 11 0D
  can0  0B2   [6]  00 00 00 00 11 0D
  can0  224   [8]  00 00 00 00 00 00 00 00
  can0  2D5   [2]  00 00
  can0  2C1   [8]  08 02 F1 02 F6 D7 00 95
  can0  260   [8]  08 FF F3 00 00 00 00 64
  can0  0B4   [8]  00 00 00 00 00 00 00 BC
  can0  0BA   [4]  06 02 00 C6
  can0  232   [4]  03 03 08 46
  can0  0B0   [6]  00 00 00 00 11 0E
  can0  0B2   [6]  00 00 00 00 11 0E
  can0  2D0   [8]  0B CA 09 00 B0 9C 00 04
  can0  262   [5]  20 00 00 00 89
  can0  3A0   [8]  00 00 00 00 00 00 00 00
  can0  610   [8]  20 00 00 64 00 00 00 00
  can0  2C4   [8]  06 0B 00 1A 40 80 40 F9
  can0  0B4   [8]  00 00 00 00 00 00 00 BC
  can0  223   [8]  00 00 00 00 00 00 00 2D
  can0  2C6   [8]  00 00 00 00 00 00 00 D0
  can0  260   [8]  08 FF F3 00 00 00 00 64
  can0  0B0   [6]  00 00 00 00 11 0F
  can0  0B2   [6]  00 00 00 00 11 0F
  can0  224   [8]  00 00 00 00 00 00 00 00
  can0  2D5   [2]  00 00
  can0  2C5   [4]  00 05 C0 90
  can0  0B4   [8]  00 00 00 00 00 00 00 BC
  can0  0BA   [4]  06 01 00 C5
  can0  232   [4]  03 03 08 46
  can0  262   [5]  20 00 00 00 89
  can0  2C1   [8]  08 02 ED 02 ED D7 00 88
  can0  0B0   [6]  00 00 00 00 11 00
  can0  0B2   [6]  00 00 00 00 11 00
  can0  2C4   [8]  06 0C 00 1A 40 80 40 FA
  can0  0B4   [8]  00 00 00 00 00 00 00 BC
  can0  223   [8]  00 00 00 00 00 00 00 2D
  can0  260   [8]  08 FF F3 00 00 00 00 64
  can0  2D0   [8]  0B CF 09 00 B0 9C 00 09
  can0  2D5   [2]  00 00
  can0  0B0   [6]  00 00 00 00 11 01
  can0  0B2   [6]  00 00 00 00 11 01
  can0  224   [8]  00 00 00 00 00 00 00 00
  can0  2C6   [8]  00 00 00 00 00 00 00 D0
  can0  262   [5]  20 00 00 00 89
  can0  620   [8]  10 00 00 00 30 40 00 50
  can0  0B4   [8]  00 00 00 00 00 00 00 BC
  can0  0BA   [4]  06 00 00 C4
  can0  232   [4]  03 03 08 46
  can0  0B0   [6]  00 00 00 00 11 02
  can0  0B2   [6]  00 00 00 00 11 02
  can0  260   [8]  08 FF F3 00 00 00 00 64
  can0  2C4   [8]  06 0E 00 1A 40 80 40 FC
  can0  2C1   [8]  08 02 E2 02 EA D7 00 7A
  can0  0B4   [8]  00 00 00 00 00 00 00 BC
  can0  223   [8]  00 00 00 00 00 00 00 2D
  can0  2D5   [2]  00 00
  can0  0B0   [6]  00 00 00 00 11 03
  can0  0B2   [6]  00 00 00 00 11 03
  can0  224   [8]  00 00 00 00 00 00 00 00
  can0  262   [5]  20 00 00 00 89
  can0  2C5   [4]  00 05 C0 90
  can0  7DF   [8]  02 01 0F 00 00 00 00 00
  can0  7E8   [8]  03 41 0F 42 00 00 00 00
  can0  2D0   [8]  0B D5 09 00 B0 9C 00 0F
  can0  0B4   [8]  00 00 00 00 00 00 00 BC
  can0  0BA   [4]  06 01 00 C5
  can0  232   [4]  03 03 08 46
  can0  4C1   [8]  01 00 09 08 00 00 00 00
  can0  260   [8]  08 FF F3 00 00 00 00 64
  can0  442   [8]  40 02 00 00 02 00 00 00
  can0  0B0   [6]  00 00 00 00 11 04
  can0  0B2   [6]  00 00 00 00 11 04
  can0  2C6   [8]  00 00 00 00 00 00 00 D0
  can0  2C4   [8]  06 0F 00 1A 40 80 40 FD
  can0  0B4   [8]  00 00 00 00 00 00 00 BC
  can0  223   [8]  00 00 00 00 00 00 00 2D
  can0  38A   [5]  08 04 00 00 00
  can0  262   [5]  20 00 00 00 89
  can0  2D5   [2]  00 00
  can0  0B0   [6]  00 00 00 00 11 05
  can0  0B2   [6]  00 00 00 00 11 05
  can0  224   [8]  00 00 00 00 00 00 00 00
  can0  2C1   [8]  08 02 EC 02 F5 D7 00 8F
  can0  0B4   [8]  00 00 00 00 00 00 00 BC
  can0  0BA   [4]  06 01 00 C5
  can0  232   [4]  03 03 08 46
  can0  260   [8]  08 FF F3 00 00 00 00 64
  can0  2D0   [8]  0B D6 09 00 B0 9C 00 10
  can0  0B0   [6]  00 00 00 00 11 06
  can0  0B2   [6]  00 00 00 00 11 06
  can0  2C4   [8]  06 07 00 1A 40 80 40 F5
  can0  262   [5]  20 00 00 00 89
  can0  3A0   [8]  00 00 00 00 00 00 00 00
  can0  0B4   [8]  00 00 00 00 00 00 00 BC
  can0  223   [8]  00 00 00 00 00 00 00 2D
  can0  2C6   [8]  00 00 00 00 00 00 00 D0
  can0  2D5   [2]  00 00
  can0  0B0   [6]  00 00 00 00 11 07
  can0  0B2   [6]  00 00 00 00 11 07
  can0  224   [8]  00 00 00 00 00 00 00 00
  can0  2C5   [4]  00 05 C0 90
  can0  260   [8]  08 FF F4 00 00 00 00 65
  can0  0B4   [8]  00 00 00 00 00 00 00 BC
  can0  0BA   [4]  06 00 00 C4
  can0  232   [4]  03 03 08 46
  can0  394   [1]  00
  can0  2C1   [8]  08 03 09 02 FE D8 00 B7
  can0  0B0   [6]  00 00 00 00 11 08
  can0  0B2   [6]  00 00 00 00 11 08
  can0  262   [5]  20 00 00 00 89
  can0  2C4   [8]  06 03 00 1A 40 80 40 F1
  can0  0B4   [8]  00 00 00 00 00 00 00 BC
  can0  223   [8]  00 00 00 00 00 00 00 2D
  can0  2D0   [8]  0B D4 09 00 B0 9C 00 0E
  can0  2D5   [2]  00 00
  can0  260   [8]  08 FF F4 00 00 00 00 65
  can0  0B0   [6]  00 00 00 00 11 09
  can0  0B2   [6]  00 00 00 00 11 09
  can0  224   [8]  00 00 00 00 00 00 00 00
  can0  2C6   [8]  00 00 00 00 00 00 00 D0
  can0  0B4   [8]  00 00 00 00 00 00 00 BC
  can0  0BA   [4]  05 FF 00 C2
  can0  232   [4]  03 03 08 46
  can0  262   [5]  20 00 00 00 89
  can0  0B0   [6]  00 00 00 00 11 0A
  can0  0B2   [6]  00 00 00 00 11 0A
  can0  2C4   [8]  06 07 00 1A 40 80 40 F5
  can0  2C1   [8]  08 02 FB 02 FF D7 00 A8
  can0  0B4   [8]  00 00 00 00 00 00 00 BC
  can0  223   [8]  00 00 00 00 00 00 00 2D
  can0  260   [8]  08 FF F5 00 00 00 00 66
  can0  2D5   [2]  00 00
  can0  0B0   [6]  00 00 00 00 11 0B
  can0  0B2   [6]  00 00 00 00 11 0B
  can0  224   [8]  00 00 00 00 00 00 00 00
  can0  2C5   [4]  00 05 C0 90
  can0  2D0   [8]  0B D1 09 00 B0 9C 00 0B
  can0  262   [5]  20 00 00 00 89
  can0  0B4   [8]  00 00 00 00 00 00 00 BC
  can0  0BA   [4]  06 00 00 C4
  can0  232   [4]  03 03 08 46
  can0  7DF   [8]  02 01 0B 00 00 00 00 00
  can0  2C6   [8]  00 00 00 00 00 00 00 D0
  can0  0B0   [6]  00 00 00 00 11 0C
  can0  0B2   [6]  00 00 00 00 11 0C
  can0  2C4   [8]  06 0D 00 1A 40 80 40 FB
  can0  260   [8]  08 FF F5 00 00 00 00 66
  can0  440   [8]  42 02 00 00 00 00 00 00
  can0  0B4   [8]  00 00 00 00 00 00 00 BC
  can0  223   [8]  00 00 00 00 00 00 00 2D
  can0  2D5   [2]  00 00
  can0  2C1   [8]  08 02 FB 03 07 D7 00 B1
  can0  262   [5]  20 00 00 00 89
  can0  0B0   [6]  00 00 00 00 11 0D
  can0  0B2   [6]  00 00 00 00 11 0D
  can0  224   [8]  00 00 00 00 00 00 00 00
  can0  0B4   [8]  00 00 00 00 00 00 00 BC
  can0  0BA   [4]  05 FF 00 C2
  can0  232   [4]  03 03 08 46
  can0  260   [8]  08 FF F5 00 00 00 00 66
  can0  2D0   [8]  0B D4 09 00 B0 9C 00 0E
  can0  2C4   [8]  06 09 00 1A 40 80 40 F7
  can0  0B0   [6]  00 00 00 00 11 0E
  can0  0B2   [6]  00 00 00 00 11 0E
  can0  0B4   [8]  00 00 00 00 00 00 00 BC
  can0  223   [8]  00 00 00 00 00 00 00 2D
  can0  2C6   [8]  00 00 00 00 00 00 00 D0
  can0  2D5   [2]  00 00
  can0  262   [5]  20 00 00 00 89
  can0  3A0   [8]  00 00 00 00 00 00 00 00
  can0  0B0   [6]  00 00 00 00 11 0F
  can0  0B2   [6]  00 00 00 00 11 0F
  can0  224   [8]  00 00 00 00 00 00 00 00
  can0  2C5   [4]  00 05 C0 90
  can0  260   [8]  08 FF F5 00 00 00 00 66
  can0  0B4   [8]  00 00 00 00 00 00 00 BC
  can0  0BA   [4]  05 FF 00 C2
  can0  232   [4]  03 03 08 46
  can0  2C1   [8]  08 03 04 03 0A D8 00 BF
  can0  2C4   [8]  06 0F 00 1A 40 80 40 FD
  can0  0B0   [6]  00 00 00 00 11 00
  can0  0B2   [6]  00 00 00 00 11 00
  can0  262   [5]  20 00 00 00 89
  can0  0B4   [8]  00 00 00 00 00 00 00 BC
  can0  223   [8]  00 00 00 00 00 00 00 2D
  can0  2D0   [8]  0B D3 09 00 B0 9C 00 0D
  can0  2D5   [2]  00 00
  can0  0B0   [6]  00 00 00 00 11 01
  can0  0B2   [6]  00 00 00 00 11 01
  can0  224   [8]  00 00 00 00 00 00 00 00
  can0  260   [8]  08 FF F4 00 00 00 00 65
  can0  2C6   [8]  00 00 00 00 00 00 00 D0
  can0  0B4   [8]  00 00 00 00 00 00 00 BC
  can0  0BA   [4]  05 FF 00 C2
  can0  232   [4]  03 03 08 46
  can0  2C4   [8]  06 0D 00 1A 40 80 40 FB
  can0  262   [5]  20 00 00 00 89
  can0  0B0   [6]  00 00 00 00 11 02
  can0  0B2   [6]  00 00 00 00 11 02
  can0  2C1   [8]  08 02 FB 03 07 D7 00 B1
  can0  0B4   [8]  00 00 00 00 00 00 00 BC
  can0  223   [8]  00 00 00 00 00 00 00 2D
  can0  2D5   [2]  00 00
  can0  260   [8]  08 FF F4 00 00 00 00 65
  can0  0B0   [6]  00 00 00 00 11 03
  can0  0B2   [6]  00 00 00 00 11 03
  can0  224   [8]  00 00 00 00 00 00 00 00
  can0  2C5   [4]  00 05 C0 90
  can0  2D0   [8]  0B D7 09 00 B0 9C 00 11
  can0  0B4   [8]  00 00 00 00 00 00 00 BC
  can0  0BA   [4]  05 FF 00 C2
  can0  232   [4]  03 03 08 46
  can0  262   [5]  20 00 00 00 89
  can0  2C4   [8]  06 0E 00 1A 40 80 40 FC
  can0  2C6   [8]  00 00 00 00 00 00 00 D0
  can0  0B0   [6]  00 00 00 00 11 04
  can0  0B2   [6]  00 00 00 00 11 04
  can0  260   [8]  08 FF F3 00 00 00 00 64
  can0  2D5   [2]  00 00
  can0  0B4   [8]  00 00 00 00 00 00 00 BC
  can0  223   [8]  00 00 00 00 00 00 00 2D
  can0  442   [8]  40 02 00 00 02 00 00 00
  can0  3B4   [8]  00 00 45 4C 80 00 00 00
  can0  2C1   [8]  08 02 FF 03 03 D7 00 B1
  can0  0B0   [6]  00 00 00 00 11 05
  can0  0B2   [6]  00 00 00 00 11 05
  can0  224   [8]  00 00 00 00 00 00 00 00
  can0  262   [5]  20 00 00 00 89
  can0  0B4   [8]  00 00 00 00 00 00 00 BC
  can0  0BA   [4]  05 FE 00 C1
  can0  232   [4]  03 03 08 46
  can0  3B7   [8]  00 00 00 00 00 00 00 00
  can0  2C4   [8]  06 11 00 1A 40 80 40 FF
  can0  2D0   [8]  0B DB 09 00 B0 9C 00 15
  can0  0B0   [6]  00 00 00 00 11 06
  can0  0B2   [6]  00 00 00 00 11 06
  can0  260   [8]  08 FF F3 00 00 00 00 64
  can0  2C6   [8]  00 00 00 00 00 00 00 D0
  can0  2D5   [2]  00 00
  can0  0B4   [8]  00 00 00 00 00 00 00 BC
  can0  223   [8]  00 00 00 00 00 00 00 2D
  can0  262   [5]  20 00 00 00 89
  can0  3A0   [8]  00 00 00 00 00 00 00 00
  can0  0B0   [6]  00 00 00 00 11 07
  can0  0B2   [6]  00 00 00 00 11 07
  can0  224   [8]  00 00 00 00 00 00 00 00
  can0  2C5   [4]  00 05 C0 90
  can0  2C1   [8]  08 02 F4 02 FD D7 00 9F
  can0  0B4   [8]  00 00 00 00 00 00 00 BC
  can0  0BA   [4]  05 FF 00 C2
  can0  232   [4]  03 03 08 46
  can0  2C4   [8]  06 13 00 1A 40 80 40 01
  can0  260   [8]  08 FF F3 00 00 00 00 64
  can0  0B0   [6]  00 00 00 00 11 08
  can0  0B2   [6]  00 00 00 00 11 08
  can0  2D0   [8]  0B DE 09 00 B0 9C 00 18
  can0  2D5   [2]  00 00
  can0  0B4   [8]  00 00 00 00 00 00 00 BC
  can0  223   [8]  00 00 00 00 00 00 00 2D
  can0  262   [5]  20 00 00 00 89
  can0  0B0   [6]  00 00 00 00 11 09
  can0  0B2   [6]  00 00 00 00 11 09
  can0  224   [8]  00 00 00 00 00 00 00 00
  can0  2C6   [8]  00 00 00 00 00 00 00 D0
  can0  398   [2]  01 FA
  can0  260   [8]  08 FF F3 00 00 00 00 64
  can0  3D6   [7]  00 00 00 00 00 00 00
  can0  4DC   [8]  1D 00 01 07 00 00 00 00
  can0  0B4   [8]  00 00 00 00 00 00 00 BC
  can0  0BA   [4]  05 FE 00 C1
  can0  232   [4]  03 03 08 46
  can0  2C4   [8]  06 15 00 1A 40 80 40 03
  can0  0B0   [6]  00 00 00 00 11 0A
  can0  0B2   [6]  00 00 00 00 11 0A
  can0  2C1   [8]  08 02 FB 03 04 D7 00 AE
  can0  262   [5]  20 00 00 00 89
  can0  2D5   [2]  00 00
  can0  620   [8]  10 00 00 00 30 40 00 50
  can0  0B4   [8]  00 00 00 00 00 00 00 BC
  can0  223   [8]  00 00 00 00 00 00 00 2D
  can0  0B0   [6]  00 00 00 00 11 0B
  can0  0B2   [6]  00 00 00 00 11 0B
  can0  224   [8]  00 00 00 00 00 00 00 00
  can0  2C5   [4]  00 05 C0 90
  can0  260   [8]  08 FF F3 00 00 00 00 64
  can0  2D0   [8]  0B E3 09 00 B0 9C 00 1D
  can0  0B4   [8]  00 00 00 00 00 00 00 BC
  can0  0BA   [4]  05 FF 00 C2
  can0  232   [4]  03 03 08 46
  can0  2C4   [8]  06 17 00 1A 40 80 40 05
  can0  2C6   [8]  00 00 00 00 00 00 00 D0
  can0  262   [5]  20 00 00 00 89
  can0  0B0   [6]  00 00 00 00 11 0C
  can0  0B2   [6]  00 00 00 00 11 0C
  can0  2D5   [2]  00 00
  can0  0B4   [8]  00 00 00 00 00 00 00 BC
  can0  223   [8]  00 00 00 00 00 00 00 2D
  can0  260   [8]  08 FF F3 00 00 00 00 64
  can0  2C1   [8]  08 02 F5 03 01 D7 00 A5
  can0  3B0   [5]  00 00 00 48 00
  can0  440   [8]  42 02 00 00 00 00 00 00
  can0  0B0   [6]  00 00 00 00 11 0D
  can0  0B2   [6]  00 00 00 00 11 0D
  can0  224   [8]  00 00 00 00 00 00 00 00
  can0  0B4   [8]  00 00 00 00 00 00 00 BC
  can0  0BA   [4]  05 FF 00 C2
  can0  232   [4]  03 03 08 46
  can0  262   [5]  20 00 00 00 89
  can0  2C4   [8]  06 06 00 1A 40 80 40 F4
  can0  2D0   [8]  0B E8 09 00 B0 9C 00 22
  can0  0B0   [6]  00 00 00 00 11 0E
  can0  0B2   [6]  00 00 00 00 11 0E
  can0  2D5   [2]  00 00
  can0  2C6   [8]  00 00 00 00 00 00 00 D0
  can0  260   [8]  08 FF F3 00 00 00 00 64
  can0  0B4   [8]  00 00 00 00 00 00 00 BC
  can0  223   [8]  00 00 00 00 00 00 00 2D
  can0  0B0   [6]  00 00 00 00 11 0F
  can0  0B2   [6]  00 00 00 00 11 0F
  can0  224   [8]  00 00 00 00 00 00 00 00
  can0  2C5   [4]  00 05 C0 90
  can0  262   [5]  20 00 00 00 89
  can0  3A0   [8]  00 00 00 00 00 00 00 00
  can0  2C1   [8]  08 02 F3 02 EF D7 00 90
  can0  0B4   [8]  00 00 00 00 00 00 00 BC
  can0  0BA   [4]  05 FE 00 C1
  can0  232   [4]  03 03 08 46
  can0  2C4   [8]  06 02 00 1A 40 80 40 F0
  can0  0B0   [6]  00 00 00 00 11 00
  can0  0B2   [6]  00 00 00 00 11 00
  can0  260   [8]  08 FF F3 00 00 00 00 64
  can0  2D5   [2]  00 00
  can0  2D0   [8]  0B DB 09 00 B0 9C 00 15
  can0  394   [1]  00
  can0  0B4   [8]  00 00 00 00 00 00 00 BC
  can0  223   [8]  00 00 00 00 00 00 00 2D
  can0  262   [5]  20 00 00 00 89
  can0  2C6   [8]  00 00 00 00 00 00 00 D0
  can0  0B0   [6]  00 00 00 00 11 01
  can0  0B2   [6]  00 00 00 00 11 01
  can0  224   [8]  00 00 00 00 00 00 00 00
  can0  2C4   [8]  06 07 00 1A 40 80 40 F5
  can0  0B4   [8]  00 00 00 00 00 00 00 BC
  can0  0BA   [4]  05 FF 00 C2
  can0  232   [4]  03 03 08 46
  can0  260   [8]  08 FF F3 00 00 00 00 64
  can0  380   [8]  00 20 00 00 00 00 27 00
  can0  2C1   [8]  08 03 8D 02 EA DC 00 2B
  can0  0B0   [6]  00 00 00 00 11 02
  can0  0B2   [6]  00 00 00 00 11 02
  can0  2D5   [2]  00 00
  can0  3B3   [3]  06 06 28
  can0  262   [5]  20 00 00 00 89
  can0  0B4   [8]  00 00 00 00 00 00 00 BC
  can0  223   [8]  00 00 00 00 00 00 00 2D
  can0  2D0   [8]  0B D2 09 00 B0 9C 00 0C
  can0  2C5   [4]  00 05 C0 90
  can0  0B0   [6]  00 00 00 00 11 03
  can0  0B2   [6]  00 00 00 00 11 03
  can0  224   [8]  00 00 00 00 00 00 00 00
  can0  260   [8]  08 FF F3 00 00 00 00 64
  can0  2C4   [8]  06 09 00 1A 40 80 40 F7
  can0  0B4   [8]  00 00 00 00 00 00 00 BC
  can0  0BA   [4]  06 00 00 C4
  can0  232   [4]  03 03 08 46
  can0  4C3   [8]  04 00 12 07 00 00 00 00
  can0  2C6   [8]  00 00 00 00 00 00 00 D0
  can0  0B0   [6]  00 00 00 00 11 04
  can0  0B2   [6]  00 00 00 00 11 04
  can0  2D5   [2]  00 00
  can0  262   [5]  20 00 00 00 89
  can0  3A1   [8]  00 00 00 00 00 00 00 00
  can0  0B4   [8]  00 00 00 00 00 00 00 BC
  can0  223   [8]  00 00 00 00 00 00 00 2D
  can0  2C1   [8]  08 02 F4 02 F5 D7 00 97
  can0  260   [8]  08 FF F3 00 00 00 00 64
  can0  0B0   [6]  00 00 00 00 11 05
  can0  0B2   [6]  00 00 00 00 11 05
  can0  224   [8]  00 00 00 00 00 00 00 00
  can0  442   [8]  40 02 00 00 02 00 00 00
  can0  2C4   [8]  06 01 00 1A 40 80 40 EF
  can0  0B4   [8]  00 00 00 00 00 00 00 BC
  can0  0BA   [4]  05 FE 00 C1
  can0  232   [4]  03 03 08 46
  can0  2D0   [8]  0B CE 09 00 B0 9C 00 08
  can0  262   [5]  20 00 00 00 89
  can0  0B0   [6]  00 00 00 00 11 06
  can0  0B2   [6]  00 00 00 00 11 06
  can0  2D5   [2]  00 00
  can0  2C6   [8]  00 00 00 00 00 00 00 D0
  can0  0B4   [8]  00 00 00 00 00 00 00 BC
  can0  223   [8]  00 00 00 00 00 00 00 2D
  can0  260   [8]  08 FF F4 00 00 00 00 65
  can0  2C5   [4]  00 05 C0 90
  can0  0B0   [6]  00 00 00 00 11 07
  can0  0B2   [6]  00 00 00 00 11 07
  can0  224   [8]  00 00 00 00 00 00 00 00
  can0  2C1   [8]  08 03 07 02 FB D8 00 B2
  can0  2C4   [8]  05 FF 00 1A 40 80 40 EC
  can0  262   [5]  20 00 00 00 89
  can0  0B4   [8]  00 00 00 00 00 00 00 BC
  can0  0BA   [4]  05 FF 00 C2
  can0  232   [4]  03 03 08 46
  can0  3A0   [8]  00 00 00 00 00 00 00 00
  can0  610   [8]  20 00 00 64 00 00 00 00
  can0  2D5   [2]  00 00
  can0  0B0   [6]  00 00 00 00 11 08
  can0  0B2   [6]  00 00 00 00 11 08
  can0  2D0   [8]  0B C6 09 00 B0 9C 00 00
  can0  260   [8]  08 FF F5 00 00 00 00 66
  can0  0B4   [8]  00 00 00 00 00 00 00 BC
  can0  223   [8]  00 00 00 00 00 00 00 2D
  can0  611   [8]  21 00 00 10 00 03 C1 4F
  can0  7DF   [8]  02 01 10 00 00 00 00 00
  can0  2C6   [8]  00 00 00 00 00 00 00 D0
  can0  7E8   [8]  04 41 10 01 E4 00 00 00
  can0  0B0   [6]  00 00 00 00 11 09
  can0  0B2   [6]  00 00 00 00 11 09
  can0  224   [8]  00 00 00 00 00 00 00 00
  can0  262   [5]  20 00 00 00 89
  can0  2C4   [8]  06 03 00 1A 40 80 40 F1
  can0  0B4   [8]  00 00 00 00 00 00 00 BC
  can0  0BA   [4]  06 01 00 C5
  can0  232   [4]  03 03 08 46
  can0  2C1   [8]  08 03 06 03 02 D8 00 B9
  can0  2D5   [2]  00 00
  can0  260   [8]  08 FF F5 00 00 00 00 66
  can0  0B0   [6]  00 00 00 00 11 0A
  can0  0B2   [6]  00 00 00 00 11 0A
  can0  0B4   [8]  00 00 00 00 00 00 00 BC
  can0  223   [8]  00 00 00 00 00 00 00 2D
  can0  262   [5]  20 00 00 00 89
  can0  2D0   [8]  0B C4 09 00 B0 9C 00 FE
  can0  2C5   [4]  00 05 C0 90
  can0  0B0   [6]  00 00 00 00 11 0B
  can0  0B2   [6]  00 00 00 00 11 0B
  can0  224   [8]  00 00 00 00 00 00 00 00
  can0  2C4   [8]  06 09 00 1A 40 80 40 F7
  can0  2C6   [8]  00 00 00 00 00 00 00 D0
  can0  0B4   [8]  00 00 00 00 00 00 00 BC
  can0  0BA   [4]  06 00 00 C4
  can0  232   [4]  03 03 08 46
  can0  260   [8]  08 FF F5 00 00 00 00 66
  can0  2D5   [2]  00 00
  can0  0B0   [6]  00 00 00 00 11 0C
  can0  0B2   [6]  00 00 00 00 11 0C
  can0  262   [5]  20 00 00 00 89
  can0  2C1   [8]  08 03 04 03 09 D8 00 BE
  can0  0B4   [8]  00 00 00 00 00 00 00 BC
  can0  223   [8]  00 00 00 00 00 00 00 2D
  can0  0B0   [6]  00 00 00 00 11 0D
  can0  0B2   [6]  00 00 00 00 11 0D
  can0  224   [8]  00 00 00 00 00 00 00 00
  can0  440   [8]  42 02 00 00 00 00 00 00
  can0  2C4   [8]  06 03 00 1A 40 80 40 F1
  can0  260   [8]  08 FF F4 00 00 00 00 65
  can0  2D0   [8]  0B C7 09 00 B0 9C 00 01
  can0  0B4   [8]  00 00 00 00 00 00 00 BC
  can0  0BA   [4]  05 FF 00 C2
  can0  232   [4]  03 03 08 46
  can0  2D5   [2]  00 00
  can0  0B0   [6]  00 00 00 00 11 0E
  can0  0B2   [6]  00 00 00 00 11 0E
  can0  262   [5]  20 00 00 00 89
  can0  2C6   [8]  00 00 00 00 00 00 00 D0
  can0  0B4   [8]  00 00 00 00 00 00 00 BC
  can0  223   [8]  00 00 00 00 00 00 00 2D
  can0  3B7   [8]  00 00 00 00 00 00 00 00
  can0  260   [8]  08 FF F3 00 00 00 00 64
  can0  2C5   [4]  00 05 C0 90
  can0  0B0   [6]  00 00 00 00 11 0F
  can0  0B2   [6]  00 00 00 00 11 0F
  can0  224   [8]  00 00 00 00 00 00 00 00
  can0  2C1   [8]  08 03 03 02 FF D8 00 B2
  can0  2C4   [8]  06 00 00 1A 40 80 40 EE
  can0  0B4   [8]  00 00 00 00 00 00 00 BC
  can0  0BA   [4]  06 01 00 C5
  can0  232   [4]  03 03 08 46
  can0  262   [5]  20 00 00 00 89
  can0  2D5   [2]  00 00
  can0  3A0   [8]  00 00 00 00 00 00 00 00
  can0  0B0   [6]  00 00 00 00 11 00
  can0  0B2   [6]  00 00 00 00 11 00
  can0  2D0   [8]  0B C3 09 00 B0 9C 00 FD
  can0  621   [8]  11 00 00 00 00 00 00 00
  can0  0B4   [8]  00 00 00 00 00 00 00 BC
  can0  223   [8]  00 00 00 00 00 00 00 2D
  can0  260   [8]  08 FF F3 00 00 00 00 64
  can0  2C6   [8]  00 00 00 00 00 00 00 D0
  can0  0B0   [6]  00 00 00 00 11 01
  can0  0B2   [6]  00 00 00 00 11 01
  can0  224   [8]  00 00 00 00 00 00 00 00
  can0  2C4   [8]  06 04 00 1A 40 80 40 F2
  can0  7DF   [8]  02 01 11 00 00 00 00 00
  can0  7E8   [8]  03 41 11 34 00 00 00 00
  can0  262   [5]  20 00 00 00 89
  can0  0B4   [8]  00 00 00 00 00 00 00 BC
  can0  0BA   [4]  06 01 00 C5
  can0  232   [4]  03 03 08 46
  can0  622   [8]  12 00 00 00 00 00 00 00
  can0  2C1   [8]  08 02 FF 02 FD D7 00 AA
  can0  2D5   [2]  00 00
  can0  0B0   [6]  00 00 00 00 11 02
  can0  0B2   [6]  00 00 00 00 11 02
  can0  260   [8]  08 FF F3 00 00 00 00 64
  can0  624   [8]  1A 00 00 49 49 00 00 00
  can0  0B4   [8]  00 00 00 00 00 00 00 BC
  can0  223   [8]  00 00 00 00 00 00 00 2D
  can0  2D0   [8]  0B C3 09 00 B0 9C 00 FD
  can0  2C5   [4]  00 05 C0 90
  can0  0B0   [6]  00 00 00 00 11 03
  can0  0B2   [6]  00 00 00 00 11 03
  can0  224   [8]  00 00 00 00 00 00 00 00
  can0  262   [5]  20 00 00 00 89
  can0  2C4   [8]  06 09 00 1A 40 80 40 F7
  can0  630   [8]  17 00 00 00 00 00 00 00
  can0  640   [8]  A8 00 00 00 01 89 00 00
  can0  2C6   [8]  00 00 00 00 00 00 00 D0
  can0  0B4   [8]  00 00 00 00 00 00 00 BC
  can0  0BA   [4]  06 00 00 C4
  can0  232   [4]  03 03 08 46
  can0  2D5   [2]  00 00
  can0  260   [8]  08 FF F3 00 00 00 00 64
  can0  620   [8]  10 00 00 00 30 40 00 50
  can0  0B0   [6]  00 00 00 00 11 04
  can0  0B2   [6]  00 00 00 00 11 04
  can0  2C1   [8]  08 02 FF 03 05 D7 00 B3
  can0  0B4   [8]  00 00 00 00 00 00 00 BC
  can0  223   [8]  00 00 00 00 00 00 00 2D
  can0  638   [8]  13 00 10 00 00 00 00 00
  can0  262   [5]  20 00 00 00 89
  can0  442   [8]  40 02 00 00 02 00 00 00
  can0  2C4   [8]  06 03 00 1A 40 80 40 F1
  can0  0B0   [6]  00 00 00 00 11 05
  can0  0B2   [6]  00 00 00 00 11 05
  can0  224   [8]  00 00 00 00 00 00 00 00
  can0  2D0   [8]  0B C7 09 00 B0 9C 00 01
  can0  0B4   [8]  00 00 00 00 00 00 00 BC
  can0  0BA   [4]  06 00 00 C4
  can0  232   [4]  03 03 08 46
  can0  260   [8]  08 FF F3 00 00 00 00 64
  can0  2D5   [2]  00 00
  can0  0B0   [6]  00 00 00 00 11 06
  can0  0B2   [6]  00 00 00 00 11 06
  can0  2C6   [8]  00 00 00 00 00 00 00 D0
  can0  262   [5]  20 00 00 00 89
  can0  0B4   [8]  00 00 00 00 00 00 00 BC
  can0  223   [8]  00 00 00 00 00 00 00 2D
  can0  2C4   [8]  05 F8 00 1A 40 80 40 E5
  can0  2C5   [4]  00 05 C0 90
  can0  0B0   [6]  00 00 00 00 11 07
  can0  0B2   [6]  00 00 00 00 11 07
  can0  224   [8]  00 00 00 00 00 00 00 00
  can0  2C1   [8]  08 03 10 03 02 D8 00 C3
  can0  260   [8]  08 FF F3 00 00 00 00 64
  can0  0B4   [8]  00 00 00 00 00 00 00 BC
  can0  0BA   [4]  06 01 00 C5
  can0  232   [4]  03 03 08 46
  can0  2D5   [2]  00 00
  can0  2D0   [8]  0B C4 09 00 B0 9C 00 FE
  can0  0B0   [6]  00 00 00 00 11 08
  can0  0B2   [6]  00 00 00 00 11 08
  can0  262   [5]  20 00 00 00 89
  can0  3A0   [8]  00 00 00 00 00 00 00 00
  can0  0B4   [8]  00 00 00 00 00 00 00 BC
  can0  223   [8]  00 00 00 00 00 00 00 2D
  can0  2C6   [8]  00 00 00 00 00 00 00 D0
  can0  260   [8]  08 FF F3 00 00 00 00 64
  can0  2C4   [8]  05 FF 00 1A 40 80 40 EC
  can0  0B0   [6]  00 00 00 00 11 09
  can0  0B2   [6]  00 00 00 00 11 09
  can0  224   [8]  00 00 00 00 00 00 00 00
  can0  394   [1]  00
  can0  0B4   [8]  00 00 00 00 00 00 00 BC
  can0  0BA   [4]  06 01 00 C5
  can0  232   [4]  03 03 08 46
  can0  2D5   [2]  00 00
  can0  2C1   [8]  08 03 1E 02 F5 D8 00 C3
  can0  262   [5]  20 00 00 00 89
  can0  7DF   [8]  02 01 0E 00 00 00 00 00
  can0  7E8   [8]  03 41 0E 91 00 00 00 00
  can0  0B0   [6]  00 00 00 00 11 0A
  can0  0B2   [6]  00 00 00 00 11 0A
  can0  0B4   [8]  00 00 00 00 00 00 00 BC
  can0  223   [8]  00 00 00 00 00 00 00 2D
  can0  260   [8]  08 FF F3 00 00 00 00 64
  can0  2D0   [8]  0B BC 09 00 B0 9C 00 F6
  can0  2C4   [8]  06 08 00 1A 40 80 40 F6
  can0  2C5   [4]  00 05 C0 90
  can0  0B0   [6]  00 00 00 00 11 0B
  can0  0B2   [6]  00 00 00 00 11 0B
  can0  224   [8]  00 00 00 00 00 00 00 00
  can0  2C6   [8]  00 00 00 00 00 00 00 D0
  can0  262   [5]  20 00 00 00 89
  can0  4DD   [8]  1E 00 00 05 00 00 00 00
  can0  0B4   [8]  00 00 00 00 00 00 00 BC
  can0  0BA   [4]  06 01 00 C5
  can0  232   [4]  03 03 08 46
  can0  2D5   [2]  00 00
  can0  0B0   [6]  00 00 00 00 11 0C
  can0  0B2   [6]  00 00 00 00 11 0C
  can0  260   [8]  08 FF F3 00 00 00 00 64
  can0  2C1   [8]  08 02 FF 02 F8 D7 00 A5
  can0  0B4   [8]  00 00 00 00 00 00 00 BC
  can0  223   [8]  00 00 00 00 00 00 00 2D
  can0  2C4   [8]  06 04 00 1A 40 80 40 F2
  can0  440   [8]  42 02 00 00 00 00 00 00
  can0  262   [5]  20 00 00 00 89
  can0  0B0   [6]  00 00 00 00 11 0D
  can0  0B2   [6]  00 00 00 00 11 0D
  can0  224   [8]  00 00 00 00 00 00 00 00
  can0  2D0   [8]  0B C0 09 00 B0 9C 00 FA
  can0  2D5   [2]  00 00
  can0  0B4   [8]  00 00 00 00 00 00 00 BC
  can0  0BA   [4]  06 00 00 C4
  can0  232   [4]  03 03 08 46
  can0  260   [8]  08 FF F3 00 00 00 00 64
  can0  2C6   [8]  00 00 00 00 00 00 00 D0
  can0  0B0   [6]  00 00 00 00 11 0E
  can0  0B2   [6]  00 00 00 00 11 0E
  can0  0B4   [8]  00 00 00 00 00 00 00 BC
  can0  223   [8]  00 00 00 00 00 00 00 2D
  can0  262   [5]  20 00 00 00 89
  can0  2C4   [8]  06 01 00 1A 40 80 40 EF
  can0  2C1   [8]  08 03 04 02 F7 D8 00 AB
  can0  2C5   [4]  00 05 C0 90
  can0  0B0   [6]  00 00 00 00 11 0F
  can0  0B2   [6]  00 00 00 00 11 0F
  can0  224   [8]  00 00 00 00 00 00 00 00
  can0  2D5   [2]  00 00
  can0  260   [8]  08 FF F3 00 00 00 00 64
  can0  0B4   [8]  00 00 00 00 00 00 00 BC
  can0  0BA   [4]  06 01 00 C5
  can0  232   [4]  03 03 08 46
  can0  2D0   [8]  0B C3 09 00 B0 9C 00 FD
  can0  0B0   [6]  00 00 00 00 11 00
  can0  0B2   [6]  00 00 00 00 11 00
  can0  262   [5]  20 00 00 00 89
  can0  3A0   [8]  00 00 00 00 00 00 00 00
  can0  0B4   [8]  00 00 00 00 00 00 00 BC
  can0  223   [8]  00 00 00 00 00 00 00 2D
  can0  2C6   [8]  00 00 00 00 00 00 00 D0
  can0  2C4   [8]  06 05 00 1A 40 80 40 F3
  can0  0B0   [6]  00 00 00 00 11 01
  can0  0B2   [6]  00 00 00 00 11 01
  can0  224   [8]  00 00 00 00 00 00 00 00
  can0  260   [8]  08 FF F4 00 00 00 00 65
  can0  2D5   [2]  00 00
  can0  0B4   [8]  00 00 00 00 00 00 00 BC
  can0  0BA   [4]  06 03 00 C7
  can0  232   [4]  03 03 08 46
  can0  2C1   [8]  08 03 01 02 F0 D8 00 A1
  can0  262   [5]  20 00 00 00 89
  can0  0B0   [6]  00 00 00 00 11 02
  can0  0B2   [6]  00 00 00 00 11 02
  can0  7DF   [8]  02 01 06 00 00 00 00 00
  can0  7E8   [8]  03 41 06 78 00 00 00 00
  can0  2D0   [8]  0B C3 09 00 B0 9C 00 FD
  can0  0B4   [8]  00 00 00 00 00 00 00 BC
  can0  223   [8]  00 00 00 00 00 00 00 2D
  can0  2C4   [8]  06 06 00 1A 40 80 40 F4
  can0  260   [8]  08 FF F5 00 00 00 00 66
  can0  2C5   [4]  00 05 C0 90
  can0  0B0   [6]  00 00 00 00 11 03
  can0  0B2   [6]  00 00 00 00 11 03
  can0  224   [8]  00 00 00 00 00 00 00 00
  can0  2C6   [8]  00 00 00 00 00 00 00 D0
  can0  2D5   [2]  00 00
  can0  0B4   [8]  00 00 00 00 00 00 00 BC
  can0  0BA   [4]  06 00 00 C4
  can0  232   [4]  03 03 08 46
  can0  262   [5]  20 00 00 00 89
  can0  0B0   [6]  00 00 00 00 11 04
  can0  0B2   [6]  00 00 00 00 11 04
  can0  2C1   [8]  08 02 F6 02 E6 D7 00 8A
  can0  260   [8]  08 FF F5 00 00 00 00 66
  can0  0B4   [8]  00 00 00 00 00 00 00 BC
  can0  223   [8]  00 00 00 00 00 00 00 2D
  can0  442   [8]  40 02 00 00 02 00 00 00
  can0  2C4   [8]  06 0B 00 1A 40 80 40 F9
  can0  3B1   [8]  00 00 02 2A A0 00 00 00
  can0  0B0   [6]  00 00 00 00 11 05
  can0  0B2   [6]  00 00 00 00 11 05
  can0  224   [8]  00 00 00 00 00 00 00 00
  can0  2D0   [8]  0B C9 09 00 B0 9C 00 03
  can0  2D5   [2]  00 00
  can0  262   [5]  20 00 00 00 89
  can0  0B4   [8]  00 00 00 00 00 00 00 BC
  can0  0BA   [4]  06 00 00 C4
  can0  232   [4]  03 03 08 46
  can0  2C6   [8]  00 00 00 00 00 00 00 D0
  can0  0B0   [6]  00 00 00 00 11 06
  can0  0B2   [6]  00 00 00 00 11 06
  can0  260   [8]  08 FF F5 00 00 00 00 66
  can0  0B4   [8]  00 00 00 00 00 00 00 BC
  can0  223   [8]  00 00 00 00 00 00 00 2D
  can0  2C4   [8]  06 0B 00 1A 40 80 40 F9
  can0  2C1   [8]  08 02 F3 02 E3 D7 00 84
  can0  2C5   [4]  00 05 C0 90
  can0  262   [5]  20 00 00 00 89
  can0  0B0   [6]  00 00 00 00 11 07
  can0  0B2   [6]  00 00 00 00 11 07
  can0  224   [8]  00 00 00 00 00 00 00 00
  can0  2D5   [2]  00 00
  can0  4C8   [8]  09 00 01 06 00 00 00 00
  can0  0B4   [8]  00 00 00 00 00 00 00 BC
  can0  0BA   [4]  06 01 00 C5
  can0  232   [4]  03 03 08 46
  can0  3B7   [8]  00 00 00 00 00 00 00 00
  can0  2D0   [8]  0B D0 09 00 B0 9C 00 0A
  can0  260   [8]  08 FF F5 00 00 00 00 66
  can0  0B0   [6]  00 00 00 00 11 08
  can0  0B2   [6]  00 00 00 00 11 08
  can0  2C6   [8]  00 00 00 00 00 00 00 D0
  can0  2C4   [8]  06 0D 00 1A 40 80 40 FB
  can0  0B4   [8]  00 00 00 00 00 00 00 BC
  can0  223   [8]  00 00 00 00 00 00 00 2D
  can0  262   [5]  20 00 00 00 89
  can0  3A0   [8]  00 00 00 00 00 00 00 00
  can0  0B0   [6]  00 00 00 00 11 09
  can0  0B2   [6]  00 00 00 00 11 09
  can0  224   [8]  00 00 00 00 00 00 00 00
  can0  2D5   [2]  00 00
  can0  260   [8]  08 FF F5 00 00 00 00 66
  can0  2C1   [8]  08 02 F8 02 E7 D7 00 8D
  can0  0B4   [8]  00 00 00 00 00 00 00 BC
  can0  0BA   [4]  06 01 00 C5
  can0  232   [4]  03 03 08 46
  can0  0B0   [6]  00 00 00 00 11 0A
  can0  0B2   [6]  00 00 00 00 11 0A
  can0  262   [5]  20 00 00 00 89
  can0  2D0   [8]  0B D4 09 00 B0 9C 00 0E
  can0  2C4   [8]  06 0D 00 1A 40 80 40 FB
  can0  0B4   [8]  00 00 00 00 00 00 00 BC
  can0  223   [8]  00 00 00 00 00 00 00 2D
  can0  7DF   [8]  02 01 07 00 00 00 00 00
  can0  2C5   [4]  00 05 C0 90
  can0  7E8   [8]  03 41 07 88 00 00 00 00
  can0  0B0   [6]  00 00 00 00 11 0B
  can0  0B2   [6]  00 00 00 00 11 0B
  can0  224   [8]  00 00 00 00 00 00 00 00
  can0  260   [8]  08 FF F4 00 00 00 00 65
  can0  2C6   [8]  00 00 00 00 00 00 00 D0
  can0  2D5   [2]  00 00
  can0  0B4   [8]  00 00 00 00 00 00 00 BC
  can0  0BA   [4]  05 FF 00 C2
  can0  232   [4]  03 03 08 46
  can0  262   [5]  20 00 00 00 89
  can0  0B0   [6]  00 00 00 00 11 0C
  can0  0B2   [6]  00 00 00 00 11 0C
  can0  2C1   [8]  08 02 F3 02 E2 D7 00 83
  can0  620   [8]  10 00 00 00 30 40 00 50
  can0  2C4   [8]  06 11 00 1A 40 80 40 FF
  can0  0B4   [8]  00 00 00 00 00 00 00 BC
  can0  223   [8]  00 00 00 00 00 00 00 2D
  can0  440   [8]  42 02 00 00 00 00 00 00
  can0  260   [8]  08 FF F3 00 00 00 00 64
  can0  3B3   [3]  06 0E 28
  can0  2D0   [8]  0B DA 09 00 B0 9C 00 14
  can0  0B0   [6]  00 00 00 00 11 0D
  can0  0B2   [6]  00 00 00 00 11 0D
  can0  224   [8]  00 00 00 00 00 00 00 00
  can0  2D5   [2]  00 00
  can0  0B4   [8]  00 00 00 00 00 00 00 BC
  can0  0BA   [4]  06 01 00 C5
  can0  232   [4]  03 03 08 46
  can0  262   [5]  20 00 00 00 89
  can0  2C6   [8]  00 00 00 00 00 00 00 D0
  can0  0B0   [6]  00 00 00 00 11 0E
  can0  0B2   [6]  00 00 00 00 11 0E
  can0  2C4   [8]  06 09 00 1A 40 80 40 F7
  can0  260   [8]  08 FF F3 00 00 00 00 64
  can0  0B4   [8]  00 00 00 00 00 00 00 BC
  can0  223   [8]  00 00 00 00 00 00 00 2D
  can0  2C1   [8]  08 02 E6 02 D4 D7 00 68
  can0  2C5   [4]  00 05 C0 90
  can0  0B0   [6]  00 00 00 00 11 0F
  can0  0B2   [6]  00 00 00 00 11 0F
  can0  224   [8]  00 00 00 00 00 00 00 00
  can0  2D5   [2]  00 00
  can0  262   [5]  20 00 00 00 89
  can0  4C1   [8]  01 00 09 08 00 00 00 00
  can0  0B4   [8]  00 00 00 00 00 00 00 BC
  can0  0BA   [4]  06 00 00 C4
  can0  232   [4]  03 03 08 46
  can0  2D0   [8]  0B DA 09 00 B0 9C 00 14
  can0  0B0   [6]  00 00 00 00 11 00
  can0  0B2   [6]  00 00 00 00 11 00
  can0  260   [8]  08 FF F3 00 00 00 00 64
  can0  2C4   [8]  06 09 00 1A 40 80 40 F7
  can0  2C6   [8]  00 00 00 00 00 00 00 D0
  can0  0B4   [8]  00 00 00 00 00 00 00 BC
  can0  223   [8]  00 00 00 00 00 00 00 2D
  can0  262   [5]  20 00 00 00 89
  can0  2D5   [2]  00 00
  can0  3A0   [8]  00 00 00 00 00 00 00 00
  can0  0B0   [6]  00 00 00 00 11 01
  can0  0B2   [6]  00 00 00 00 11 01
  can0  224   [8]  00 00 00 00 00 00 00 00
  can0  610   [8]  20 00 00 64 00 00 00 00
  can0  2C1   [8]  08 02 E6 02 D0 D7 00 64
  can0  0B4   [8]  00 00 00 00 00 00 00 BC
  can0  0BA   [4]  05 FF 00 C2
  can0  232   [4]  03 03 08 46
  can0  260   [8]  08 FF F3 00 00 00 00 64
  can0  0B0   [6]  00 00 00 00 11 02
  can0  0B2   [6]  00 00 00 00 11 02
  can0  394   [1]  00
  can0  2C4   [8]  06 08 00 1A 40 80 40 F6
  can0  2D0   [8]  0B D7 09 00 B0 9C 00 11
  can0  262   [5]  20 00 00 00 89
  can0  0B4   [8]  00 00 00 00 00 00 00 BC
  can0  223   [8]  00 00 00 00 00 00 00 2D
  can0  2C5   [4]  00 05 C0 90
  can0  2C6   [8]  00 00 00 00 00 00 00 D0
  can0  2D5   [2]  00 00
  can0  0B0   [6]  00 00 00 00 11 03
  can0  0B2   [6]  00 00 00 00 11 03
  can0  224   [8]  00 00 00 00 00 00 00 00
  can0  7DF   [8]  02 01 15 00 00 00 00 00
  can0  260   [8]  08 FF F3 00 00 00 00 64
  can0  7E8   [8]  04 41 15 00 FF 00 00 00
  can0  0B4   [8]  00 00 00 00 00 00 00 BC
  can0  0BA   [4]  05 FF 00 C2
  can0  232   [4]  03 03 08 46
  can0  2C1   [8]  08 02 E8 02 D3 D7 00 69
  can0  0B0   [6]  00 00 00 00 11 04
  can0  0B2   [6]  00 00 00 00 11 04
  can0  262   [5]  20 00 00 00 89
  can0  2C4   [8]  06 11 00 1A 40 80 40 FF
  can0  442   [8]  40 02 00 00 02 00 00 00
  can0  0B4   [8]  00 00 00 00 00 00 00 BC
  can0  223   [8]  00 00 00 00 00 00 00 2D
  can0  2D0   [8]  0B D8 09 00 B0 9C 00 12
  can0  2D5   [2]  00 00
  can0  260   [8]  08 FF F3 00 00 00 00 64
  can0  0B0   [6]  00 00 00 00 11 05
  can0  0B2   [6]  00 00 00 00 11 05
  can0  224   [8]  00 00 00 00 00 00 00 00
  can0  0B4   [8]  00 00 00 00 00 00 00 BC
  can0  0BA   [4]  05 FF 00 C2
  can0  232   [4]  03 03 08 46
  can0  2C6   [8]  00 00 00 00 00 00 00 D0
  can0  262   [5]  20 00 00 00 89
  can0  0B0   [6]  00 00 00 00 11 06
  can0  0B2   [6]  00 00 00 00 11 06
  can0  2C4   [8]  06 0C 00 1A 40 80 40 FA
  can0  0B4   [8]  00 00 00 00 00 00 00 BC
  can0  223   [8]  00 00 00 00 00 00 00 2D
  can0  2C1   [8]  08 02 F1 02 DC D7 00 7B
  can0  260   [8]  08 FF F3 00 00 00 00 64
  can0  2C5   [4]  00 05 C0 90
  can0  2D5   [2]  00 00
  can0  0B0   [6]  00 00 00 00 11 07
  can0  0B2   [6]  00 00 00 00 11 07
  can0  224   [8]  00 00 00 00 00 00 00 00
  can0  262   [5]  20 00 00 00 89
  can0  0B4   [8]  00 00 00 00 00 00 00 BC
  can0  0BA   [4]  05 FF 00 C2
  can0  232   [4]  03 03 08 46
  can0  2D0   [8]  0B D7 09 00 B0 9C 00 11
  can0  0B0   [6]  00 00 00 00 11 08
  can0  0B2   [6]  00 00 00 00 11 08
  can0  2C4   [8]  06 05 00 1A 40 80 40 F3
  can0  2C6   [8]  00 00 00 00 00 00 00 D0
  can0  260   [8]  08 FF F3 00 00 00 00 64
  can0  0B4   [8]  00 00 00 00 00 00 00 BC
  can0  223   [8]  00 00 00 00 00 00 00 2D
  can0  2D5   [2]  00 00
  can0  0B0   [6]  00 00 00 00 11 09
  can0  0B2   [6]  00 00 00 00 11 09
  can0  224   [8]  00 00 00 00 00 00 00 00
  can0  262   [5]  20 00 00 00 89
  can0  2C1   [8]  08 03 05 02 E5 D8 00 9A
  can0  3A0   [8]  00 00 00 00 00 00 00 00
  can0  0B4   [8]  00 00 00 00 00 00 00 BC
  can0  0BA   [4]  05 FE 00 C1
  can0  232   [4]  03 03 08 46
  can0  260   [8]  08 FF F3 00 00 00 00 64
  can0  0B0   [6]  00 00 00 00 11 0A
  can0  0B2   [6]  00 00 00 00 11 0A
  can0  2C4   [8]  06 0B 00 1A 40 80 40 F9
  can0  2D0   [8]  0B D4 09 00 B0 9C 00 0E
  can0  0B4   [8]  00 00 00 00 00 00 00 BC
  can0  223   [8]  00 00 00 00 00 00 00 2D
  can0  2D5   [2]  00 00
  can0  262   [5]  20 00 00 00 89
  can0  2C5   [4]  00 05 C0 90
  can0  2C6   [8]  00 00 00 00 00 00 00 D0
  can0  0B0   [6]  00 00 00 00 11 0B
  can0  0B2   [6]  00 00 00 00 11 0B
  can0  224   [8]  00 00 00 00 00 00 00 00
  can0  0B4   [8]  00 00 00 00 00 00 00 BC
  can0  0BA   [4]  05 FE 00 C1
  can0  232   [4]  03 03 08 46
  can0  260   [8]  08 FF F3 00 00 00 00 64
  can0  7DF   [8]  02 01 1F 00 00 00 00 00
  can0  2C1   [8]  08 03 04 02 F3 D8 00 A7
  can0  7E8   [8]  04 41 1F 00 2D 00 00 00
  can0  2C4   [8]  06 12 00 1A 40 80 40 00
  can0  0B0   [6]  00 00 00 00 11 0C
  can0  0B2   [6]  00 00 00 00 11 0C
  can0  440   [8]  42 02 00 00 00 00 00 00
  can0  262   [5]  20 00 00 00 89
  can0  0B4   [8]  00 00 00 00 00 00 00 BC
  can0  223   [8]  00 00 00 00 00 00 00 2D
  can0  2D5   [2]  00 00
  can0  2D0   [8]  0B D4 09 00 B0 9C 00 0E
  can0  0B0   [6]  00 00 00 00 11 0D
  can0  0B2   [6]  00 00 00 00 11 0D
  can0  224   [8]  00 00 00 00 00 00 00 00
  can0  260   [8]  08 FF F4 00 00 00 00 65
  can0  2C6   [8]  00 00 00 00 00 00 00 D0
  can0  0B4   [8]  00 00 00 00 00 00 00 BC
  can0  0BA   [4]  05 FE 00 C1
  can0  232   [4]  03 03 08 46
  can0  2C4   [8]  06 03 00 1A 40 80 40 F1
  can0  0B0   [6]  00 00 00 00 11 0E
  can0  0B2   [6]  00 00 00 00 11 0E
  can0  262   [5]  20 00 00 00 89
  can0  2C1   [8]  08 02 FF 02 EE D7 00 9B
  can0  0B4   [8]  00 00 00 00 00 00 00 BC
  can0  223   [8]  00 00 00 00 00 00 00 2D
  can0  2D5   [2]  00 00
  can0  2C5   [4]  00 05 C0 90
  can0  260   [8]  08 FF F3 00 00 00 00 64
  can0  0B0   [6]  00 00 00 00 11 0F
  can0  0B2   [6]  00 00 00 00 11 0F
  can0  224   [8]  00 00 00 00 00 00 00 00
  can0  2D0   [8]  0B D6 09 00 B0 9C 00 10
  can0  0B4   [8]  00 00 00 00 00 00 00 BC
  can0  0BA   [4]  05 FE 00 C1
  can0  232   [4]  03 03 08 46
  can0  262   [5]  20 00 00 00 89
  can0  2C4   [8]  06 03 00 1A 40 80 40 F1
  can0  0B0   [6]  00 00 00 00 11 00
  can0  0B2   [6]  00 00 00 00 11 00
  can0  2C6   [8]  00 00 00 00 00 00 00 D0
  can0  0B4   [8]  00 00 00 00 00 00 00 BC
  can0  223   [8]  00 00 00 00 00 00 00 2D
  can0  3B7   [8]  00 00 00 00 00 00 00 00
  can0  260   [8]  08 FF F4 00 00 00 00 65
  can0  2D5   [2]  00 00
  can0  0B0   [6]  00 00 00 00 11 01
  can0  0B2   [6]  00 00 00 00 11 01
  can0  224   [8]  00 00 00 00 00 00 00 00
  can0  2C1   [8]  08 03 32 02 EF D9 00 D2
  can0  262   [5]  20 00 00 00 89
  can0  0B4   [8]  00 00 00 00 00 00 00 BC
  can0  0BA   [4]  05 FF 00 C2
  can0  232   [4]  03 03 08 46
  can0  3A0   [8]  00 00 00 00 00 00 00 00
  can0  2C4   [8]  06 06 00 1A 40 80 40 F4
  can0  0B0   [6]  00 00 00 00 11 02
  can0  0B2   [6]  00 00 00 00 11 02
  can0  2D0   [8]  0B CF 09 00 B0 9C 00 09
  can0  260   [8]  08 FF F5 00 00 00 00 66
  can0  0B4   [8]  00 00 00 00 00 00 00 BC
  can0  223   [8]  00 00 00 00 00 00 00 2D
  can0  2D5   [2]  00 00
  can0  2C6   [8]  00 00 00 00 00 00 00 D0
  can0  2C5   [4]  00 05 C0 90
  can0  0B0   [6]  00 00 00 00 11 03
  can0  0B2   [6]  00 00 00 00 11 03
  can0  224   [8]  00 00 00 00 00 00 00 00
  can0  262   [5]  20 00 00 00 89
  can0  0B4   [8]  00 00 00 00 00 00 00 BC
  can0  0BA   [4]  05 FF 00 C2
  can0  232   [4]  03 03 08 46
  can0  2C1   [8]  08 02 FF 02 F3 D7 00 A0
  can0  2C4   [8]  06 0C 00 1A 40 80 40 FA
  can0  260   [8]  08 FF F5 00 00 00 00 66
  can0  38A   [5]  08 04 00 00 00
  can0  0B0   [6]  00 00 00 00 11 04
  can0  0B2   [6]  00 00 00 00 11 04
  can0  442   [8]  40 02 00 00 02 00 00 00
  can0  7DF   [8]  02 01 2F 00 00 00 00 00
  can0  2D5   [2]  00 00
  can0  0B4   [8]  00 00 00 00 00 00 00 BC
  can0  223   [8]  00 00 00 00 00 00 00 2D
  can0  2D0   [8]  0B CE 09 00 B0 9C 00 08
  can0  262   [5]  20 00 00 00 89
  can0  0B0   [6]  00 00 00 00 11 05
  can0  0B2   [6]  00 00 00 00 11 05
  can0  224   [8]  00 00 00 00 00 00 00 00
  can0  620   [8]  10 00 00 00 30 40 00 50
  can0  2C6   [8]  00 00 00 00 00 00 00 D0
  can0  0B4   [8]  00 00 00 00 00 00 00 BC
  can0  0BA   [4]  05 FD 00 C0
  can0  232   [4]  03 03 08 46
  can0  260   [8]  08 FF F5 00 00 00 00 66
  can0  2C4   [8]  06 0E 00 1A 40 80 40 FC
  can0  0B0   [6]  00 00 00 00 11 06
  can0  0B2   [6]  00 00 00 00 11 06
  can0  262   [5]  20 00 00 00 89
  can0  2C1   [8]  08 02 FB 02 F0 D7 00 99
  can0  2D5   [2]  00 00
  can0  0B4   [8]  00 00 00 00 00 00 00 BC
  can0  223   [8]  00 00 00 00 00 00 00 2D
  can0  2C5   [4]  00 05 C0 90
  can0  0B0   [6]  00 00 00 00 11 07
  can0  0B2   [6]  00 00 00 00 11 07
  can0  224   [8]  00 00 00 00 00 00 00 00
  can0  260   [8]  08 FF F4 00 00 00 00 65
  can0  2D0   [8]  0B D3 09 00 B0 9C 00 0D
  can0  0B4   [8]  00 00 00 00 00 00 00 BC
  can0  0BA   [4]  05 FF 00 C2
  can0  232   [4]  03 03 08 46
  can0  2C4   [8]  06 08 00 1A 40 80 40 F6
  can0  2C6   [8]  00 00 00 00 00 00 00 D0
  can0  262   [5]  20 00 00 00 89
  can0  0B0   [6]  00 00 00 00 11 08
  can0  0B2   [6]  00 00 00 00 11 08
  can0  2D5   [2]  00 00
  can0  0B4   [8]  00 00 00 00 00 00 00 BC
  can0  223   [8]  00 00 00 00 00 00 00 2D
  can0  260   [8]  08 FF F3 00 00 00 00 64
  can0  2C1   [8]  08 02 FC 02 EC D7 00 96
  can0  0B0   [6]  00 00 00 00 11 09
  can0  0B2   [6]  00 00 00 00 11 09
  can0  224   [8]  00 00 00 00 00 00 00 00
